fileIdentifier,local_path,source,fileType,license,sha256
https://sketchfab.com/3d-models/d70d196ef78c429a83883f0a176fbc68,/workspace/data/objaverse_xl/hf-objaverse-v1/glbs/000-143/d70d196ef78c429a83883f0a176fbc68.glb,sketchfab,glb,Creative Commons - Attribution,ff8356d6c48f8a38bb4a82439bd65400cb965d96f268b52e78b00585ecb1e626
https://sketchfab.com/3d-models/221e35d143ae4bf3ab78d26f891cb148,/workspace/data/objaverse_xl/hf-objaverse-v1/glbs/000-105/221e35d143ae4bf3ab78d26f891cb148.glb,sketchfab,glb,Creative Commons - Attribution,d9aa8ef3a905b028fe6fd20aaf7ca132e6a796ef2cac8032506519670c8427a3
https://sketchfab.com/3d-models/2d78a535622c4b6bb35745cc934a1a79,/workspace/data/objaverse_xl/hf-objaverse-v1/glbs/000-032/2d78a535622c4b6bb35745cc934a1a79.glb,sketchfab,glb,Creative Commons - Attribution,6f6fbe8232df9e10c5579c2f395f802598d0c9da453f7641758176e534fa6063
https://sketchfab.com/3d-models/ce708933c4654229aff6a049df00b100,/workspace/data/objaverse_xl/hf-objaverse-v1/glbs/000-011/ce708933c4654229aff6a049df00b100.glb,sketchfab,glb,Creative Commons - Attribution,a03935d938637c053f063370203f77b6da1a238d7a9fcfd8c85addd4e11453c0
https://sketchfab.com/3d-models/a60d4a65b5074b69911642a0fda01803,/workspace/data/objaverse_xl/hf-objaverse-v1/glbs/000-049/a60d4a65b5074b69911642a0fda01803.glb,sketchfab,glb,Creative Commons - Attribution,a24152a939f5864854aa39c8c1eb28974493f0b8601886b932b76df8bce4a506
https://sketchfab.com/3d-models/d0ac2e311b4843a8a3a03c615dc2f490,/workspace/data/objaverse_xl/hf-objaverse-v1/glbs/000-141/d0ac2e311b4843a8a3a03c615dc2f490.glb,sketchfab,glb,Creative Commons - Attribution,896efdafb1a6a6ccb211308222d093c3a892dc5bea6cf0f47183a28b91e7d2dd
https://sketchfab.com/3d-models/93df9bab219f4aeea2d0c41531f6c0d1,/workspace/data/objaverse_xl/hf-objaverse-v1/glbs/000-121/93df9bab219f4aeea2d0c41531f6c0d1.glb,sketchfab,glb,Creative Commons - Attribution,362f50f7bb9cbd2567a50a3a41f9330147a72d0130891c9253543ba6a1029190
https://sketchfab.com/3d-models/eb648cb34116438d8e8e68f36ba17b19,/workspace/data/objaverse_xl/hf-objaverse-v1/glbs/000-101/eb648cb34116438d8e8e68f36ba17b19.glb,sketchfab,glb,Creative Commons - Attribution,53d482fcd3fbc579df096563cf21f1142611a8613bc5bd5143bcabcfc339cc49
https://sketchfab.com/3d-models/e9eaf1058fb1464f8c0e121e1ec86f7b,/workspace/data/objaverse_xl/hf-objaverse-v1/glbs/000-104/e9eaf1058fb1464f8c0e121e1ec86f7b.glb,sketchfab,glb,Creative Commons - Attribution,04221fd5d25933b3da82f803c1c1246de92702acbe9cb46bccf3ff4f433946f2
https://sketchfab.com/3d-models/aa1fff0aee424067b0ed20e2b168d435,/workspace/data/objaverse_xl/hf-objaverse-v1/glbs/000-121/aa1fff0aee424067b0ed20e2b168d435.glb,sketchfab,glb,Creative Commons - Attribution,b50a368cf1e53cf24061bac7c8d6c1801a924e51a41cabe113dfd7e3bfb90cf8
https://sketchfab.com/3d-models/ead0f8003cc64a59af36d8374414986e,/workspace/data/objaverse_xl/hf-objaverse-v1/glbs/000-037/ead0f8003cc64a59af36d8374414986e.glb,sketchfab,glb,Creative Commons - Attribution - Share Alike,888e249a47bebd2810c163979c92f3a66f7b90aaeda49a5554b6f376de1e20c1
https://sketchfab.com/3d-models/c84331cb8e424eeda5472c87a0f6cf4c,/workspace/data/objaverse_xl/hf-objaverse-v1/glbs/000-115/c84331cb8e424eeda5472c87a0f6cf4c.glb,sketchfab,glb,Creative Commons - Attribution,ab8d5c94d07ee959ec9ddb36dc171e9e8a727c028b30dbdd53459102545c30f9
https://sketchfab.com/3d-models/0a9cf5a2638f4a59be2d6e5a0d89c1f6,/workspace/data/objaverse_xl/hf-objaverse-v1/glbs/000-048/0a9cf5a2638f4a59be2d6e5a0d89c1f6.glb,sketchfab,glb,Creative Commons - Attribution,bbd709de24bf12ab4c63ca3d796bd4421da06d8795238772a1e314fe38f89b6b
https://sketchfab.com/3d-models/4b9b393636694f0b9c8143cac9ea27d1,/workspace/data/objaverse_xl/hf-objaverse-v1/glbs/000-075/4b9b393636694f0b9c8143cac9ea27d1.glb,sketchfab,glb,Creative Commons - Attribution,e0884751bc2b80fa497e7e51b47b17091d9755a9b0f41b8aeb72dc9b50fdacd4
https://sketchfab.com/3d-models/f7d115c0581d49fb8dd216a931f91d6f,/workspace/data/objaverse_xl/hf-objaverse-v1/glbs/000-013/f7d115c0581d49fb8dd216a931f91d6f.glb,sketchfab,glb,Creative Commons - Attribution,03a1abafe3bdb707987380fa3c4e77bfa317ec4a7d4b80df8cfc5ac18454d6d5
https://sketchfab.com/3d-models/afeb0780c1344fb997c1608f24a9ed24,/workspace/data/objaverse_xl/hf-objaverse-v1/glbs/000-133/afeb0780c1344fb997c1608f24a9ed24.glb,sketchfab,glb,Creative Commons - Attribution,1d70fd680c51a90f7caa12abaed422a19f57fd20a3ad5bd3cda7e052675baba5
https://sketchfab.com/3d-models/a13858a822a24364813db2206e4dfc20,/workspace/data/objaverse_xl/hf-objaverse-v1/glbs/000-061/a13858a822a24364813db2206e4dfc20.glb,sketchfab,glb,Creative Commons - Attribution,6e57055a7eef488d5cd88d9db961ac7504d0d10159dfbc3b8761303219c582da
https://sketchfab.com/3d-models/dc212b442f5f4c23874a123716306acd,/workspace/data/objaverse_xl/hf-objaverse-v1/glbs/000-045/dc212b442f5f4c23874a123716306acd.glb,sketchfab,glb,Creative Commons - Attribution,43af701dc42aa50736f83baf82f4ceb5e2343bac1c024191d6cc4717cd92ff9c
https://sketchfab.com/3d-models/8a550282c08149bca7df4e7bbec6577d,/workspace/data/objaverse_xl/hf-objaverse-v1/glbs/000-154/8a550282c08149bca7df4e7bbec6577d.glb,sketchfab,glb,Creative Commons - Attribution,669adca3e194792555db8bc8962ebfca5a025b691b592dadbddf508a3e67bae4
https://sketchfab.com/3d-models/fbeb7c776372466daffa619106e0b2e0,/workspace/data/objaverse_xl/hf-objaverse-v1/glbs/000-070/fbeb7c776372466daffa619106e0b2e0.glb,sketchfab,glb,Creative Commons - Attribution,acf9b9517b5d081281517f49d9e52501168b602c5917150c62a834d54b5abc9c
https://sketchfab.com/3d-models/205403c1b4044dbeb27aa27150474db1,/workspace/data/objaverse_xl/hf-objaverse-v1/glbs/000-111/205403c1b4044dbeb27aa27150474db1.glb,sketchfab,glb,Creative Commons - Attribution,c3cceee763f30b5341a43b751a1dddfeb4228f3e5d89ab8baa1ee4ba6be86d30
https://sketchfab.com/3d-models/e2010011a9574210becf909968db4166,/workspace/data/objaverse_xl/hf-objaverse-v1/glbs/000-043/e2010011a9574210becf909968db4166.glb,sketchfab,glb,Creative Commons - Attribution,d844c939d00f24c1bcb5bb8490c35419031f143951b849aa132e5589c67bb201
https://sketchfab.com/3d-models/2f0b1af5f08e4f33a048a85efccf9013,/workspace/data/objaverse_xl/hf-objaverse-v1/glbs/000-116/2f0b1af5f08e4f33a048a85efccf9013.glb,sketchfab,glb,Creative Commons - Attribution,970ae6caaa2ff1e7edff38827b574f8f79e0b1bcdcf3e5f3bdad842f2c26be02
https://sketchfab.com/3d-models/1ab7279669fa44be8e74e6c75a64819b,/workspace/data/objaverse_xl/hf-objaverse-v1/glbs/000-019/1ab7279669fa44be8e74e6c75a64819b.glb,sketchfab,glb,Creative Commons - Attribution,1e47dab88089d46811f4935e7aae20eadcd1003175405d2b7de2af0003c86a62
https://sketchfab.com/3d-models/393a5797205047d9bcd32fc7b4680d6b,/workspace/data/objaverse_xl/hf-objaverse-v1/glbs/000-036/393a5797205047d9bcd32fc7b4680d6b.glb,sketchfab,glb,Creative Commons - Attribution,7f4002a61a3173ee75a97aaa5dedf4717bc14395aea85e644f126c2c091fd85d
https://sketchfab.com/3d-models/524ff6162aaa4d8f82bac1bdb9e2f584,/workspace/data/objaverse_xl/hf-objaverse-v1/glbs/000-009/524ff6162aaa4d8f82bac1bdb9e2f584.glb,sketchfab,glb,Creative Commons - Attribution,c985d611dfc93675a774d6c0901de38c944968dfe4cf8c5d0c18b1873fd081aa
https://sketchfab.com/3d-models/4bca5998f061478ab9f0275808babbe2,/workspace/data/objaverse_xl/hf-objaverse-v1/glbs/000-149/4bca5998f061478ab9f0275808babbe2.glb,sketchfab,glb,Creative Commons - Attribution,27200e44dfcf7e3216ab7a81d457ddc06e5147e75325eb355a44a5800ebe4095
https://sketchfab.com/3d-models/9aeda1c44f9945a280678f63bf9e09b2,/workspace/data/objaverse_xl/hf-objaverse-v1/glbs/000-098/9aeda1c44f9945a280678f63bf9e09b2.glb,sketchfab,glb,Creative Commons - Attribution - Non-Commercial - Share Alike,d1192f8a9c6d56f66478cd338eb5f8e22714708ab619948345fb5c40b5cc4b85
https://sketchfab.com/3d-models/8aa2965f2d1b473eb36475a288eff134,/workspace/data/objaverse_xl/hf-objaverse-v1/glbs/000-148/8aa2965f2d1b473eb36475a288eff134.glb,sketchfab,glb,Creative Commons - Attribution,0c6bd90183368f22da5423ec5bd10d0fdc2a1ea362eb6de74abdcda5a53250bb
https://sketchfab.com/3d-models/740e02e5fed544359d18015f1ab7adce,/workspace/data/objaverse_xl/hf-objaverse-v1/glbs/000-007/740e02e5fed544359d18015f1ab7adce.glb,sketchfab,glb,Creative Commons - Attribution,d7dedd6e8c36db65f876969bee677c42ebddc2b78d45d505f68d66a19bd5390e
https://sketchfab.com/3d-models/2ff4449962264927b5d671fdafa9b77f,/workspace/data/objaverse_xl/hf-objaverse-v1/glbs/000-152/2ff4449962264927b5d671fdafa9b77f.glb,sketchfab,glb,Creative Commons - Attribution,6d787fa4b0504bc5d23096bd813299d272af38ae43d9914159229f2b3e6bad23
https://sketchfab.com/3d-models/51e55396ab0947c48d5daefa42435979,/workspace/data/objaverse_xl/hf-objaverse-v1/glbs/000-107/51e55396ab0947c48d5daefa42435979.glb,sketchfab,glb,Creative Commons - Attribution,2d0a1cfb22a553616271ecacfb830b1678368fb29d0e18107d1bd9d813447626
https://sketchfab.com/3d-models/568e3da93bb3487f99e9c182c1a512f8,/workspace/data/objaverse_xl/hf-objaverse-v1/glbs/000-063/568e3da93bb3487f99e9c182c1a512f8.glb,sketchfab,glb,Creative Commons - Attribution,c680507b3923ec7097aacad6bbd252a901f9e08d1a0549c4cfaccc3b637abbdc
https://sketchfab.com/3d-models/9c24c4cf935b43c09d3970fe89b836f9,/workspace/data/objaverse_xl/hf-objaverse-v1/glbs/000-110/9c24c4cf935b43c09d3970fe89b836f9.glb,sketchfab,glb,Creative Commons - Attribution,a86926be5e0795f0b6cff73f3f885448521cc326b8d7cef3175f6d3776b6c81a
https://sketchfab.com/3d-models/8e23faaf3ea8404092947061005ef670,/workspace/data/objaverse_xl/hf-objaverse-v1/glbs/000-002/8e23faaf3ea8404092947061005ef670.glb,sketchfab,glb,Creative Commons - Attribution,a3a2cda1b9d4762519db706a492cbc5e1f44b03b97f8301364149c387c2a467d
https://sketchfab.com/3d-models/4a302f1a03a44dbbbf97aece2b5150fb,/workspace/data/objaverse_xl/hf-objaverse-v1/glbs/000-008/4a302f1a03a44dbbbf97aece2b5150fb.glb,sketchfab,glb,Creative Commons - Attribution,9169ed8df0d06276ff24f31fb5d209203f78cbe07505e48c74d6d3ad11c6856f
https://sketchfab.com/3d-models/4006c558283b4b87b548c095ee89bf10,/workspace/data/objaverse_xl/hf-objaverse-v1/glbs/000-040/4006c558283b4b87b548c095ee89bf10.glb,sketchfab,glb,Creative Commons - Attribution,9cea15831ca4f54ae3b67a804e01ab95df9cdb30f073576debc4025a0137044f
https://sketchfab.com/3d-models/409fb7f656844ff689692f7e66b2504d,/workspace/data/objaverse_xl/hf-objaverse-v1/glbs/000-040/409fb7f656844ff689692f7e66b2504d.glb,sketchfab,glb,Creative Commons - Attribution,abd8b72dc1b67a189d19966129a691da1c6073b17db851a5981c7a87c948b7bf
https://sketchfab.com/3d-models/e2a91a9df4e9453ca19cba69626ba0e3,/workspace/data/objaverse_xl/hf-objaverse-v1/glbs/000-112/e2a91a9df4e9453ca19cba69626ba0e3.glb,sketchfab,glb,Creative Commons - Attribution,662bb9dd5e822b79524d80b1a67d2697a538774ddde1654ff63a3667e607315b
https://sketchfab.com/3d-models/351b07dbb4d640f281c6b51288050aa3,/workspace/data/objaverse_xl/hf-objaverse-v1/glbs/000-063/351b07dbb4d640f281c6b51288050aa3.glb,sketchfab,glb,Creative Commons - Attribution,0fa180c96da1ef20c6ca1acf00cb6f18b5e15869cd3081e240ae5e50e34780ae
https://sketchfab.com/3d-models/5b1fd318dab141b7b4a868a14d9bb5aa,/workspace/data/objaverse_xl/hf-objaverse-v1/glbs/000-062/5b1fd318dab141b7b4a868a14d9bb5aa.glb,sketchfab,glb,Creative Commons - Attribution,3b83fb28176ad3f0c528287d22495e3672e9fb9ab7b8c2f4cf7084cd09fcf727
https://sketchfab.com/3d-models/c82eb2f1cf8d400a82a8ed7a9580cb9a,/workspace/data/objaverse_xl/hf-objaverse-v1/glbs/000-031/c82eb2f1cf8d400a82a8ed7a9580cb9a.glb,sketchfab,glb,Creative Commons - Attribution,09d9d9e599d69b5fe049118e886dd17a74b915c78a450b346529275c9555ba87
https://sketchfab.com/3d-models/05a4517d6cbd4f1ea228ec10c59fdf8c,/workspace/data/objaverse_xl/hf-objaverse-v1/glbs/000-149/05a4517d6cbd4f1ea228ec10c59fdf8c.glb,sketchfab,glb,Creative Commons - Attribution,d9b05e0996badff3e0bfed133658cf3b13f95afccb9b63371ea22cc0cf9e58a1
https://sketchfab.com/3d-models/f0314a28f9d24822bcf367b1a1a60a6a,/workspace/data/objaverse_xl/hf-objaverse-v1/glbs/000-120/f0314a28f9d24822bcf367b1a1a60a6a.glb,sketchfab,glb,Creative Commons - Attribution,0918c3f6378dbaf53f53e641621a635bfcef9b4163e88302d1ee2a313590d973
https://sketchfab.com/3d-models/e319a5064f2345849341582409c4954e,/workspace/data/objaverse_xl/hf-objaverse-v1/glbs/000-095/e319a5064f2345849341582409c4954e.glb,sketchfab,glb,Creative Commons - Attribution,a5ace422b5208e35ef5b9297971770bec9c5c6fad5b216bb8254c36c90d6707e
https://sketchfab.com/3d-models/eea10af609a2469787bf25fb9875d575,/workspace/data/objaverse_xl/hf-objaverse-v1/glbs/000-126/eea10af609a2469787bf25fb9875d575.glb,sketchfab,glb,Creative Commons - Attribution,a8101e710dcc65f4c68884c8ec78507d4ff54145cd25339ff84e53b5dd4c7d84
https://sketchfab.com/3d-models/b1b9fbcbbd0f4310911e1c20ab039aa4,/workspace/data/objaverse_xl/hf-objaverse-v1/glbs/000-010/b1b9fbcbbd0f4310911e1c20ab039aa4.glb,sketchfab,glb,Creative Commons - Attribution,032af57f4b83955f0f2769042f9276c7bf9f9e16db562d88cbfc56f8c3ed9db4
https://sketchfab.com/3d-models/b1f928553f57442a984d2fdb7238686b,/workspace/data/objaverse_xl/hf-objaverse-v1/glbs/000-048/b1f928553f57442a984d2fdb7238686b.glb,sketchfab,glb,Creative Commons - Attribution,0aa6d449cda950974f3c06157e237c4b3323f0a765766e8376d9f905238ccc76
https://sketchfab.com/3d-models/d04c81790460429299cdb9d2cce08cf6,/workspace/data/objaverse_xl/hf-objaverse-v1/glbs/000-016/d04c81790460429299cdb9d2cce08cf6.glb,sketchfab,glb,Creative Commons - Attribution,097436698168459e216cb59eb2e66a0a4761a62a589c22fb35c040204d808a5d
https://sketchfab.com/3d-models/284753c433144278b333b617615d6b3a,/workspace/data/objaverse_xl/hf-objaverse-v1/glbs/000-102/284753c433144278b333b617615d6b3a.glb,sketchfab,glb,Creative Commons - Attribution,cd6db305978584de92b8190e759a13949f8548fe5e2a25b898465f34f50368fb
https://sketchfab.com/3d-models/7a9c912929674ef88ed18de3575a0903,/workspace/data/objaverse_xl/hf-objaverse-v1/glbs/000-088/7a9c912929674ef88ed18de3575a0903.glb,sketchfab,glb,Creative Commons - Attribution,079e34396897446e5e64ed9e01fff9ef115078370a9fcc5aeb0b0be8c7b99294
https://sketchfab.com/3d-models/e35b1b898dc54d87af212944bdac51f8,/workspace/data/objaverse_xl/hf-objaverse-v1/glbs/000-109/e35b1b898dc54d87af212944bdac51f8.glb,sketchfab,glb,Creative Commons - Attribution,c1624c033fb6f871242657269d95fa830ef397a972a459b275222f385f713769
https://sketchfab.com/3d-models/df834b463a8e40cda102359d003bdc70,/workspace/data/objaverse_xl/hf-objaverse-v1/glbs/000-134/df834b463a8e40cda102359d003bdc70.glb,sketchfab,glb,Creative Commons - Attribution,570c9de7793e2302054eeae1035433ce270db5178b6426581d5f0f7f2a7cc3cc
https://sketchfab.com/3d-models/11268218771e4950a133990edb1f36e0,/workspace/data/objaverse_xl/hf-objaverse-v1/glbs/000-126/11268218771e4950a133990edb1f36e0.glb,sketchfab,glb,Creative Commons - Attribution,a7afab7efd4650efaa8dccfab9784ba482a350d2d590084c3ce4f759d1e5985b
https://sketchfab.com/3d-models/0a7e0ae8315f4fa1b4444b34a947f746,/workspace/data/objaverse_xl/hf-objaverse-v1/glbs/000-151/0a7e0ae8315f4fa1b4444b34a947f746.glb,sketchfab,glb,Creative Commons - Attribution,3845b64cb97d2d63853d3cacd346f62b57810c33c4c92b5d8d7e0eee0ca74c54
https://sketchfab.com/3d-models/340c33fca2c2450e9a9c25d5d7ab60bc,/workspace/data/objaverse_xl/hf-objaverse-v1/glbs/000-090/340c33fca2c2450e9a9c25d5d7ab60bc.glb,sketchfab,glb,Creative Commons - Attribution,78e7a8a59405ee5934b737294242cd295eae2bab81318803d1958972a948e47b
https://sketchfab.com/3d-models/2bb529bd1f1f42cf9cdfa8aff56b35f6,/workspace/data/objaverse_xl/hf-objaverse-v1/glbs/000-114/2bb529bd1f1f42cf9cdfa8aff56b35f6.glb,sketchfab,glb,Creative Commons Zero v1.0 Universal,4398ad7ab85454f7b55d4c043780c47992562ca33ab04ae35026baa3894fbe13
https://sketchfab.com/3d-models/d354d48e125c4ea38065d0bf3fd91463,/workspace/data/objaverse_xl/hf-objaverse-v1/glbs/000-128/d354d48e125c4ea38065d0bf3fd91463.glb,sketchfab,glb,Creative Commons - Attribution,0783b12691e72b67d7eff61e583c57dbdc25390ab4f81944bc2bebc19b9c9f42
https://sketchfab.com/3d-models/206c259eebf742e3a6c30de898b486e7,/workspace/data/objaverse_xl/hf-objaverse-v1/glbs/000-070/206c259eebf742e3a6c30de898b486e7.glb,sketchfab,glb,Creative Commons - Attribution,5c7e5bbe089b6b0185ad1ae95ca247b7879ef6f5f615f4196c3f25b0566672ae
https://sketchfab.com/3d-models/f8c228491d38492db2b84e1cae21fe40,/workspace/data/objaverse_xl/hf-objaverse-v1/glbs/000-095/f8c228491d38492db2b84e1cae21fe40.glb,sketchfab,glb,Creative Commons - Attribution,e7376be6d85e90831850c6bdba533bbc86fcc6b6e5073760412c1978438d5e3a
https://sketchfab.com/3d-models/53f976f3102d4a3cb8dec3eba0f87066,/workspace/data/objaverse_xl/hf-objaverse-v1/glbs/000-118/53f976f3102d4a3cb8dec3eba0f87066.glb,sketchfab,glb,Creative Commons - Attribution - Non-Commercial,e6095b313232ed24bb75ab5d2435c890d03472c2212fde60916e9528fc7e6a56
https://sketchfab.com/3d-models/cac4b91d5a464135ae5a63c6129bf6f8,/workspace/data/objaverse_xl/hf-objaverse-v1/glbs/000-115/cac4b91d5a464135ae5a63c6129bf6f8.glb,sketchfab,glb,Creative Commons - Attribution,355c97fff5f398fd01304e5ca4b8122fafe2aa773988efa5fbab8a4d451fdd5d
https://sketchfab.com/3d-models/6a01c9692dd14147a12ec164ed8c055f,/workspace/data/objaverse_xl/hf-objaverse-v1/glbs/000-070/6a01c9692dd14147a12ec164ed8c055f.glb,sketchfab,glb,Creative Commons - Attribution,71e58dbe959423fa6ecddd8f0d6fdcd109aee692fa054564991275b4e3b71627
https://sketchfab.com/3d-models/57d2a2811acb4c069050208b7fe34aeb,/workspace/data/objaverse_xl/hf-objaverse-v1/glbs/000-083/57d2a2811acb4c069050208b7fe34aeb.glb,sketchfab,glb,Creative Commons - Attribution,a24005e77a667f3d037a322cbd7b71a6274e1f0f812c733e46b0184fcd8f04c2
https://sketchfab.com/3d-models/d88d4ce81e20487689142f1b267a448a,/workspace/data/objaverse_xl/hf-objaverse-v1/glbs/000-025/d88d4ce81e20487689142f1b267a448a.glb,sketchfab,glb,Creative Commons - Attribution,945c1be42c18971194941e54c1c6853f2132ebc292b23da01a794550342a705a
https://sketchfab.com/3d-models/b921e0879e0645af8f472ee545b15f5b,/workspace/data/objaverse_xl/hf-objaverse-v1/glbs/000-137/b921e0879e0645af8f472ee545b15f5b.glb,sketchfab,glb,Creative Commons - Attribution,4bca31a7a48d9e857a39b41ee29694d3e1fddb161f311e0fd4a1e9997241b8e9
https://sketchfab.com/3d-models/f81b54b4c2d84eddbc94a3669a027437,/workspace/data/objaverse_xl/hf-objaverse-v1/glbs/000-082/f81b54b4c2d84eddbc94a3669a027437.glb,sketchfab,glb,Creative Commons - Attribution,8d80bba395657067197394260c3817a46d18130326aac173cd5c94a937339895
https://sketchfab.com/3d-models/95821dd93c7e4932bbe0e72dfc170066,/workspace/data/objaverse_xl/hf-objaverse-v1/glbs/000-089/95821dd93c7e4932bbe0e72dfc170066.glb,sketchfab,glb,Creative Commons - Attribution,27d6619f3db63cef970924b2496d751672535081d3c8183153c7f98b8cdf24cd
https://sketchfab.com/3d-models/0a6804a7d5134393bfa212892adc1e32,/workspace/data/objaverse_xl/hf-objaverse-v1/glbs/000-034/0a6804a7d5134393bfa212892adc1e32.glb,sketchfab,glb,Creative Commons - Attribution,a7e8078ab6bb197e91cc2884ce878df0146c92017fc7a09f9cf79bdf492a0db7
https://sketchfab.com/3d-models/5f60c9db87434f87bebdee00c4db504b,/workspace/data/objaverse_xl/hf-objaverse-v1/glbs/000-036/5f60c9db87434f87bebdee00c4db504b.glb,sketchfab,glb,Creative Commons - Attribution,79b93f2e49390d113e57212d0f07c52c1fb80f658c1f1740908fd896070a9cae
https://sketchfab.com/3d-models/f38453b3dfcf409eb230669ee1e449f4,/workspace/data/objaverse_xl/hf-objaverse-v1/glbs/000-050/f38453b3dfcf409eb230669ee1e449f4.glb,sketchfab,glb,Creative Commons - Attribution,d10372a0db0011af99c791be1bce0085e61a3c969993d53f7672c1c9b2822853
https://sketchfab.com/3d-models/d22d5f4ce2844f408e6770914d0b7ee9,/workspace/data/objaverse_xl/hf-objaverse-v1/glbs/000-038/d22d5f4ce2844f408e6770914d0b7ee9.glb,sketchfab,glb,Creative Commons - Attribution,7147ccc4985e29a9c5cd3b21c46c56a33a4e01e1eea97549b88c069e32572e37
https://sketchfab.com/3d-models/8b6b0204e8bb4c3899b3fe69c3c11e48,/workspace/data/objaverse_xl/hf-objaverse-v1/glbs/000-126/8b6b0204e8bb4c3899b3fe69c3c11e48.glb,sketchfab,glb,Creative Commons - Attribution,5ef00f4eb0b07fbf1542c92390a6555a65f7c3abbbfbb9bfc28d84155202a469
https://sketchfab.com/3d-models/4ad01987331449f7a0f69e5936be586b,/workspace/data/objaverse_xl/hf-objaverse-v1/glbs/000-039/4ad01987331449f7a0f69e5936be586b.glb,sketchfab,glb,Creative Commons - Attribution,222f8847807fec7f8a9037600b173f08768acd4cd78d2457301868a0107e6952
https://sketchfab.com/3d-models/521d539fa3e14aa18192719b46399606,/workspace/data/objaverse_xl/hf-objaverse-v1/glbs/000-137/521d539fa3e14aa18192719b46399606.glb,sketchfab,glb,Creative Commons - Attribution,66aadc1a37b577c7b33cd03a9b1e34d7ebf270f929af349a92df052e6279b491
https://sketchfab.com/3d-models/1f6007928f084e62ae5db521465ff207,/workspace/data/objaverse_xl/hf-objaverse-v1/glbs/000-031/1f6007928f084e62ae5db521465ff207.glb,sketchfab,glb,Creative Commons - Attribution,26888c2a19f98da3681667bff24f436ed370a68ae3c7d59f45fc5647271611ef
https://sketchfab.com/3d-models/a2de9d04dc07460fb6d554162afdccc5,/workspace/data/objaverse_xl/hf-objaverse-v1/glbs/000-034/a2de9d04dc07460fb6d554162afdccc5.glb,sketchfab,glb,Creative Commons - Attribution,c2d0a003b92b28bbc6ed810ce46cb9419a797627da5fa65a2cabc111db71f2f0
https://sketchfab.com/3d-models/4ec635aecd13479898ec7153231c4b11,/workspace/data/objaverse_xl/hf-objaverse-v1/glbs/000-153/4ec635aecd13479898ec7153231c4b11.glb,sketchfab,glb,Creative Commons - Attribution,32e3c36e630ee44fd571e90a5c124966679381bd3d9b9a1e36bfc5d8e0fd10ac
https://sketchfab.com/3d-models/5b2a9f09fe054d9d96c875f79de1f893,/workspace/data/objaverse_xl/hf-objaverse-v1/glbs/000-100/5b2a9f09fe054d9d96c875f79de1f893.glb,sketchfab,glb,Creative Commons - Attribution,b3456f7d0617b3e27fe41fc4fcd9993cc6ca5c24ef970e28ef4d2c6b7d6d3de8
https://sketchfab.com/3d-models/5da81f5d56c944bc86033b50669b2a2d,/workspace/data/objaverse_xl/hf-objaverse-v1/glbs/000-017/5da81f5d56c944bc86033b50669b2a2d.glb,sketchfab,glb,Creative Commons - Attribution - Non-Commercial - Share Alike,ba8ea72f3ed19fcb6391d824856f9c93971c8e78afb447b44502cccb981b840d
https://sketchfab.com/3d-models/4681e5e7090d454a8a6e780157cda490,/workspace/data/objaverse_xl/hf-objaverse-v1/glbs/000-085/4681e5e7090d454a8a6e780157cda490.glb,sketchfab,glb,Creative Commons - Attribution,3fc621635f62a00f8a3a747e790f5f957bbeb0a97ef44669886cd3c649ef4abd
https://sketchfab.com/3d-models/28f13a441e41462e91202cbbd597ea0d,/workspace/data/objaverse_xl/hf-objaverse-v1/glbs/000-075/28f13a441e41462e91202cbbd597ea0d.glb,sketchfab,glb,Creative Commons - Attribution - Share Alike,6f760dec3012b08c97d35d66cdf8a77170e3195f40acbcc9d7ab1e88f7c530a9
https://sketchfab.com/3d-models/c5af7732f62c43bda9789f21fa9e6ec0,/workspace/data/objaverse_xl/hf-objaverse-v1/glbs/000-061/c5af7732f62c43bda9789f21fa9e6ec0.glb,sketchfab,glb,Creative Commons - Attribution,71242eccfa53a8071efa09277b53ee5941b89553a6945041a5358884d04ba378
https://sketchfab.com/3d-models/7e4eed0ca7414247b98709df0b1063a8,/workspace/data/objaverse_xl/hf-objaverse-v1/glbs/000-033/7e4eed0ca7414247b98709df0b1063a8.glb,sketchfab,glb,Creative Commons - Attribution,19c54f4ef4bf43607f8aeac315efdec199667710af9840e8338a4de957bd6d60
https://sketchfab.com/3d-models/ff9f30e200764a1fa73a435eef60d6ad,/workspace/data/objaverse_xl/hf-objaverse-v1/glbs/000-051/ff9f30e200764a1fa73a435eef60d6ad.glb,sketchfab,glb,Creative Commons - Attribution,3f277c7064a6d2abab5942e8b8c226e26df89664da86eeca481e9d32b8646c8c
https://sketchfab.com/3d-models/e96d4c3838ae416f8d909c30f59eb9b5,/workspace/data/objaverse_xl/hf-objaverse-v1/glbs/000-055/e96d4c3838ae416f8d909c30f59eb9b5.glb,sketchfab,glb,Creative Commons - Attribution,ad6107a2f0a7b6468887ea1bbba66273a2cb05de50da85a6286163b03bbb37c0
https://sketchfab.com/3d-models/ed414d3edb6b4923b0d1432a179a4ad0,/workspace/data/objaverse_xl/hf-objaverse-v1/glbs/000-137/ed414d3edb6b4923b0d1432a179a4ad0.glb,sketchfab,glb,Creative Commons - Attribution,0926b7f86110543f567b561bf4edcfdfb6f2f0c51722ac6ad55b02559167b2cc
https://sketchfab.com/3d-models/269418a554c648c995f444f12b408082,/workspace/data/objaverse_xl/hf-objaverse-v1/glbs/000-012/269418a554c648c995f444f12b408082.glb,sketchfab,glb,Creative Commons - Attribution,1de01f64ee76561af1237ed2b948e84cfa5771aa1add7a1da20b83f617cef8f1
https://sketchfab.com/3d-models/e0ed1daf0bdb479fa4d8c4ab355b4c6d,/workspace/data/objaverse_xl/hf-objaverse-v1/glbs/000-143/e0ed1daf0bdb479fa4d8c4ab355b4c6d.glb,sketchfab,glb,Creative Commons - Attribution,a5aa77411a59f959545cb3b16540334eefa28b084e6378878842320e42f2cd99
https://sketchfab.com/3d-models/a3d03c470d7841b9a940ba1533103448,/workspace/data/objaverse_xl/hf-objaverse-v1/glbs/000-053/a3d03c470d7841b9a940ba1533103448.glb,sketchfab,glb,Creative Commons - Attribution,160bcea889b82f9f38519d5831a700a96d9bea08f69bbf5933ab4a3c54e439ba
https://sketchfab.com/3d-models/7fd4b6e33d054d0895dd6d76838ddcff,/workspace/data/objaverse_xl/hf-objaverse-v1/glbs/000-013/7fd4b6e33d054d0895dd6d76838ddcff.glb,sketchfab,glb,Creative Commons - Attribution,16d813f138f11518ca86ff6bee9475df7cf0149cf0c6e10995b3399ebde53fcd
https://sketchfab.com/3d-models/6e833503504940cc9a236072db5398ea,/workspace/data/objaverse_xl/hf-objaverse-v1/glbs/000-011/6e833503504940cc9a236072db5398ea.glb,sketchfab,glb,Creative Commons - Attribution,0d530032f7a333a76929355093423a8e64eb3b9a71e91356620bb92e3f5a9372
https://sketchfab.com/3d-models/7bcad0c82b3641b2a15a4e0a949d1bd8,/workspace/data/objaverse_xl/hf-objaverse-v1/glbs/000-122/7bcad0c82b3641b2a15a4e0a949d1bd8.glb,sketchfab,glb,Creative Commons - Attribution,51e10ed8c2603ed423656b9d9eb805db3e581e887049ba544bbbc3b2dd1f1845
https://sketchfab.com/3d-models/eaf570c5dc5147679a35bc37dddd77e4,/workspace/data/objaverse_xl/hf-objaverse-v1/glbs/000-041/eaf570c5dc5147679a35bc37dddd77e4.glb,sketchfab,glb,Creative Commons - Attribution,793d901f335dbe82f32ea4aea464624bfec05377d9be68681536838efb0cb368
https://sketchfab.com/3d-models/2132c7ddf06c4522b4c8d93573271381,/workspace/data/objaverse_xl/hf-objaverse-v1/glbs/000-078/2132c7ddf06c4522b4c8d93573271381.glb,sketchfab,glb,Creative Commons - Attribution,93de8aba9286c99ac23c4c7a4bc042d7f86da328b66e9802cdac3c0d0ac0a19b
https://sketchfab.com/3d-models/6c9b0e1b2ae544958215581a019b95e6,/workspace/data/objaverse_xl/hf-objaverse-v1/glbs/000-016/6c9b0e1b2ae544958215581a019b95e6.glb,sketchfab,glb,Creative Commons - Attribution,16c5aa3ff989fe9f644f49030d796abbc536c746370b59b07dcfd459b232f08a
https://sketchfab.com/3d-models/7403ba48a1e84225b403b7be21a65e42,/workspace/data/objaverse_xl/hf-objaverse-v1/glbs/000-114/7403ba48a1e84225b403b7be21a65e42.glb,sketchfab,glb,Creative Commons - Attribution - Non-Commercial,63294288c0aa38ee3770a0bd25a54a963b275e998cc70bbfae7da581bbe1de70
https://sketchfab.com/3d-models/c66133f0de874469bedc4b403dabec39,/workspace/data/objaverse_xl/hf-objaverse-v1/glbs/000-060/c66133f0de874469bedc4b403dabec39.glb,sketchfab,glb,Creative Commons - Attribution,06b5ce05445c9f678c9b2fc8ce1151e7625c43b9bd62505554dbe325b709444c
https://sketchfab.com/3d-models/b91cf42cbd2d460bb3e4612e12c5742f,/workspace/data/objaverse_xl/hf-objaverse-v1/glbs/000-114/b91cf42cbd2d460bb3e4612e12c5742f.glb,sketchfab,glb,Creative Commons - Attribution,171f4f081777526d3d9a8c10f3b46ad244614a5a401dfbbf8030f36173e1e2df
https://sketchfab.com/3d-models/06b41e268e43440ba8fdca5469a3a36e,/workspace/data/objaverse_xl/hf-objaverse-v1/glbs/000-074/06b41e268e43440ba8fdca5469a3a36e.glb,sketchfab,glb,Creative Commons - Attribution,026469f5b2b246158c90078c9e505336fbd7034c7249c7447ebd1792512cd7e8
https://sketchfab.com/3d-models/33ba859ef4e849f5b8ec1d1e4715648b,/workspace/data/objaverse_xl/hf-objaverse-v1/glbs/000-055/33ba859ef4e849f5b8ec1d1e4715648b.glb,sketchfab,glb,Creative Commons - Attribution,659fbbb6df59718bd8232a137fef7ca5a0164abbd2416b6a1f1fb0a2bc2a0cb1
https://sketchfab.com/3d-models/007ab9e6f1c047b287bc0f09188de0c4,/workspace/data/objaverse_xl/hf-objaverse-v1/glbs/000-145/007ab9e6f1c047b287bc0f09188de0c4.glb,sketchfab,glb,Creative Commons - Attribution,4e41726df0b2eb46fa66be100b6c9389c2fb215fa87e17fc818cbea1d920c34d
https://sketchfab.com/3d-models/8156f45b018c4af2b7488ea36fb40b58,/workspace/data/objaverse_xl/hf-objaverse-v1/glbs/000-012/8156f45b018c4af2b7488ea36fb40b58.glb,sketchfab,glb,Creative Commons - Attribution - Share Alike,0533a5e25aab3ab9d957bbcd7e7fef0089886f6a44487b8900967858bdad2b51
https://sketchfab.com/3d-models/82edbd9f62d7419cbff4397a5e41f852,/workspace/data/objaverse_xl/hf-objaverse-v1/glbs/000-045/82edbd9f62d7419cbff4397a5e41f852.glb,sketchfab,glb,Creative Commons - Attribution,ccfcb0279105727103c8b7c853408b5413350bca3b021a2e2e77f9a8935fc7ce
https://sketchfab.com/3d-models/0624852e1d63480fa7194bcdf09ba941,/workspace/data/objaverse_xl/hf-objaverse-v1/glbs/000-098/0624852e1d63480fa7194bcdf09ba941.glb,sketchfab,glb,Creative Commons - Attribution,9116b78f9f8475638c79552674eb7677b865ae0368ed366bbda65767f75bddd0
https://sketchfab.com/3d-models/a1787b3306d440909c3eb3ac9392b995,/workspace/data/objaverse_xl/hf-objaverse-v1/glbs/000-050/a1787b3306d440909c3eb3ac9392b995.glb,sketchfab,glb,Creative Commons - Attribution - Non-Commercial - Share Alike,1d813ca89958f659d74742c40e16da7c1ff172e6864333a321cc521e74972525
https://sketchfab.com/3d-models/97672bf3d3cd458daffba901e1ff1f23,/workspace/data/objaverse_xl/hf-objaverse-v1/glbs/000-048/97672bf3d3cd458daffba901e1ff1f23.glb,sketchfab,glb,Creative Commons - Attribution,a02168b767e0c1da1f1bafa1807401ba4ecbfd395fea406aea7a34a456f74d73
https://sketchfab.com/3d-models/4b9542b8369e4742af1ef9aa3874c56d,/workspace/data/objaverse_xl/hf-objaverse-v1/glbs/000-011/4b9542b8369e4742af1ef9aa3874c56d.glb,sketchfab,glb,Creative Commons - Attribution,fa43b68eb02dbbe9e08f95d0b6986a7ec325086ddc0e2a2b60f61150c97575f6
https://sketchfab.com/3d-models/2406d2889ea446638ebdb41f1e078476,/workspace/data/objaverse_xl/hf-objaverse-v1/glbs/000-145/2406d2889ea446638ebdb41f1e078476.glb,sketchfab,glb,Creative Commons - Attribution,6596561adb3e592522676ce0bc4df055481456949dc2cdbf466369579f9e1752
https://sketchfab.com/3d-models/32900bac53a9411ea90882502136b032,/workspace/data/objaverse_xl/hf-objaverse-v1/glbs/000-094/32900bac53a9411ea90882502136b032.glb,sketchfab,glb,Creative Commons - Attribution,230296fead78eda7a8e484d715aa33297d850fae9aeb5398bd2806be27e41c4b
https://sketchfab.com/3d-models/898467a91fe747c48166dc047dcd91d4,/workspace/data/objaverse_xl/hf-objaverse-v1/glbs/000-139/898467a91fe747c48166dc047dcd91d4.glb,sketchfab,glb,Creative Commons - Attribution,ae493d1b0959ebce3b29633d55d2db49898b55cc41ab91b97a49dd3e8cbe8d75
https://sketchfab.com/3d-models/8a9c0ba8e5a944f1bb37ffd59056cf1c,/workspace/data/objaverse_xl/hf-objaverse-v1/glbs/000-127/8a9c0ba8e5a944f1bb37ffd59056cf1c.glb,sketchfab,glb,Creative Commons - Attribution,711e655418bef72b987b61e3fd1c980499772bc513a9bb2a940b5f14e443fe95
https://sketchfab.com/3d-models/93ee90d457854318bacae9fd0be9a1c4,/workspace/data/objaverse_xl/hf-objaverse-v1/glbs/000-004/93ee90d457854318bacae9fd0be9a1c4.glb,sketchfab,glb,Creative Commons - Attribution,d1f62f58390735d2765d372add8361b8e5cf3e7e0ff5f26115d4e47e072e142e
https://sketchfab.com/3d-models/e0df107e15d64496a52f6377d86b33eb,/workspace/data/objaverse_xl/hf-objaverse-v1/glbs/000-039/e0df107e15d64496a52f6377d86b33eb.glb,sketchfab,glb,Creative Commons - Attribution - Non-Commercial,3213b2a6bf2757246b8eb4fccaa5fad2dd023d1726fcada13f9403da008a0926
https://sketchfab.com/3d-models/b758c5de95ab4d7a9f693b87a896404a,/workspace/data/objaverse_xl/hf-objaverse-v1/glbs/000-071/b758c5de95ab4d7a9f693b87a896404a.glb,sketchfab,glb,Creative Commons - Attribution,0e1e89949f4721187d3ad816ac6e73530503ba9b3ca289d62d5c1ee77c34ef40
https://sketchfab.com/3d-models/afed8e0425da4e02a454cc4a371695e4,/workspace/data/objaverse_xl/hf-objaverse-v1/glbs/000-104/afed8e0425da4e02a454cc4a371695e4.glb,sketchfab,glb,Creative Commons - Attribution,27d35440b8eb4260fd0307612af253c561c7f14b157d2663cdf8e1280dd0033a
https://sketchfab.com/3d-models/3073c953606f41e2ac338c0100b20f2b,/workspace/data/objaverse_xl/hf-objaverse-v1/glbs/000-140/3073c953606f41e2ac338c0100b20f2b.glb,sketchfab,glb,Creative Commons - Attribution,14037b6bc161c2b845d15bef7e74bc889e4e77da50bb90d242bef8ae226e5f13
https://sketchfab.com/3d-models/6a81d895cb194a99b4322a13a86c0bb4,/workspace/data/objaverse_xl/hf-objaverse-v1/glbs/000-112/6a81d895cb194a99b4322a13a86c0bb4.glb,sketchfab,glb,Creative Commons - Attribution,8d9c48ff127c53b3f55808c33b2b5437281bdac0b41cc51332e0f622ebd961c0
https://sketchfab.com/3d-models/7eec6839ec0242fc8fd5323696418641,/workspace/data/objaverse_xl/hf-objaverse-v1/glbs/000-056/7eec6839ec0242fc8fd5323696418641.glb,sketchfab,glb,Creative Commons - Attribution,19a553213313010196817b634f3af1f61c9a0194ea96208640eae5409ee0ed1a
https://sketchfab.com/3d-models/770854c0400c44fb9a029fabc62b89f3,/workspace/data/objaverse_xl/hf-objaverse-v1/glbs/000-146/770854c0400c44fb9a029fabc62b89f3.glb,sketchfab,glb,Creative Commons - Attribution,c693bbc8110cb69bd57fc82c8f4130bcfd7371344c5c634eca10038883e21033
https://sketchfab.com/3d-models/875954833b514a01a440d5c923c46260,/workspace/data/objaverse_xl/hf-objaverse-v1/glbs/000-102/875954833b514a01a440d5c923c46260.glb,sketchfab,glb,Creative Commons - Attribution,c944b80ca14817f82cf9ff6b54c5beeed5ad17da359a38eea66e349f6b682f41
https://sketchfab.com/3d-models/cc62ff6315c4470283d3d1c455668873,/workspace/data/objaverse_xl/hf-objaverse-v1/glbs/000-014/cc62ff6315c4470283d3d1c455668873.glb,sketchfab,glb,Creative Commons - Attribution,a5bd43d3d0566aecf85843539d4a3e8c95c96b0f70f015a7ca1655c7f604a098
https://sketchfab.com/3d-models/12853469d477492387f652b69834b1d1,/workspace/data/objaverse_xl/hf-objaverse-v1/glbs/000-043/12853469d477492387f652b69834b1d1.glb,sketchfab,glb,Creative Commons - Attribution,1cbc604760a155295f3ed0d5003c5012bbe672c4c1ed8411c1a0464dc6b2cf5c
https://sketchfab.com/3d-models/ac2105704ebf4a00833cf250cae8dc7a,/workspace/data/objaverse_xl/hf-objaverse-v1/glbs/000-130/ac2105704ebf4a00833cf250cae8dc7a.glb,sketchfab,glb,Creative Commons - Attribution,b63ecb5ff738f6a368b19dba0830bea5e3a42ae4cb4ccb3cd450a4f2a0b8bda8
https://sketchfab.com/3d-models/a91ded894e7445f9830a603a2395fc5d,/workspace/data/objaverse_xl/hf-objaverse-v1/glbs/000-110/a91ded894e7445f9830a603a2395fc5d.glb,sketchfab,glb,Creative Commons - Attribution,d57934ba922895e56c602abd57fc3cfe236c5505eff94ef7477a24cfa7c8923b
https://sketchfab.com/3d-models/9a745ebe3eb546ea8d668bc5a369ae77,/workspace/data/objaverse_xl/hf-objaverse-v1/glbs/000-033/9a745ebe3eb546ea8d668bc5a369ae77.glb,sketchfab,glb,Creative Commons - Attribution,c4b69b1b89f0744c02e127581286a63b9b2a1348e6a40866f09d95cdaa4e5b93
https://sketchfab.com/3d-models/34343cd2ad3f4047886e33381cb48c47,/workspace/data/objaverse_xl/hf-objaverse-v1/glbs/000-118/34343cd2ad3f4047886e33381cb48c47.glb,sketchfab,glb,Creative Commons - Attribution,f3f56adaab7584a7d80db9aaacecfbd9f21ae3b2d48742e62948b5a217a8a42b
https://sketchfab.com/3d-models/3fc08fd6544d4add8ce55f6c5e2bc872,/workspace/data/objaverse_xl/hf-objaverse-v1/glbs/000-117/3fc08fd6544d4add8ce55f6c5e2bc872.glb,sketchfab,glb,Creative Commons - Attribution - Non-Commercial - Share Alike,352e52006f86be10a030329fc3b313af36bc78829b4a800786e8f6b660978f0f
https://sketchfab.com/3d-models/0ac5dcf4bc64473ba7b825be33d414f1,/workspace/data/objaverse_xl/hf-objaverse-v1/glbs/000-145/0ac5dcf4bc64473ba7b825be33d414f1.glb,sketchfab,glb,Creative Commons - Attribution,ca1d02047b7affb9525b88c5a6cd8330b4a5041fb1bcb344374ccba3459a3ef1
https://sketchfab.com/3d-models/da22709f07124bfbae5b1ac883289b2f,/workspace/data/objaverse_xl/hf-objaverse-v1/glbs/000-124/da22709f07124bfbae5b1ac883289b2f.glb,sketchfab,glb,Creative Commons - Attribution,bb72cf2d1fff50ec99ef724e50c0f0ae1cb304df1cee9a662a93c3e476f3031c
https://sketchfab.com/3d-models/1ec8a7fd9478402087cde0b1e6c9c505,/workspace/data/objaverse_xl/hf-objaverse-v1/glbs/000-148/1ec8a7fd9478402087cde0b1e6c9c505.glb,sketchfab,glb,Creative Commons - Attribution,efba6b3fe6c042247258258d33252abf9c9115663887078bc1354d8e7105998d
https://sketchfab.com/3d-models/94ce081486214cf4959a186d50798993,/workspace/data/objaverse_xl/hf-objaverse-v1/glbs/000-024/94ce081486214cf4959a186d50798993.glb,sketchfab,glb,Creative Commons - Attribution,683c78866570d1f08a13ee78e48290c2a43b3bf318324321551eb9b4c59c126c
https://sketchfab.com/3d-models/38d539431a6941d1bbdbc4f8346b80ec,/workspace/data/objaverse_xl/hf-objaverse-v1/glbs/000-052/38d539431a6941d1bbdbc4f8346b80ec.glb,sketchfab,glb,Creative Commons - Attribution,a7c33c5a2a89e236d37c627a8cda19bfec0fb2b1496cd049108ff4bb79189a3b
https://sketchfab.com/3d-models/1b381c2e7d3e4513985623d1e7feb31d,/workspace/data/objaverse_xl/hf-objaverse-v1/glbs/000-054/1b381c2e7d3e4513985623d1e7feb31d.glb,sketchfab,glb,Creative Commons - Attribution,88198ac8dd3e6341cb4252489ced269e4370b0063304557414cf29f99db9e04d
https://sketchfab.com/3d-models/533672528478430fba2e83b504c01116,/workspace/data/objaverse_xl/hf-objaverse-v1/glbs/000-158/533672528478430fba2e83b504c01116.glb,sketchfab,glb,Creative Commons - Attribution,35b7220694f9062f1338670871bec2c5891cefb0dde1f7409e5a94780467524f
https://sketchfab.com/3d-models/73f245d99c334825916f2145fe1ed02c,/workspace/data/objaverse_xl/hf-objaverse-v1/glbs/000-132/73f245d99c334825916f2145fe1ed02c.glb,sketchfab,glb,Creative Commons - Attribution,4f775a9ca4c1b975b69612def61b0ed59ba91179a159e149866a974e42287236
https://sketchfab.com/3d-models/515b40bd0f5d44a0a2776b87579d8362,/workspace/data/objaverse_xl/hf-objaverse-v1/glbs/000-096/515b40bd0f5d44a0a2776b87579d8362.glb,sketchfab,glb,Creative Commons - Attribution,a584b0fb8ea9401141ce86f84b6c619ca6cba2f1adb1d465067f32b6f626289d
https://sketchfab.com/3d-models/7f2c213e20cd41eb9140bcbba108d83b,/workspace/data/objaverse_xl/hf-objaverse-v1/glbs/000-101/7f2c213e20cd41eb9140bcbba108d83b.glb,sketchfab,glb,Creative Commons - Attribution,f0aaef1cc6506b1583eb65fd485fb8030def327ff181d474f0436c8a024bcd91
https://sketchfab.com/3d-models/a9554cc1b7b049fbac7cba9099700e68,/workspace/data/objaverse_xl/hf-objaverse-v1/glbs/000-039/a9554cc1b7b049fbac7cba9099700e68.glb,sketchfab,glb,Creative Commons - Attribution,de85f90873bae0c5e206c14fb2cb8009b7f7779c8e6b00929d76a06bff598b06
https://sketchfab.com/3d-models/deda6b9895af4f57818a16372a3a789e,/workspace/data/objaverse_xl/hf-objaverse-v1/glbs/000-076/deda6b9895af4f57818a16372a3a789e.glb,sketchfab,glb,Creative Commons - Attribution - Share Alike,c99cd3539773546e5161fda5db3e23ac6bb880cb296223bb4733f7b6f4ecd50f
https://sketchfab.com/3d-models/62ca1a7445ff442286ab2b397d254c36,/workspace/data/objaverse_xl/hf-objaverse-v1/glbs/000-040/62ca1a7445ff442286ab2b397d254c36.glb,sketchfab,glb,Creative Commons - Attribution,4949aa96f36368ac1e56728ed99a5b39fd3474d331ed94fec522bfc990ccd5c9
https://sketchfab.com/3d-models/92f8d0c825b346669877bfebacc2e3d6,/workspace/data/objaverse_xl/hf-objaverse-v1/glbs/000-074/92f8d0c825b346669877bfebacc2e3d6.glb,sketchfab,glb,Creative Commons - Attribution,38a79229488a39eb9ca845fa55ef80a42fd0f055648b4afe6c21d3bf8f853622
https://sketchfab.com/3d-models/d1b4f15da37e4330b7661dcecfaba1f3,/workspace/data/objaverse_xl/hf-objaverse-v1/glbs/000-077/d1b4f15da37e4330b7661dcecfaba1f3.glb,sketchfab,glb,Creative Commons - Attribution,b85826fb753df31371f1c94e499e9903a63c82d9428f71dc13e19735c558a8ef
https://sketchfab.com/3d-models/626bee2a55e34e79a1f243ad82b21030,/workspace/data/objaverse_xl/hf-objaverse-v1/glbs/000-006/626bee2a55e34e79a1f243ad82b21030.glb,sketchfab,glb,Creative Commons - Attribution,dd9ac750571bf15827b49685f462af4b78c6a4bd74ceaa2e6d9cc62c3350dfe1
https://sketchfab.com/3d-models/5a1ffd040c13425eaf47f5117a687593,/workspace/data/objaverse_xl/hf-objaverse-v1/glbs/000-133/5a1ffd040c13425eaf47f5117a687593.glb,sketchfab,glb,Creative Commons - Attribution,916291e2a7f83ffb5dab70e29d6d751412c6343d99cedc0c0c78cf643c1cdac6
https://sketchfab.com/3d-models/2df8a142fffa4ad6ac87faf8dd0b4d16,/workspace/data/objaverse_xl/hf-objaverse-v1/glbs/000-018/2df8a142fffa4ad6ac87faf8dd0b4d16.glb,sketchfab,glb,Creative Commons - Attribution,6ef83ddd29940e138a10d2509d5c38dcb8422299e73fb49dac8df868fad860c7
https://sketchfab.com/3d-models/509b47a120fc433a8e6f53609e0b6768,/workspace/data/objaverse_xl/hf-objaverse-v1/glbs/000-009/509b47a120fc433a8e6f53609e0b6768.glb,sketchfab,glb,Creative Commons - Attribution - Non-Commercial - Share Alike,0a7e96ea869a568f530455abee3f80da54ef93722b3921c0b1ae3c049517496f
https://sketchfab.com/3d-models/e064d0c5efa949208a5821fad6c3ae7a,/workspace/data/objaverse_xl/hf-objaverse-v1/glbs/000-061/e064d0c5efa949208a5821fad6c3ae7a.glb,sketchfab,glb,Creative Commons - Attribution,298409383baa01c45216747e8d5e07e4025e97b716751dcce9341549c7053bff
https://sketchfab.com/3d-models/ee68619d22f84a76ace2455547ea3d53,/workspace/data/objaverse_xl/hf-objaverse-v1/glbs/000-099/ee68619d22f84a76ace2455547ea3d53.glb,sketchfab,glb,Creative Commons - Attribution,75bdb2b771a09351b684428428476d51b1efde54f95c24f2088cf9e52d740257
https://sketchfab.com/3d-models/57d6584f138f4f98897e453acb07e4b5,/workspace/data/objaverse_xl/hf-objaverse-v1/glbs/000-075/57d6584f138f4f98897e453acb07e4b5.glb,sketchfab,glb,Creative Commons - Attribution,b3df14730bafde33eda698e05ab062e4f681b89eba46f6fdc4a9a4a5deedd1d9
https://sketchfab.com/3d-models/0ebd0e9cfb664d09b13f1886f50aad74,/workspace/data/objaverse_xl/hf-objaverse-v1/glbs/000-111/0ebd0e9cfb664d09b13f1886f50aad74.glb,sketchfab,glb,Creative Commons - Attribution,b68868f8e7d963dcb683b64bc08bf78db28cddff7307750f09070ae0a4389c4e
https://sketchfab.com/3d-models/936c863b46d640c5aa5f9bb65f2e7e35,/workspace/data/objaverse_xl/hf-objaverse-v1/glbs/000-087/936c863b46d640c5aa5f9bb65f2e7e35.glb,sketchfab,glb,Creative Commons - Attribution,51c487eb618c6632721638f9738d090277f020592a08bb97eefa4c4771429a6e
https://sketchfab.com/3d-models/2dee503c05f940739ff6f9e2b3562337,/workspace/data/objaverse_xl/hf-objaverse-v1/glbs/000-123/2dee503c05f940739ff6f9e2b3562337.glb,sketchfab,glb,Creative Commons - Attribution,fda3d6d1307d87610ceaa98b8ef327e60fb84197f3b5c58b6ddd6cea0a3883e2
https://sketchfab.com/3d-models/eeeefec151d943ee945378600f1adc15,/workspace/data/objaverse_xl/hf-objaverse-v1/glbs/000-159/eeeefec151d943ee945378600f1adc15.glb,sketchfab,glb,Creative Commons - Attribution,1a0282a1d8d59f50ee832dfed64f932a004c880a761eaa40686a96bc8dc53b0e
https://sketchfab.com/3d-models/4925029868ed4faa8934e6e1a1dce524,/workspace/data/objaverse_xl/hf-objaverse-v1/glbs/000-064/4925029868ed4faa8934e6e1a1dce524.glb,sketchfab,glb,Creative Commons - Attribution,e5defb5a4d3dd4c06f3b512a4266882c1a48b1c7fd125b55fb5406a1edbf6984
https://sketchfab.com/3d-models/676aa0734da0431c85f171c18ac1c990,/workspace/data/objaverse_xl/hf-objaverse-v1/glbs/000-042/676aa0734da0431c85f171c18ac1c990.glb,sketchfab,glb,Creative Commons - Attribution,7a4bf3cd473380399fca599371b83682997c60b0ee3b5e4993ffa6f27585c30a
https://sketchfab.com/3d-models/a5789477743a45f7a0e046dc0bd25268,/workspace/data/objaverse_xl/hf-objaverse-v1/glbs/000-061/a5789477743a45f7a0e046dc0bd25268.glb,sketchfab,glb,Creative Commons - Attribution,f74b320d6b8e2624a3c310bbb0ff3113d031d529bd8fa403450a79690a177413
https://sketchfab.com/3d-models/af7cd2807d9249efb4304a8d7d4c1b51,/workspace/data/objaverse_xl/hf-objaverse-v1/glbs/000-030/af7cd2807d9249efb4304a8d7d4c1b51.glb,sketchfab,glb,Creative Commons - Attribution,971ae8f146ce7da4949fac529678e83a841f9bbfde7625aee86b79cfc8b9709e
https://sketchfab.com/3d-models/325746ebe92a4ce6bcba03cf7550a84d,/workspace/data/objaverse_xl/hf-objaverse-v1/glbs/000-129/325746ebe92a4ce6bcba03cf7550a84d.glb,sketchfab,glb,Creative Commons - Attribution,0892be7d8de8d289aeff27603d15bf8d2eb26327a9c7d7644fcffa946918cbd4
https://sketchfab.com/3d-models/e96157df7c4b42eca68e2706bb3b3436,/workspace/data/objaverse_xl/hf-objaverse-v1/glbs/000-005/e96157df7c4b42eca68e2706bb3b3436.glb,sketchfab,glb,Creative Commons - Attribution,c2ca5373b324c59bec0832fff971b4899808e61efcef5890ab31c9866048540e
https://sketchfab.com/3d-models/b8c7657b84f04b25b82e19d423fdbcb0,/workspace/data/objaverse_xl/hf-objaverse-v1/glbs/000-070/b8c7657b84f04b25b82e19d423fdbcb0.glb,sketchfab,glb,Creative Commons - Attribution,ab0175a8961643ca11e070e806c280f9190c93046483e4dfb46e7c8715dad3bc
https://sketchfab.com/3d-models/29cf4325acbe42199dd3a9c95cd160e0,/workspace/data/objaverse_xl/hf-objaverse-v1/glbs/000-046/29cf4325acbe42199dd3a9c95cd160e0.glb,sketchfab,glb,Creative Commons - Attribution,215985906e5e46ac24b4337c253e177f7080448408becd47871b9dc6795f688c
https://sketchfab.com/3d-models/b3f962419f5e414d9289f578307a7974,/workspace/data/objaverse_xl/hf-objaverse-v1/glbs/000-118/b3f962419f5e414d9289f578307a7974.glb,sketchfab,glb,Creative Commons - Attribution,c5a069a1de9b8b4c61cf36609092ed31c974a668827d27fc59aba93269b6a172
https://sketchfab.com/3d-models/db2872cf4a584e50a9368089fbfdea63,/workspace/data/objaverse_xl/hf-objaverse-v1/glbs/000-073/db2872cf4a584e50a9368089fbfdea63.glb,sketchfab,glb,Creative Commons - Attribution,20135e762df07df7ae373787fcc5a09aec680bad01afee8243370559ac02da8e
https://sketchfab.com/3d-models/eff35252563d4d54a5f7bf0c74af5654,/workspace/data/objaverse_xl/hf-objaverse-v1/glbs/000-080/eff35252563d4d54a5f7bf0c74af5654.glb,sketchfab,glb,Creative Commons - Attribution,c31766b1b1e551a799749d82ed7037e4948b3f5bf6426be12972de5e40a9bbc2
https://sketchfab.com/3d-models/fa792a50644149eb9d845d3715b3b488,/workspace/data/objaverse_xl/hf-objaverse-v1/glbs/000-054/fa792a50644149eb9d845d3715b3b488.glb,sketchfab,glb,Creative Commons - Attribution,5daa2b467167f5a5151660591beb19d3a62d22d36574e7652ddf78a783282d42
https://sketchfab.com/3d-models/378810d0c53745eaaa3537ccfb4ca917,/workspace/data/objaverse_xl/hf-objaverse-v1/glbs/000-080/378810d0c53745eaaa3537ccfb4ca917.glb,sketchfab,glb,Creative Commons - Attribution - Non-Commercial - Share Alike,aeba3b5620351859a415664ddffc5820389af310e3e9985ebdc9a907c253b4cc
https://sketchfab.com/3d-models/0287b0df4e5b4c0b83ba706d3e7b7054,/workspace/data/objaverse_xl/hf-objaverse-v1/glbs/000-091/0287b0df4e5b4c0b83ba706d3e7b7054.glb,sketchfab,glb,Creative Commons - Attribution - Non-Commercial - Share Alike,5ecb0c7d9a68f34783a67e6b44c502c841f365b9217d003cc2a9124d5e2df70f
https://sketchfab.com/3d-models/c28b35bb632d4fadb67d4c7d3d2fe45f,/workspace/data/objaverse_xl/hf-objaverse-v1/glbs/000-041/c28b35bb632d4fadb67d4c7d3d2fe45f.glb,sketchfab,glb,Creative Commons - Attribution,004132e1a2880fbf1b7139991cee965f5024112365358d71f5cfbd78dfdbc987
https://sketchfab.com/3d-models/70f80389305a4483800a5e7ec2d57ab0,/workspace/data/objaverse_xl/hf-objaverse-v1/glbs/000-029/70f80389305a4483800a5e7ec2d57ab0.glb,sketchfab,glb,Creative Commons - Attribution,1ffd47d15db4345d69203a3fb3149d5596e72dfef9c4f3c113218d8bbeb2a2f5
https://sketchfab.com/3d-models/7720e069b602451a8badc59e25052569,/workspace/data/objaverse_xl/hf-objaverse-v1/glbs/000-111/7720e069b602451a8badc59e25052569.glb,sketchfab,glb,Creative Commons - Attribution,1684d073be56db1dafefa00d884ee6cd4c1c4005a62c97732c5fbbce3637e08b
https://sketchfab.com/3d-models/d9eaf44b6fc4467588b2b6b4b8cd05ff,/workspace/data/objaverse_xl/hf-objaverse-v1/glbs/000-058/d9eaf44b6fc4467588b2b6b4b8cd05ff.glb,sketchfab,glb,Creative Commons - Attribution,fba962704a083d67cb774d09595a01a0225c749c52460c9983a5738293a48b31
https://sketchfab.com/3d-models/89fe433640a64ff0b9256dec20ec88cf,/workspace/data/objaverse_xl/hf-objaverse-v1/glbs/000-004/89fe433640a64ff0b9256dec20ec88cf.glb,sketchfab,glb,Creative Commons - Attribution,6e9fc9313c6405640bdf5e53b41e2e644d31d7b436606f5ad85b9e2d2bea6397
https://sketchfab.com/3d-models/854f7374d5f94de9a08418380d591fa5,/workspace/data/objaverse_xl/hf-objaverse-v1/glbs/000-089/854f7374d5f94de9a08418380d591fa5.glb,sketchfab,glb,Creative Commons - Attribution,caee523fbb74eb3987c5eee1fb267011538856185700c7d8f3abe2233d63c522
https://sketchfab.com/3d-models/7bc4edaef1a44233aa7f3db568108f7f,/workspace/data/objaverse_xl/hf-objaverse-v1/glbs/000-119/7bc4edaef1a44233aa7f3db568108f7f.glb,sketchfab,glb,Creative Commons - Attribution,72b26d81b14871db5e72ac798435ae00a3bd743744ec97b90b24f533cc84d720
https://sketchfab.com/3d-models/ab2debb53cf0417b81a173e085cc2ea1,/workspace/data/objaverse_xl/hf-objaverse-v1/glbs/000-083/ab2debb53cf0417b81a173e085cc2ea1.glb,sketchfab,glb,Creative Commons - Attribution,f99af83e1236760a957005fd9302a762b0ef1eaec34e8637ebd3677b1a36d25b
https://sketchfab.com/3d-models/9f44117800c14a8697642a0be04fd02f,/workspace/data/objaverse_xl/hf-objaverse-v1/glbs/000-125/9f44117800c14a8697642a0be04fd02f.glb,sketchfab,glb,Creative Commons - Attribution,c230dd90ca6e3bde33b5188ad29851be8d34f84087ab6cfb9150b93aa30012b7
https://sketchfab.com/3d-models/6cccf8f6792b41f9b4b1a8d141b10e5f,/workspace/data/objaverse_xl/hf-objaverse-v1/glbs/000-072/6cccf8f6792b41f9b4b1a8d141b10e5f.glb,sketchfab,glb,Creative Commons - Attribution,72908f9d331dc88a1b7d3cde908326b9251e3dcf5e96add3874050f7d92c34cd
https://sketchfab.com/3d-models/b1452ef4094a45b19383304476236e3b,/workspace/data/objaverse_xl/hf-objaverse-v1/glbs/000-070/b1452ef4094a45b19383304476236e3b.glb,sketchfab,glb,Creative Commons - Attribution,cb5fba3b21834cc5cfdb1b18ec593c6013567fb61d0b64683b5bca807fa2db59
https://sketchfab.com/3d-models/2af386218db04357894cbe7e6d8dcc6f,/workspace/data/objaverse_xl/hf-objaverse-v1/glbs/000-111/2af386218db04357894cbe7e6d8dcc6f.glb,sketchfab,glb,Creative Commons - Attribution - Share Alike,252b3fcaf13898810f009a2752f40655dfce953bac338e00d4e059257737287d
https://sketchfab.com/3d-models/f14cc2952f0e4776a01d286a999bcf41,/workspace/data/objaverse_xl/hf-objaverse-v1/glbs/000-141/f14cc2952f0e4776a01d286a999bcf41.glb,sketchfab,glb,Creative Commons - Attribution,aa638beb32a28793b955a589aab6ae6b18587ea6b1042ea7902a3b40adde4ef4
https://sketchfab.com/3d-models/e6829c8c85ea4ba2a1fe925b5f288bba,/workspace/data/objaverse_xl/hf-objaverse-v1/glbs/000-136/e6829c8c85ea4ba2a1fe925b5f288bba.glb,sketchfab,glb,Creative Commons - Attribution - Non-Commercial - Share Alike,3fe52ac5faecde9db5b2832e3275390e1313e761fa9803510bde277079939191
https://sketchfab.com/3d-models/1cdc9f85819041a5a323a6b83cede8b3,/workspace/data/objaverse_xl/hf-objaverse-v1/glbs/000-049/1cdc9f85819041a5a323a6b83cede8b3.glb,sketchfab,glb,Creative Commons - Attribution - Non-Commercial,10e345a3cb1f04e3b15f9bb8c3d95d3344983fed03f4cd8665b10f4fef5af838
https://sketchfab.com/3d-models/50bee12cf6fc476bb8263a8711234228,/workspace/data/objaverse_xl/hf-objaverse-v1/glbs/000-074/50bee12cf6fc476bb8263a8711234228.glb,sketchfab,glb,Creative Commons - Attribution,4df9d0006090441d375b68c4f7dc168aec9a951ee6027a3c1d3bfbf3a123c73b
https://sketchfab.com/3d-models/4948f312af7040d6b716cdaf9b072426,/workspace/data/objaverse_xl/hf-objaverse-v1/glbs/000-009/4948f312af7040d6b716cdaf9b072426.glb,sketchfab,glb,Creative Commons - Attribution,97f74ce25de037ba97f1e3ca199bb2132f1228131505110ffee87c9fab85f2c3
https://sketchfab.com/3d-models/69cff402f2964c428b07c85d8952583f,/workspace/data/objaverse_xl/hf-objaverse-v1/glbs/000-090/69cff402f2964c428b07c85d8952583f.glb,sketchfab,glb,Creative Commons - Attribution,ec82e99ea8e7fd36fb2dcbca1daa686b7ffba46f8c7f7f722dda883525b9c77c
https://sketchfab.com/3d-models/c7b4413d55c74f7eac143c0197c277b7,/workspace/data/objaverse_xl/hf-objaverse-v1/glbs/000-097/c7b4413d55c74f7eac143c0197c277b7.glb,sketchfab,glb,Creative Commons - Attribution,e1a647bea278a1af22c9ad7747a6d3407293d24cd595d33a545fa9b4fede8cf9
https://sketchfab.com/3d-models/44f261422c1f48d3b7ef45558a0e4da7,/workspace/data/objaverse_xl/hf-objaverse-v1/glbs/000-060/44f261422c1f48d3b7ef45558a0e4da7.glb,sketchfab,glb,Creative Commons - Attribution,21518b61e090134bbfc82ae2bf709c2abb6ff345debcae5385b0e57233d7ee4f
https://sketchfab.com/3d-models/1f5b455e54f2406f8d044c40c9056701,/workspace/data/objaverse_xl/hf-objaverse-v1/glbs/000-115/1f5b455e54f2406f8d044c40c9056701.glb,sketchfab,glb,Creative Commons - Attribution,215e88244c6f789834e1d4db1fd4be14ebab3eb9aa40243be41d180aad698b5d
https://sketchfab.com/3d-models/8de85b04204a48adb974efdfd55a9ff7,/workspace/data/objaverse_xl/hf-objaverse-v1/glbs/000-028/8de85b04204a48adb974efdfd55a9ff7.glb,sketchfab,glb,Creative Commons - Attribution - Non-Commercial - Share Alike,8092f0b49f1d3ae55d7f08b66a50880baa84246ea9b29618cbfad01a274881a9
https://sketchfab.com/3d-models/fa681c6180104e5a88d4cdc17ca50a6a,/workspace/data/objaverse_xl/hf-objaverse-v1/glbs/000-139/fa681c6180104e5a88d4cdc17ca50a6a.glb,sketchfab,glb,Creative Commons - Attribution,5ff9d2c27ccc6fcd57536045aff0afc65544d42736c096adc7171072625de6ba
https://sketchfab.com/3d-models/3746693525b24bf9aa25d00fa9674c22,/workspace/data/objaverse_xl/hf-objaverse-v1/glbs/000-056/3746693525b24bf9aa25d00fa9674c22.glb,sketchfab,glb,Creative Commons - Attribution - Non-Commercial,e309ec2a3dfffa4b9e9768791b1b60cda52cf00a7e80e087a30095c8764631a0
https://sketchfab.com/3d-models/eb3e5a79b3f04c1d802d2c27a52f58af,/workspace/data/objaverse_xl/hf-objaverse-v1/glbs/000-093/eb3e5a79b3f04c1d802d2c27a52f58af.glb,sketchfab,glb,Creative Commons - Attribution,2abb08cc02939d8a5a3827b2303a56a121db189e6cb49ff0126fc832e07cc65f
https://sketchfab.com/3d-models/d6d0e6023ae84209bd4395f63f04004c,/workspace/data/objaverse_xl/hf-objaverse-v1/glbs/000-097/d6d0e6023ae84209bd4395f63f04004c.glb,sketchfab,glb,Creative Commons - Attribution,920a76848fa3585a638520484974f00a7e270807f845a5f2e1d8813e3cc7e384
https://sketchfab.com/3d-models/bdecfddc729940008b31be1bbb47cbb0,/workspace/data/objaverse_xl/hf-objaverse-v1/glbs/000-085/bdecfddc729940008b31be1bbb47cbb0.glb,sketchfab,glb,Creative Commons - Attribution,769e8469343cc1616936fe43beb39efee80d15b54239939d74d75c9b4d2cfc14
https://sketchfab.com/3d-models/62cb484c77484b03b40c5b4473d2a0a6,/workspace/data/objaverse_xl/hf-objaverse-v1/glbs/000-089/62cb484c77484b03b40c5b4473d2a0a6.glb,sketchfab,glb,Creative Commons - Attribution,d1ba03caff9935e91d6d0f789326c5be1ad4398892de94533090066384b53af8
https://sketchfab.com/3d-models/aeee1b9b5ed3462289d073d4082520ba,/workspace/data/objaverse_xl/hf-objaverse-v1/glbs/000-151/aeee1b9b5ed3462289d073d4082520ba.glb,sketchfab,glb,Creative Commons - Attribution,6943a2e59556fe800d80b7e95452a28e28fc910e4023e66706a21363b50a4408
https://sketchfab.com/3d-models/936390af14cc4a518aed6bc28a949d69,/workspace/data/objaverse_xl/hf-objaverse-v1/glbs/000-025/936390af14cc4a518aed6bc28a949d69.glb,sketchfab,glb,Creative Commons - Attribution,27849e0fe5ac52370beb84ba423ea15065b5a112696ad2483161a92e5169c72d
https://sketchfab.com/3d-models/df60fc360a2d4f3d96750aacfee16f5d,/workspace/data/objaverse_xl/hf-objaverse-v1/glbs/000-077/df60fc360a2d4f3d96750aacfee16f5d.glb,sketchfab,glb,Creative Commons - Attribution,119d3f8ac153a2a8125e36a3e34d784f49ac958a0b25c80af969a4087bbcba54
https://sketchfab.com/3d-models/60f37e57d57e410f864b0fe9180f1b87,/workspace/data/objaverse_xl/hf-objaverse-v1/glbs/000-126/60f37e57d57e410f864b0fe9180f1b87.glb,sketchfab,glb,Creative Commons - Attribution - Non-Commercial - Share Alike,ce462e85de0e1b3e5735d96f8c159b44c17ee7df7c3ff902180dee81ee8e5304
https://sketchfab.com/3d-models/657224481f244fa5b0ced73913528d50,/workspace/data/objaverse_xl/hf-objaverse-v1/glbs/000-066/657224481f244fa5b0ced73913528d50.glb,sketchfab,glb,Creative Commons - Attribution,53876b248d27f741c2bfb525b69a06ac92945510894698368bf8b7514eaa4017
https://sketchfab.com/3d-models/787bb4ff04234b03a338b8b831107679,/workspace/data/objaverse_xl/hf-objaverse-v1/glbs/000-129/787bb4ff04234b03a338b8b831107679.glb,sketchfab,glb,Creative Commons - Attribution,47487ca36fbe606a3f4719615ac4ddddf817e1b0a4671357418b84f2881d7aa4
https://sketchfab.com/3d-models/4238b62766524f4e8e7e1b82e171fad9,/workspace/data/objaverse_xl/hf-objaverse-v1/glbs/000-109/4238b62766524f4e8e7e1b82e171fad9.glb,sketchfab,glb,Creative Commons - Attribution - Non-Commercial - Share Alike,336c535e84a7d1470db3e8836a460a37590e02390b880075d0435096d09f3fc0
https://sketchfab.com/3d-models/31de054e9955434983a64980d2aed37e,/workspace/data/objaverse_xl/hf-objaverse-v1/glbs/000-050/31de054e9955434983a64980d2aed37e.glb,sketchfab,glb,Creative Commons - Attribution,3dd97ae1833aee28e5d0d4cfb39a526277be7118164e40d7b7d52288b1ddcaeb
https://sketchfab.com/3d-models/f7d25569876d479cb8022e9208e94597,/workspace/data/objaverse_xl/hf-objaverse-v1/glbs/000-146/f7d25569876d479cb8022e9208e94597.glb,sketchfab,glb,Creative Commons - Attribution,17b36f693615abdf835bdfc32a469833d3f0881f1f1aae141bbe0d7cbdecece2
https://sketchfab.com/3d-models/e8ee52776b7f40388de3cfd45cf2c8c9,/workspace/data/objaverse_xl/hf-objaverse-v1/glbs/000-059/e8ee52776b7f40388de3cfd45cf2c8c9.glb,sketchfab,glb,Creative Commons - Attribution,403862d08f514fe9cac61c4b9781c72b706f3d4d2915a4d995ed93a48e799b5e
https://sketchfab.com/3d-models/ab125d9e9f7247cf91327eed8aa9c72a,/workspace/data/objaverse_xl/hf-objaverse-v1/glbs/000-079/ab125d9e9f7247cf91327eed8aa9c72a.glb,sketchfab,glb,Creative Commons - Attribution,08f96333875f41577577f019873794f5c9ea97e30f47b59ada8b4238708b745d
https://sketchfab.com/3d-models/ca8c111dd9b34d2d95f1d1cf878a59c1,/workspace/data/objaverse_xl/hf-objaverse-v1/glbs/000-103/ca8c111dd9b34d2d95f1d1cf878a59c1.glb,sketchfab,glb,Creative Commons - Attribution,8d96c89be70db360f550b21f3d9cb847d31ff573431e46447e77c41c83c4d947
https://sketchfab.com/3d-models/03cdb0329e634de4b5f06706ef673edb,/workspace/data/objaverse_xl/hf-objaverse-v1/glbs/000-157/03cdb0329e634de4b5f06706ef673edb.glb,sketchfab,glb,Creative Commons - Attribution,712b591b649c6d3bbb9e3e8b2164aaa0a067bdc5cb905fe79de263869ae8e433
https://sketchfab.com/3d-models/be14932916de446eb79faa1f9020b603,/workspace/data/objaverse_xl/hf-objaverse-v1/glbs/000-021/be14932916de446eb79faa1f9020b603.glb,sketchfab,glb,Creative Commons - Attribution,d37060fb12a8c587e6d7663b382974212a8db1a4c0717eace69a43fed66be680
https://sketchfab.com/3d-models/a4a486e8868c4c3dae51e6cb8c32302e,/workspace/data/objaverse_xl/hf-objaverse-v1/glbs/000-099/a4a486e8868c4c3dae51e6cb8c32302e.glb,sketchfab,glb,Creative Commons - Attribution,c74e50fa9a312f70d529fb79fc2b9b7047a2482238d06b25f9a41dfbb3a7451b
https://sketchfab.com/3d-models/d7542a678fa24af59af757010cbe4d2c,/workspace/data/objaverse_xl/hf-objaverse-v1/glbs/000-063/d7542a678fa24af59af757010cbe4d2c.glb,sketchfab,glb,Creative Commons - Attribution,dc13f8e0b957c7b07fd1e7cea040c6c189106cbdc56ca5dfe4174d9949d81696
https://sketchfab.com/3d-models/d26f1a6f47ad460a9bdc0569110719ca,/workspace/data/objaverse_xl/hf-objaverse-v1/glbs/000-057/d26f1a6f47ad460a9bdc0569110719ca.glb,sketchfab,glb,Creative Commons - Attribution - Non-Commercial,1258d024fedd02c4db29f03d6d98d0f7c1672e810fc13a90a1458c883bc4866f
https://sketchfab.com/3d-models/74b34efbfc6a485782d73e7845e9b8e9,/workspace/data/objaverse_xl/hf-objaverse-v1/glbs/000-089/74b34efbfc6a485782d73e7845e9b8e9.glb,sketchfab,glb,Creative Commons - Attribution,751271c1032902cc63806e51e7ede6ee181fb46a6ce766286272a03e9cc3e9a2
https://sketchfab.com/3d-models/75254f66654d4dd18d55f9de697de995,/workspace/data/objaverse_xl/hf-objaverse-v1/glbs/000-034/75254f66654d4dd18d55f9de697de995.glb,sketchfab,glb,Creative Commons - Attribution - Non-Commercial,38dd5830d8d87b97ef890f17467fee01d97a354cc7e191bf4bad3c960e9503e6
https://sketchfab.com/3d-models/e45634e3d0414e33a6ff487df7bf7119,/workspace/data/objaverse_xl/hf-objaverse-v1/glbs/000-096/e45634e3d0414e33a6ff487df7bf7119.glb,sketchfab,glb,Creative Commons - Attribution,999a03ecad970956cbb60269c0fad8ae46a7ced8d35d50477add1d8a7fe44b3f
https://sketchfab.com/3d-models/8a92c9aa1317448ab3cc6546af87b437,/workspace/data/objaverse_xl/hf-objaverse-v1/glbs/000-147/8a92c9aa1317448ab3cc6546af87b437.glb,sketchfab,glb,Creative Commons - Attribution,d5f7f97524158a172a74876415a679ab5fe0911939b485cc65b55d912757e56b
https://sketchfab.com/3d-models/8f7186e4c2454750a9ee68f4fba3f8ca,/workspace/data/objaverse_xl/hf-objaverse-v1/glbs/000-132/8f7186e4c2454750a9ee68f4fba3f8ca.glb,sketchfab,glb,Creative Commons - Attribution,ab7dd43e3ebf7d144da218603d3ed92b6420ed6688e9346255be54ab681ea674
https://sketchfab.com/3d-models/fc06f7d9e1ab4981bee5adee2313173c,/workspace/data/objaverse_xl/hf-objaverse-v1/glbs/000-139/fc06f7d9e1ab4981bee5adee2313173c.glb,sketchfab,glb,Creative Commons - Attribution,8cb29daf2100c912c88699ea512c154edd128a4a77687e3b8438f36ce92c2bd7
https://sketchfab.com/3d-models/0ccdfca9e08b441fb15314d24b8fe059,/workspace/data/objaverse_xl/hf-objaverse-v1/glbs/000-045/0ccdfca9e08b441fb15314d24b8fe059.glb,sketchfab,glb,Creative Commons - Attribution,576deaada6345958670ae155b3523fd449a6fc41c207511c641db3288733480b
https://sketchfab.com/3d-models/28cab79c95da4df5a3294cabe2d9aac7,/workspace/data/objaverse_xl/hf-objaverse-v1/glbs/000-053/28cab79c95da4df5a3294cabe2d9aac7.glb,sketchfab,glb,Creative Commons - Attribution,72981eaf025b0fcc8695ad030db2f26cfa0c072f04325adecee0c1bde6bc1924
https://sketchfab.com/3d-models/5403f363c30d48b38b6721c4efc810d0,/workspace/data/objaverse_xl/hf-objaverse-v1/glbs/000-086/5403f363c30d48b38b6721c4efc810d0.glb,sketchfab,glb,Creative Commons - Attribution,0c7a31072ba2ed7464428c211d896d302f9c1304ca1f93662bef9afcf46001a1
https://sketchfab.com/3d-models/53ca505eb863496cb3811d3623e496a1,/workspace/data/objaverse_xl/hf-objaverse-v1/glbs/000-089/53ca505eb863496cb3811d3623e496a1.glb,sketchfab,glb,Creative Commons - Attribution,305941f3d65eec1da96bb2ee4ea5bf6b267940f24efc65ef0a429d57a33987e3
https://sketchfab.com/3d-models/4c05fc8b78554c9b89a19768c38d360f,/workspace/data/objaverse_xl/hf-objaverse-v1/glbs/000-095/4c05fc8b78554c9b89a19768c38d360f.glb,sketchfab,glb,Creative Commons - Attribution,015380e8a690ba2bf0426bcd94d73b5c15541dddf1fd5f47f01f725275901786
https://sketchfab.com/3d-models/e55dc3578c3345449694b9d4ea6748d9,/workspace/data/objaverse_xl/hf-objaverse-v1/glbs/000-149/e55dc3578c3345449694b9d4ea6748d9.glb,sketchfab,glb,Creative Commons - Attribution,abc27ea213324ff5a79937a7eee382b9814e4fc6470cb1d6c3328b2e29bc1bd4
https://sketchfab.com/3d-models/1983e4d7c5db476b8372bd65000df2c7,/workspace/data/objaverse_xl/hf-objaverse-v1/glbs/000-033/1983e4d7c5db476b8372bd65000df2c7.glb,sketchfab,glb,Creative Commons - Attribution - Non-Commercial - Share Alike,782014da099eb26fcb87c53f225731aa46b4c3e516ff02d623e4db59c6db214b
https://sketchfab.com/3d-models/1507440bec3d4179b3eee5c9567011b0,/workspace/data/objaverse_xl/hf-objaverse-v1/glbs/000-056/1507440bec3d4179b3eee5c9567011b0.glb,sketchfab,glb,Creative Commons - Attribution,cff7f3e20866104f135f9df82a4958cbf8b1ef89a2f091436e5a990ba32bd05e
https://sketchfab.com/3d-models/87ac1ac29c274159b8c01ec64792ef47,/workspace/data/objaverse_xl/hf-objaverse-v1/glbs/000-130/87ac1ac29c274159b8c01ec64792ef47.glb,sketchfab,glb,Creative Commons - Attribution - Non-Commercial - Share Alike,ca46b0659ca1575a0f0f4e94c86af5d0f6db533f2eb5ac7ae06a2dd729909dc2
https://sketchfab.com/3d-models/f8c7e91c4b0f45529080930a80203649,/workspace/data/objaverse_xl/hf-objaverse-v1/glbs/000-082/f8c7e91c4b0f45529080930a80203649.glb,sketchfab,glb,Creative Commons - Attribution,56868912826737883550579c6678870231b8b85bc7c68b65e292e22f55103fd4
https://sketchfab.com/3d-models/e4076ae194ba4854887b005701f650e6,/workspace/data/objaverse_xl/hf-objaverse-v1/glbs/000-039/e4076ae194ba4854887b005701f650e6.glb,sketchfab,glb,Creative Commons - Attribution,66a3cc86a6839ce0ea07a9af89d0784de572ac5ce109f3b04779c82fb4df9ae2
https://sketchfab.com/3d-models/afd82fce79554d94a686dfdd30334d2c,/workspace/data/objaverse_xl/hf-objaverse-v1/glbs/000-089/afd82fce79554d94a686dfdd30334d2c.glb,sketchfab,glb,Creative Commons - Attribution,7754f8858aca5c4673c927cbaaf40aa5dcadacefc7a8326b8bfe90727c0f0f3b
https://sketchfab.com/3d-models/95505ba621e24eef9548067cb7d8bead,/workspace/data/objaverse_xl/hf-objaverse-v1/glbs/000-017/95505ba621e24eef9548067cb7d8bead.glb,sketchfab,glb,Creative Commons - Attribution,e92d1ba9877ba1d7533a9c89fe3cf1f8cc457449cbcc3aacc6f875e0efc3aa9d
https://sketchfab.com/3d-models/b85fb6ea9d8848619d2b9f1dcae52309,/workspace/data/objaverse_xl/hf-objaverse-v1/glbs/000-016/b85fb6ea9d8848619d2b9f1dcae52309.glb,sketchfab,glb,Creative Commons - Attribution,f29ae0917ab8f44d0309b1681dbbe1ac61d3a9b5cd66099e6394a143bf025ba3
https://sketchfab.com/3d-models/60994d40f0814e05b97d7efa872420e1,/workspace/data/objaverse_xl/hf-objaverse-v1/glbs/000-011/60994d40f0814e05b97d7efa872420e1.glb,sketchfab,glb,Creative Commons - Attribution,06954d5e314ce5927af33fc42e5f1617b75ded0828c543205b5bd52280544e3d
https://sketchfab.com/3d-models/23363d8edb2545eaa1c22a4dbfe3adc6,/workspace/data/objaverse_xl/hf-objaverse-v1/glbs/000-082/23363d8edb2545eaa1c22a4dbfe3adc6.glb,sketchfab,glb,Creative Commons - Attribution,d539c9d0beb5a91045146c9c4351cef41355b3f183ddaf7e4373ae109498e498
https://sketchfab.com/3d-models/68e472c188d64cf484ac9245f069cb97,/workspace/data/objaverse_xl/hf-objaverse-v1/glbs/000-107/68e472c188d64cf484ac9245f069cb97.glb,sketchfab,glb,Creative Commons - Attribution,61ecc179b6b85211671cbbcf812c0dd2922464f912c68cfbb50d25c9d6632a33
https://sketchfab.com/3d-models/e7c397f45e3b4121ac33c2a9f7e73934,/workspace/data/objaverse_xl/hf-objaverse-v1/glbs/000-140/e7c397f45e3b4121ac33c2a9f7e73934.glb,sketchfab,glb,Creative Commons - Attribution,43a65c7569db039a9c7223f358f5f21c34939b8156cbfde4993c0aef84b630d5
https://sketchfab.com/3d-models/0d887bcb7853423fa0157885613a7825,/workspace/data/objaverse_xl/hf-objaverse-v1/glbs/000-012/0d887bcb7853423fa0157885613a7825.glb,sketchfab,glb,Creative Commons - Attribution,35445db81f250e8b2048e48f3872a2cb9e28e859483d422d48f72c9501dd7b08
https://sketchfab.com/3d-models/6c315d83d3604d76bf6f3107e10ebe4c,/workspace/data/objaverse_xl/hf-objaverse-v1/glbs/000-133/6c315d83d3604d76bf6f3107e10ebe4c.glb,sketchfab,glb,Creative Commons - Attribution - Share Alike,15f94c621dac7c2c72f757888adef9f2b105b4c3d7c34f25d0210b6ed58172db
https://sketchfab.com/3d-models/0ff1dbf68fb7420797183e0dd12ef30e,/workspace/data/objaverse_xl/hf-objaverse-v1/glbs/000-088/0ff1dbf68fb7420797183e0dd12ef30e.glb,sketchfab,glb,Creative Commons - Attribution,17006c619e696b2fc1f5524303c1f0590caae37601c9a298d7f1b7b7a7f36223
https://sketchfab.com/3d-models/722d20f8093a4fc49f09bbce4a3109a8,/workspace/data/objaverse_xl/hf-objaverse-v1/glbs/000-105/722d20f8093a4fc49f09bbce4a3109a8.glb,sketchfab,glb,Creative Commons - Attribution,be2d268a356e58259691d27d0ef6bfd9e312943301006f8ea7ee6db48a804588
https://sketchfab.com/3d-models/52b29af7c0c04ddca140bf67848ba3d1,/workspace/data/objaverse_xl/hf-objaverse-v1/glbs/000-044/52b29af7c0c04ddca140bf67848ba3d1.glb,sketchfab,glb,Creative Commons - Attribution,8a04a41f341354f87596885ff02734c8466dcae2deae5e2d337dab48cbfe2d2e
https://sketchfab.com/3d-models/44b68be7f7f349e4873f7cf74457fb0b,/workspace/data/objaverse_xl/hf-objaverse-v1/glbs/000-127/44b68be7f7f349e4873f7cf74457fb0b.glb,sketchfab,glb,Creative Commons - Attribution,31f0e422fea75dda1d6a02977e3ddd8827ce538ab024f1ad242ba0cccfbb4a03
https://sketchfab.com/3d-models/8c7123c0bf8f48bd8af34389cb460bd0,/workspace/data/objaverse_xl/hf-objaverse-v1/glbs/000-127/8c7123c0bf8f48bd8af34389cb460bd0.glb,sketchfab,glb,Creative Commons - Attribution,eddb8df676e1544c86289d533fd51c7cf45b791b056c1638a0a14d1879fe108f
https://sketchfab.com/3d-models/abd387a734b44ad98becd4aaba39e828,/workspace/data/objaverse_xl/hf-objaverse-v1/glbs/000-135/abd387a734b44ad98becd4aaba39e828.glb,sketchfab,glb,Creative Commons - Attribution,08f3832d2c93b4e499023d319fd1a1b4307f2a050b29621bcff9095f790ef841
https://sketchfab.com/3d-models/888052f3e5464f119d35628a13642bf9,/workspace/data/objaverse_xl/hf-objaverse-v1/glbs/000-062/888052f3e5464f119d35628a13642bf9.glb,sketchfab,glb,Creative Commons - Attribution,dda15c1f9156435db6ef86d49fd6a5d22a0e8a784a4222f69a6efc9659361729
https://sketchfab.com/3d-models/cfc454a8ee57492a9435a70d8e71f585,/workspace/data/objaverse_xl/hf-objaverse-v1/glbs/000-134/cfc454a8ee57492a9435a70d8e71f585.glb,sketchfab,glb,Creative Commons - Attribution,e3ae790b5dbf3783d6f8d39348d60570528f92c2dbb4da3770cc5031add3fd39
https://sketchfab.com/3d-models/14480c829c9f4bdaab0d85191136584f,/workspace/data/objaverse_xl/hf-objaverse-v1/glbs/000-157/14480c829c9f4bdaab0d85191136584f.glb,sketchfab,glb,Creative Commons - Attribution,d0d5d46ec15b5876f36aa2eb15ef9809f22973de0a3289de24ee6517cce9fc5f
https://sketchfab.com/3d-models/5ababe45bebf42b9b84f95e95b7ea252,/workspace/data/objaverse_xl/hf-objaverse-v1/glbs/000-049/5ababe45bebf42b9b84f95e95b7ea252.glb,sketchfab,glb,Creative Commons - Attribution,8e6647da4024c15e1b3fac73ee7260d7ace72b30cf89507a69b51468e2859087
https://sketchfab.com/3d-models/938a672411844302a8d9586e4451a1e2,/workspace/data/objaverse_xl/hf-objaverse-v1/glbs/000-033/938a672411844302a8d9586e4451a1e2.glb,sketchfab,glb,Creative Commons - Attribution,8f659a59dad9626741f25b63c4aaf17e4f48ced26d1f205e6195725a39f2a887
https://sketchfab.com/3d-models/b55d6274e4d4431fa422dd09f5086a63,/workspace/data/objaverse_xl/hf-objaverse-v1/glbs/000-069/b55d6274e4d4431fa422dd09f5086a63.glb,sketchfab,glb,Creative Commons - Attribution,1595972af956f08941baa9f47a58d8ae632b36d55adde24201991940457cde98
https://sketchfab.com/3d-models/5009e375cff7449cbfba677a5e722079,/workspace/data/objaverse_xl/hf-objaverse-v1/glbs/000-107/5009e375cff7449cbfba677a5e722079.glb,sketchfab,glb,Creative Commons Zero v1.0 Universal,7dd3467535acdc2da1b55986905e64b0ded7c1313bd58ac6d287fd5c735e88c9
https://sketchfab.com/3d-models/ccca09b3f0d84764afb129cdf20242b3,/workspace/data/objaverse_xl/hf-objaverse-v1/glbs/000-078/ccca09b3f0d84764afb129cdf20242b3.glb,sketchfab,glb,Creative Commons - Attribution - Non-Commercial - Share Alike,e3cafbfe52cec35f907b39236847f1d4a88d8417f6461902ab04d2ad1720c612
https://sketchfab.com/3d-models/8970948a49b74be694ce5805fcb0e9f7,/workspace/data/objaverse_xl/hf-objaverse-v1/glbs/000-012/8970948a49b74be694ce5805fcb0e9f7.glb,sketchfab,glb,Creative Commons - Attribution - Non-Commercial - Share Alike,89dc6233135f8ecb4493c62a4adc63b0f39f3f07bbd14104b90eda0132f10fcc
https://sketchfab.com/3d-models/43edfdafb906408c87a0731da91305cd,/workspace/data/objaverse_xl/hf-objaverse-v1/glbs/000-132/43edfdafb906408c87a0731da91305cd.glb,sketchfab,glb,Creative Commons - Attribution,5737cadc11b26f564a68a1b663f191f42574c827126a2793949ba5bccdb1ddc4
https://sketchfab.com/3d-models/af5f43ffa7e14da29cedb753d2b7ac69,/workspace/data/objaverse_xl/hf-objaverse-v1/glbs/000-101/af5f43ffa7e14da29cedb753d2b7ac69.glb,sketchfab,glb,Creative Commons - Attribution - Non-Commercial,9ade22578df44865bb97165f3127d9ba2f2c1124a26db4d5be2077bd6dedd9bf
https://sketchfab.com/3d-models/98de0676a15f44948b5d7cd8423b19a7,/workspace/data/objaverse_xl/hf-objaverse-v1/glbs/000-017/98de0676a15f44948b5d7cd8423b19a7.glb,sketchfab,glb,Creative Commons - Attribution - Non-Commercial - Share Alike,a7b6c749ef1643046ebcb970ec1ea3359e2974b8ff79cea4c7f41f1ce7a7fb2a
https://sketchfab.com/3d-models/a3f808ac220945a1ace62ffbc3238568,/workspace/data/objaverse_xl/hf-objaverse-v1/glbs/000-077/a3f808ac220945a1ace62ffbc3238568.glb,sketchfab,glb,Creative Commons - Attribution,6db87e777b250d20f29cc55447c8cd6253bc5c12b6916613e8a7856318474a5b
https://sketchfab.com/3d-models/2551a9ec38a941fcbab08926d23014f2,/workspace/data/objaverse_xl/hf-objaverse-v1/glbs/000-074/2551a9ec38a941fcbab08926d23014f2.glb,sketchfab,glb,Creative Commons - Attribution,250d35fb3af1ea3b8f9a73566f1b162dc7bbaf21ec00e827da12affc14e70385
https://sketchfab.com/3d-models/9392a4fb09a0483e8b3cba5d1c196c14,/workspace/data/objaverse_xl/hf-objaverse-v1/glbs/000-157/9392a4fb09a0483e8b3cba5d1c196c14.glb,sketchfab,glb,Creative Commons - Attribution,274f6211ad650a0a84ad5dbd16e88ecd9f61e1463223c57655b930fec4c139cd
https://sketchfab.com/3d-models/a7e0c31148394ac69a7cd75020e79380,/workspace/data/objaverse_xl/hf-objaverse-v1/glbs/000-103/a7e0c31148394ac69a7cd75020e79380.glb,sketchfab,glb,Creative Commons - Attribution,1caccef159eac116c6c4cede9e8f6842bc9c1cf6ae3cb01a7a48636290d8eef6
https://sketchfab.com/3d-models/30fc16a9ec0e4e389735206a88d45cb9,/workspace/data/objaverse_xl/hf-objaverse-v1/glbs/000-142/30fc16a9ec0e4e389735206a88d45cb9.glb,sketchfab,glb,Creative Commons - Attribution,3971a4eb31f4d6043aa95145317c91e38ba57930aecc05511e45a73068a1037b
https://sketchfab.com/3d-models/a66a4dad65bc41589d464561e4f91102,/workspace/data/objaverse_xl/hf-objaverse-v1/glbs/000-111/a66a4dad65bc41589d464561e4f91102.glb,sketchfab,glb,Creative Commons - Attribution,9939f6d30c8876466348be72382d64c54aeacc40e94b1b1949e096182c5257e4
https://sketchfab.com/3d-models/d2db9b84f8b140ccbff52525c087bd0d,/workspace/data/objaverse_xl/hf-objaverse-v1/glbs/000-047/d2db9b84f8b140ccbff52525c087bd0d.glb,sketchfab,glb,Creative Commons - Attribution,d142768478c3cc2416e02a31062d0f4cef41a6ebdfb6b56d91b764325d5425a1
https://sketchfab.com/3d-models/4d50691f0d8c45c796aaa0e32c82b7e0,/workspace/data/objaverse_xl/hf-objaverse-v1/glbs/000-115/4d50691f0d8c45c796aaa0e32c82b7e0.glb,sketchfab,glb,Creative Commons - Attribution,42fa48a37c1accc22a319c3292c8e36c149551b1f6b9e31cefb7923567a0f6f2
https://sketchfab.com/3d-models/67703bd056a249f2a11e84e767992f60,/workspace/data/objaverse_xl/hf-objaverse-v1/glbs/000-130/67703bd056a249f2a11e84e767992f60.glb,sketchfab,glb,Creative Commons - Attribution,5fbd884be98922629aa3cfb4d6ae62304806b73117ef15db0b819518a297af68
https://sketchfab.com/3d-models/fd5e5af4cce846c5a733fe45bd0fdc12,/workspace/data/objaverse_xl/hf-objaverse-v1/glbs/000-004/fd5e5af4cce846c5a733fe45bd0fdc12.glb,sketchfab,glb,Creative Commons - Attribution,3b58152d9f48cc1779453c678ff3b404b51919e99c6c35da78e6e04e7d6ebe0b
https://sketchfab.com/3d-models/851b73ddbf944199926ac20c9435180d,/workspace/data/objaverse_xl/hf-objaverse-v1/glbs/000-102/851b73ddbf944199926ac20c9435180d.glb,sketchfab,glb,Creative Commons - Attribution,b1ab6094708f28d8fa1d08d9206484aa0d3bbd9570dd8e38a62b364502c8376b
https://sketchfab.com/3d-models/79240b2b2bda40a8913632f78a6dca10,/workspace/data/objaverse_xl/hf-objaverse-v1/glbs/000-092/79240b2b2bda40a8913632f78a6dca10.glb,sketchfab,glb,Creative Commons - Attribution,ab559a4bc15adbaea11da200b34c2e9bc53d20cf9e4cad5540abd2dbe3525e57
https://sketchfab.com/3d-models/dc8acdf2a07c4277b91f191e6cb183ee,/workspace/data/objaverse_xl/hf-objaverse-v1/glbs/000-100/dc8acdf2a07c4277b91f191e6cb183ee.glb,sketchfab,glb,Creative Commons - Attribution,13953d5d1f0dd6f1e8ce0d038508de87eae71be103df12899b6846e99c47fc04
https://sketchfab.com/3d-models/9e51e8bf907948409f42c8b90db5230e,/workspace/data/objaverse_xl/hf-objaverse-v1/glbs/000-066/9e51e8bf907948409f42c8b90db5230e.glb,sketchfab,glb,Creative Commons - Attribution - Non-Commercial - Share Alike,2165e9e1ef109b9a50df6d99399481f5e4887831d9d667482935fc6b8e22068d
https://sketchfab.com/3d-models/cb8fc6499d694c789550fe829e573887,/workspace/data/objaverse_xl/hf-objaverse-v1/glbs/000-017/cb8fc6499d694c789550fe829e573887.glb,sketchfab,glb,Creative Commons - Attribution,7fb694bbfb0f583c1a2c4349c7470c72a2f1a5a07aeadf846ba8ae9a02ca2774
https://sketchfab.com/3d-models/5067e74bc40e4ddeaa9d7c2d456022aa,/workspace/data/objaverse_xl/hf-objaverse-v1/glbs/000-136/5067e74bc40e4ddeaa9d7c2d456022aa.glb,sketchfab,glb,Creative Commons - Attribution,08fc8b4e0e2b7cbdaa4e9b47b46ec683f25238fa435e37939bd4d78bdaeec5c8
https://sketchfab.com/3d-models/f1a218ca7a044309975c24932c3be81f,/workspace/data/objaverse_xl/hf-objaverse-v1/glbs/000-119/f1a218ca7a044309975c24932c3be81f.glb,sketchfab,glb,Creative Commons - Attribution,251823ca66edc61ae3aaaa86bacc5dbae906095dcb7c3e12491dfb15c38506ad
https://sketchfab.com/3d-models/f4c4e08855a9445fa5afe28824027e8b,/workspace/data/objaverse_xl/hf-objaverse-v1/glbs/000-155/f4c4e08855a9445fa5afe28824027e8b.glb,sketchfab,glb,Creative Commons - Attribution - Non-Commercial - Share Alike,2cfbbf6badf874d01eb37e98187c383246012715b789b3f0dc3ffd40a435fa1c
https://sketchfab.com/3d-models/ddb7e8502d7d4435a5389c71ff095e7b,/workspace/data/objaverse_xl/hf-objaverse-v1/glbs/000-079/ddb7e8502d7d4435a5389c71ff095e7b.glb,sketchfab,glb,Creative Commons - Attribution,b312bf7e13a8204120b9d10ab1a2f070051111eab0acf3b2be4f89bd1119d860
https://sketchfab.com/3d-models/b561681de4fc4ef0bdc028ec7726c354,/workspace/data/objaverse_xl/hf-objaverse-v1/glbs/000-001/b561681de4fc4ef0bdc028ec7726c354.glb,sketchfab,glb,Creative Commons - Attribution,12fd3219cce4b9bc22fcd052f7a96e76948f528b51347dbdf11449750d65962e
https://sketchfab.com/3d-models/7cb694e883e74795b2258ba1247aa2bf,/workspace/data/objaverse_xl/hf-objaverse-v1/glbs/000-043/7cb694e883e74795b2258ba1247aa2bf.glb,sketchfab,glb,Creative Commons - Attribution,419750825903b00a7a869d7e4c039f3c09466a24431e1968fc317cc4a803da5c
https://sketchfab.com/3d-models/35f3fe63ebfa4bc0ade8b97ffbab3203,/workspace/data/objaverse_xl/hf-objaverse-v1/glbs/000-037/35f3fe63ebfa4bc0ade8b97ffbab3203.glb,sketchfab,glb,Creative Commons - Attribution,37047d00442b1aa72ac5fd2010382a15fc9adc8f757ed742ff7568f80b041a3e
https://sketchfab.com/3d-models/bea7b34f59fe41ec96713768b7ba5251,/workspace/data/objaverse_xl/hf-objaverse-v1/glbs/000-074/bea7b34f59fe41ec96713768b7ba5251.glb,sketchfab,glb,Creative Commons - Attribution - Non-Commercial - Share Alike,835721ce29ddda5894d7ef94f0feacc9b808697051233cc5c2b5f511fa90201a
https://sketchfab.com/3d-models/49d91741086943c3be63db76660a3355,/workspace/data/objaverse_xl/hf-objaverse-v1/glbs/000-087/49d91741086943c3be63db76660a3355.glb,sketchfab,glb,Creative Commons - Attribution,c92360943ac53334ca488ea45d5aa824acc7071b558df18b0854d80748b7e779
https://sketchfab.com/3d-models/c1d8f09733d64972bdcf5fe999438a75,/workspace/data/objaverse_xl/hf-objaverse-v1/glbs/000-104/c1d8f09733d64972bdcf5fe999438a75.glb,sketchfab,glb,Creative Commons - Attribution,75055d6cfed3371ea766b92f5207b90eb6aa872039699bbf2ea3bea8eb91bdbc
https://sketchfab.com/3d-models/6ea2d11b6bb647e7847c8d5a361f7c30,/workspace/data/objaverse_xl/hf-objaverse-v1/glbs/000-115/6ea2d11b6bb647e7847c8d5a361f7c30.glb,sketchfab,glb,Creative Commons - Attribution,c106df041645eb3a1ff3e3c2985f36d8a90ccaa6de631d36e1fe9a2e3d1e260a
https://sketchfab.com/3d-models/ff2ce2a6cbbf48dba4a0bdb595c43ad3,/workspace/data/objaverse_xl/hf-objaverse-v1/glbs/000-073/ff2ce2a6cbbf48dba4a0bdb595c43ad3.glb,sketchfab,glb,Creative Commons - Attribution,26a81ece4e3a362a352fa734a8fc843d6e1d38e0acc595edcea79fd5ac25cf66
https://sketchfab.com/3d-models/2be64b5765364868b67612e0fb796c43,/workspace/data/objaverse_xl/hf-objaverse-v1/glbs/000-026/2be64b5765364868b67612e0fb796c43.glb,sketchfab,glb,Creative Commons - Attribution,fee94d5f8c34aee5f58fd4af55310295a2910e9cbb54f66065d45ed06d3c01e2
https://sketchfab.com/3d-models/125927bb446940ca83e908ef31137fe7,/workspace/data/objaverse_xl/hf-objaverse-v1/glbs/000-121/125927bb446940ca83e908ef31137fe7.glb,sketchfab,glb,Creative Commons - Attribution,45f37260fa9e602c952f20f459673336124c721af30fe17aa2141dfb4ef2ae7d
https://sketchfab.com/3d-models/36b59b2dbfa54c0891075f3858a90c24,/workspace/data/objaverse_xl/hf-objaverse-v1/glbs/000-016/36b59b2dbfa54c0891075f3858a90c24.glb,sketchfab,glb,Creative Commons - Attribution,6c2660dd557b44cc8efa16931663fcfc8480a22305278adb45bde08c7eddf195
https://sketchfab.com/3d-models/35f852e028664cbb9b7b91fe01b0ba2b,/workspace/data/objaverse_xl/hf-objaverse-v1/glbs/000-131/35f852e028664cbb9b7b91fe01b0ba2b.glb,sketchfab,glb,Creative Commons - Attribution,eb282da917da374325d4557ab61b993bc490cf2ccd4dc440e946241f6e5566c4
https://sketchfab.com/3d-models/abc4f19e438c4fc282b994f64efa7ee8,/workspace/data/objaverse_xl/hf-objaverse-v1/glbs/000-157/abc4f19e438c4fc282b994f64efa7ee8.glb,sketchfab,glb,Creative Commons - Attribution,7f9a71be07aa8927f08208189c7bf49f6acef8ef1bb7858b2f80dcd48610d9be
https://sketchfab.com/3d-models/dd10eb2de86c435bb050bb74a5ff0363,/workspace/data/objaverse_xl/hf-objaverse-v1/glbs/000-099/dd10eb2de86c435bb050bb74a5ff0363.glb,sketchfab,glb,Creative Commons - Attribution,c34e8e944ec6495c79cfeb85a09df2868a5e7476b86eaf985b06ef88729c1428
https://sketchfab.com/3d-models/13a409d10f154d5dbfd009fe75d52222,/workspace/data/objaverse_xl/hf-objaverse-v1/glbs/000-014/13a409d10f154d5dbfd009fe75d52222.glb,sketchfab,glb,Creative Commons - Attribution,8463df9386478b2ad686642e9d3eb97b2b11e36416c94cdf68e04f02d19e6743
https://sketchfab.com/3d-models/bf59a4f1a65647319a28a0ba170db992,/workspace/data/objaverse_xl/hf-objaverse-v1/glbs/000-128/bf59a4f1a65647319a28a0ba170db992.glb,sketchfab,glb,Creative Commons - Attribution,32fbc021ba1a8670a2cba2d6dbdad922bd69ccc88b0f53eb72591ff06858c361
https://sketchfab.com/3d-models/fc17c624cef44975b28727294a282c88,/workspace/data/objaverse_xl/hf-objaverse-v1/glbs/000-090/fc17c624cef44975b28727294a282c88.glb,sketchfab,glb,Creative Commons - Attribution - Share Alike,1a9cebfb1e1a578a45c064fae4c34adce8357f389254ea9a4d9d3696f187cbc7
https://sketchfab.com/3d-models/c56a4751544a4ce29ff3b6032fe69f49,/workspace/data/objaverse_xl/hf-objaverse-v1/glbs/000-093/c56a4751544a4ce29ff3b6032fe69f49.glb,sketchfab,glb,Creative Commons - Attribution,311092160b3550c6c291fa309555e50622e7faacbb78bed55721975c269358b1
https://sketchfab.com/3d-models/d04322da08614f4b90943dd1f9106421,/workspace/data/objaverse_xl/hf-objaverse-v1/glbs/000-062/d04322da08614f4b90943dd1f9106421.glb,sketchfab,glb,Creative Commons - Attribution,120e20b2c7549a6c253a95d42e217783221dd3a9380931ccea6462f19ba76e0f
https://sketchfab.com/3d-models/31128836a25e4c469e73b17354022cec,/workspace/data/objaverse_xl/hf-objaverse-v1/glbs/000-081/31128836a25e4c469e73b17354022cec.glb,sketchfab,glb,Creative Commons - Attribution - Share Alike,05b305db5c354aaa4cf174b74d3ebff54c6ca49d677b93db42b27898c4d8dfcf
https://sketchfab.com/3d-models/ca45e21d132844c1b3590d388253330c,/workspace/data/objaverse_xl/hf-objaverse-v1/glbs/000-129/ca45e21d132844c1b3590d388253330c.glb,sketchfab,glb,Creative Commons - Attribution,04e2d0a38374c381b72fcbabce453d27ad172b5ddec8bb0728395a9c5aa5a94e
https://sketchfab.com/3d-models/f2727c5f3eec4c0cb9c5d389701e9649,/workspace/data/objaverse_xl/hf-objaverse-v1/glbs/000-137/f2727c5f3eec4c0cb9c5d389701e9649.glb,sketchfab,glb,Creative Commons - Attribution,8f1286ea8946e71cf69ccef2c7ee6d3bbeabc3ecf90cfc26f2b85f2f025bec43
https://sketchfab.com/3d-models/9887e104da5148e5a34a07542344743c,/workspace/data/objaverse_xl/hf-objaverse-v1/glbs/000-091/9887e104da5148e5a34a07542344743c.glb,sketchfab,glb,Creative Commons - Attribution,d0145154322c8920afa7f1cc1db16f7a2f68c972ead202e99311dabf5924455f
https://sketchfab.com/3d-models/3e5ebc0830aa4593954dbaba77babd25,/workspace/data/objaverse_xl/hf-objaverse-v1/glbs/000-055/3e5ebc0830aa4593954dbaba77babd25.glb,sketchfab,glb,Creative Commons - Attribution,5b977accad170b7e5b8c1209d36489115049afb7ab1beee6c91fb469e47663df
https://sketchfab.com/3d-models/b333baa179bc46099a52fb9d8dfd22eb,/workspace/data/objaverse_xl/hf-objaverse-v1/glbs/000-007/b333baa179bc46099a52fb9d8dfd22eb.glb,sketchfab,glb,Creative Commons - Attribution,bfb396f2d5e1bc8fe21e216e07ea2e3b70cc545735a2cfc4636940fb7ebbdda8
https://sketchfab.com/3d-models/eb85edb5519145d1998cefacd9751451,/workspace/data/objaverse_xl/hf-objaverse-v1/glbs/000-094/eb85edb5519145d1998cefacd9751451.glb,sketchfab,glb,Creative Commons - Attribution,194e720bd6130b5a0c5bd2678ce45dc233428903b8efff7467a02ba18815f75d
https://sketchfab.com/3d-models/ffe2bb6df7dd441493e43403046e383a,/workspace/data/objaverse_xl/hf-objaverse-v1/glbs/000-075/ffe2bb6df7dd441493e43403046e383a.glb,sketchfab,glb,Creative Commons - Attribution,9c07895e911ec2dab9d14f056cbb0f242105f067368c7b21e59573918d63cc8b
https://sketchfab.com/3d-models/8f67e2e9cf184a42a9417bd71eb56f0d,/workspace/data/objaverse_xl/hf-objaverse-v1/glbs/000-078/8f67e2e9cf184a42a9417bd71eb56f0d.glb,sketchfab,glb,Creative Commons - Attribution - Share Alike,8c4f953d2ab11193f26c35f0f1de119e5967357b4e2850014f6e512385f065b2
https://sketchfab.com/3d-models/89f8aa856bce497f9c1a7dbfdd3c857e,/workspace/data/objaverse_xl/hf-objaverse-v1/glbs/000-113/89f8aa856bce497f9c1a7dbfdd3c857e.glb,sketchfab,glb,Creative Commons - Attribution,514ee778d5853aad8ecce4ac35157b45378af46a5f83ff94eb9c38aa8e832281
https://sketchfab.com/3d-models/eecfee26bbe54bfc9cb8e1904f33c0b7,/workspace/data/objaverse_xl/hf-objaverse-v1/glbs/000-075/eecfee26bbe54bfc9cb8e1904f33c0b7.glb,sketchfab,glb,Creative Commons - Attribution,1843c70b85ae23a2e699c3390e41e5ba7b6439edf53e4f5582c8bca64e350b2d
https://sketchfab.com/3d-models/5657562e17f348b0a490ba31aab653df,/workspace/data/objaverse_xl/hf-objaverse-v1/glbs/000-065/5657562e17f348b0a490ba31aab653df.glb,sketchfab,glb,Creative Commons - Attribution - Share Alike,2dfb4d150dabca6318cf51a145b26f9a88a7a0310e954befa814e051c527e0e7
https://sketchfab.com/3d-models/fa9df5d35aeb44cfb39526aeddca1e69,/workspace/data/objaverse_xl/hf-objaverse-v1/glbs/000-149/fa9df5d35aeb44cfb39526aeddca1e69.glb,sketchfab,glb,Creative Commons - Attribution,d17391753bfec41d3c2367ce2fbd14c992060507e09b9d933c38be2714e9a537
https://sketchfab.com/3d-models/09ca31905d5942449c0a5d04b82203b5,/workspace/data/objaverse_xl/hf-objaverse-v1/glbs/000-130/09ca31905d5942449c0a5d04b82203b5.glb,sketchfab,glb,Creative Commons - Attribution,b356beff7493d38bebe0e2dea6b4b9b3ddedc6f5e1abb0fb4e1fa7479f9a9912
https://sketchfab.com/3d-models/d3f8038d33a5401f91fcfdb5c760a2b0,/workspace/data/objaverse_xl/hf-objaverse-v1/glbs/000-027/d3f8038d33a5401f91fcfdb5c760a2b0.glb,sketchfab,glb,Creative Commons - Attribution,6308180750c688d5e85cd43fe62476638f1f797c9be96fa98fe47511328fcfce
https://sketchfab.com/3d-models/ef334cf6d2ee4f318e8bd4bcea2dac79,/workspace/data/objaverse_xl/hf-objaverse-v1/glbs/000-071/ef334cf6d2ee4f318e8bd4bcea2dac79.glb,sketchfab,glb,Creative Commons - Attribution - Non-Commercial - Share Alike,bccda1a98f4a369c97efa20ca20a60dabcd4394520b689f52322bfe5c6c92055
https://sketchfab.com/3d-models/5271e2fdf58d498d941d5eae4eb1ed6d,/workspace/data/objaverse_xl/hf-objaverse-v1/glbs/000-059/5271e2fdf58d498d941d5eae4eb1ed6d.glb,sketchfab,glb,Creative Commons - Attribution,4d2ca04d4503eb37609f7ec14ebae1cb6a06ba8fca5233aa69adf4aedff1c94a
https://sketchfab.com/3d-models/d582b7a7a2ed4b4e921831ee2e2131d2,/workspace/data/objaverse_xl/hf-objaverse-v1/glbs/000-085/d582b7a7a2ed4b4e921831ee2e2131d2.glb,sketchfab,glb,Creative Commons - Attribution,432210a3dc9a0e9aa8e1e61c43850c86ff9b5f3dcd2c621efdb375b698d3ab69
https://sketchfab.com/3d-models/a727772598d247a999172cb232e73ff5,/workspace/data/objaverse_xl/hf-objaverse-v1/glbs/000-108/a727772598d247a999172cb232e73ff5.glb,sketchfab,glb,Creative Commons - Attribution,104ecff47cf8a4060664810bef613c2d9b1b3e2d552d5d8c44a57ba44567412a
https://sketchfab.com/3d-models/3228e4f510a947ab9caa47c8a8f5fd7c,/workspace/data/objaverse_xl/hf-objaverse-v1/glbs/000-034/3228e4f510a947ab9caa47c8a8f5fd7c.glb,sketchfab,glb,Creative Commons - Attribution,c6ab2e29ac2d1f00432f5fd4775fb5bc889f53d6c206e9de39a0c2ad82993dd5
https://sketchfab.com/3d-models/6f903e86f6564a86bc4913554d77fa9b,/workspace/data/objaverse_xl/hf-objaverse-v1/glbs/000-115/6f903e86f6564a86bc4913554d77fa9b.glb,sketchfab,glb,Creative Commons - Attribution,93b348e93de55f8206490fe8492d10d8cd579f83cd2a92a0451c2c35baf298b7
https://sketchfab.com/3d-models/896480679b344d97bd2c1a64d2033dea,/workspace/data/objaverse_xl/hf-objaverse-v1/glbs/000-000/896480679b344d97bd2c1a64d2033dea.glb,sketchfab,glb,Creative Commons - Attribution - Non-Commercial,8320b624d206bc48d9327b9854af86cc94897ef100d8ba65819dfef6cef3943f
https://sketchfab.com/3d-models/f9f079959a754b499ea63068a8dc2e26,/workspace/data/objaverse_xl/hf-objaverse-v1/glbs/000-129/f9f079959a754b499ea63068a8dc2e26.glb,sketchfab,glb,Creative Commons - Attribution,ac5b3aa1c19dc4f561115f5be0c01d927d27b7a28f14a2e4a836785ba6f2781b
https://sketchfab.com/3d-models/32796209d1bd4c71907aaf6c16b29a3f,/workspace/data/objaverse_xl/hf-objaverse-v1/glbs/000-149/32796209d1bd4c71907aaf6c16b29a3f.glb,sketchfab,glb,Creative Commons - Attribution,0320a2d9d2e065ff830fe5d0201058ce0490744e00c9fc2036cbb82c67e2a892
https://sketchfab.com/3d-models/110d0e00db7e482aa0d155dc72dafe15,/workspace/data/objaverse_xl/hf-objaverse-v1/glbs/000-114/110d0e00db7e482aa0d155dc72dafe15.glb,sketchfab,glb,Creative Commons - Attribution,0d22b2a1feb186d8cf6c250f4d91ad3898ab3cbc7cb4a20b7fd0d86c522555b5
https://sketchfab.com/3d-models/07143bbe43df46a78d38c02b034534c4,/workspace/data/objaverse_xl/hf-objaverse-v1/glbs/000-095/07143bbe43df46a78d38c02b034534c4.glb,sketchfab,glb,Creative Commons - Attribution,2371067a3c8214b1c8a08e4d209a8a273a140ce8d7b9184a8114faad302db7ab
https://sketchfab.com/3d-models/15b5caf2761447fc866fe365f39c0a61,/workspace/data/objaverse_xl/hf-objaverse-v1/glbs/000-073/15b5caf2761447fc866fe365f39c0a61.glb,sketchfab,glb,Creative Commons - Attribution,c3292b7ba0d943b98e78687ea872294fc5cc30ffa014abb909d66d56a8a731ab
https://sketchfab.com/3d-models/3da7a25dbfd74e04bb5f1f0b5b479ccd,/workspace/data/objaverse_xl/hf-objaverse-v1/glbs/000-050/3da7a25dbfd74e04bb5f1f0b5b479ccd.glb,sketchfab,glb,Creative Commons - Attribution,31f905a21d4f66ee92dca968413e3076e91e96c76e1f2e7bbafb7bf927102054
https://sketchfab.com/3d-models/c98ed292cdde45cfb15d3b51ed01b9bc,/workspace/data/objaverse_xl/hf-objaverse-v1/glbs/000-126/c98ed292cdde45cfb15d3b51ed01b9bc.glb,sketchfab,glb,Creative Commons - Attribution,d20f5d9d3d6ab8a6222ef96940d04357b1aa82594657c171fd2ab3c45e8428b8
https://sketchfab.com/3d-models/98b32a21986c46aeaa3663e19c17d9d9,/workspace/data/objaverse_xl/hf-objaverse-v1/glbs/000-065/98b32a21986c46aeaa3663e19c17d9d9.glb,sketchfab,glb,Creative Commons - Attribution - Share Alike,3d6eca64130680db67f683b099352dc22f58e8284c55ad311c619c3a32286e9e
https://sketchfab.com/3d-models/03ea9f28d71a4d03bdf298d4b4af006c,/workspace/data/objaverse_xl/hf-objaverse-v1/glbs/000-023/03ea9f28d71a4d03bdf298d4b4af006c.glb,sketchfab,glb,Creative Commons - Attribution,9b52ed0e0ac62dba87ff3dbe5a095b97a3fa809532bad24975d96fa5b03d260b
https://sketchfab.com/3d-models/16a067a838f241b39dcb13c95f46aecc,/workspace/data/objaverse_xl/hf-objaverse-v1/glbs/000-101/16a067a838f241b39dcb13c95f46aecc.glb,sketchfab,glb,Creative Commons - Attribution,714803d683d48b5ecaf6201b85910d1b6f889077641024a926ff71adbf7de15e
https://sketchfab.com/3d-models/9ed0cb5efb2545dba886996d1b4106ed,/workspace/data/objaverse_xl/hf-objaverse-v1/glbs/000-084/9ed0cb5efb2545dba886996d1b4106ed.glb,sketchfab,glb,Creative Commons - Attribution - Non-Commercial - Share Alike,4a1625ce4928cb346b49847623fb898e50649b6ac03b492d98ac50198550b194
https://sketchfab.com/3d-models/c2ba408c1767445fafe426b86ca24457,/workspace/data/objaverse_xl/hf-objaverse-v1/glbs/000-081/c2ba408c1767445fafe426b86ca24457.glb,sketchfab,glb,Creative Commons - Attribution - Share Alike,b6fd8e573076635d4467ec7ff1a337e2c18a22cc470a6282cfb754052391993a
https://sketchfab.com/3d-models/bb632c8ac1774fa3945ab29d2c13c73d,/workspace/data/objaverse_xl/hf-objaverse-v1/glbs/000-048/bb632c8ac1774fa3945ab29d2c13c73d.glb,sketchfab,glb,Creative Commons - Attribution,04fd7ad287476d5690f4880a13cf1af63674c2d612f7ea203441992b0b0f8380
https://sketchfab.com/3d-models/e2bbe053d22143878ce600512554b58a,/workspace/data/objaverse_xl/hf-objaverse-v1/glbs/000-071/e2bbe053d22143878ce600512554b58a.glb,sketchfab,glb,Creative Commons - Attribution,5d44c098decb94de6e569db4988ec3c37d72e7000794a0bb3b09ec5649faff07
https://sketchfab.com/3d-models/9c1dad0cc26a4d2fa16d59d067c8f871,/workspace/data/objaverse_xl/hf-objaverse-v1/glbs/000-075/9c1dad0cc26a4d2fa16d59d067c8f871.glb,sketchfab,glb,Creative Commons - Attribution,b0fb1122c965ea5276866c05b07fa73c41011544b03978d4e8ccdf0f2dd499b7
https://sketchfab.com/3d-models/e72bb6c0de9b4c07b5b47461f6a80a7b,/workspace/data/objaverse_xl/hf-objaverse-v1/glbs/000-077/e72bb6c0de9b4c07b5b47461f6a80a7b.glb,sketchfab,glb,Creative Commons Zero v1.0 Universal,3638ca4a671e093f717c6e4c17afd8ebfe6e90eccffd146c411890e4468a17a6
https://sketchfab.com/3d-models/2ef00028bb954d8d98cec89a897e724a,/workspace/data/objaverse_xl/hf-objaverse-v1/glbs/000-025/2ef00028bb954d8d98cec89a897e724a.glb,sketchfab,glb,Creative Commons - Attribution,4fcba5d5a31f71b294091e70afa0a6aa2e30f3d478ac287db40d298c1caf1167
https://sketchfab.com/3d-models/33d1ec20564b47b6b9ad363a6de06a2f,/workspace/data/objaverse_xl/hf-objaverse-v1/glbs/000-137/33d1ec20564b47b6b9ad363a6de06a2f.glb,sketchfab,glb,Creative Commons - Attribution - Non-Commercial - Share Alike,c29111a2ca040bd4605947cf596aa0bdc3ae89c228f8f001927623a1df1efec1
https://sketchfab.com/3d-models/9c4f19635fcd4e2f8eca309f02fe2cb4,/workspace/data/objaverse_xl/hf-objaverse-v1/glbs/000-117/9c4f19635fcd4e2f8eca309f02fe2cb4.glb,sketchfab,glb,Creative Commons - Attribution - Non-Commercial - Share Alike,98ab701eb2c7e08d6e40024a688609ac5a12588528a4bbbc77b2d083c322f9e7
https://sketchfab.com/3d-models/ca8c14ce02de4ce0b82538e062a7b20f,/workspace/data/objaverse_xl/hf-objaverse-v1/glbs/000-033/ca8c14ce02de4ce0b82538e062a7b20f.glb,sketchfab,glb,Creative Commons - Attribution - Non-Commercial - Share Alike,e39717a0510e9fa8cd45062ce627d36227f499b43cec43b3f2abf1b1a161b056
https://sketchfab.com/3d-models/e6d31ab5423c40c8b73772c66f1b88bb,/workspace/data/objaverse_xl/hf-objaverse-v1/glbs/000-012/e6d31ab5423c40c8b73772c66f1b88bb.glb,sketchfab,glb,Creative Commons - Attribution,a77df40fd8c5ad40bb877a8bed27b74c7c8fb6a92f5862d814b048c3bb412e37
https://sketchfab.com/3d-models/5aa1dfced549418d9ca3d18f3cda6013,/workspace/data/objaverse_xl/hf-objaverse-v1/glbs/000-122/5aa1dfced549418d9ca3d18f3cda6013.glb,sketchfab,glb,Creative Commons - Attribution,cbc69576d610f1df669b727fd3292a0feeb3b0b57bf61dd6450f14e05b03482d
https://sketchfab.com/3d-models/f7aba3845a9a4ea29f00a1aa80688931,/workspace/data/objaverse_xl/hf-objaverse-v1/glbs/000-090/f7aba3845a9a4ea29f00a1aa80688931.glb,sketchfab,glb,Creative Commons - Attribution,58565e644ed7996cc44771b30a4f3f564bb748c1517d16061ef12f65cee6bf7e
https://sketchfab.com/3d-models/0f5f96b00f604b14acef2785437aa2bb,/workspace/data/objaverse_xl/hf-objaverse-v1/glbs/000-098/0f5f96b00f604b14acef2785437aa2bb.glb,sketchfab,glb,Creative Commons - Attribution,588539a101dcc76f270c8976fdc3dac49e879a161729c89b6c9a4a8faab9b504
https://sketchfab.com/3d-models/8b001636938c4e17a74ccdd19166b8e0,/workspace/data/objaverse_xl/hf-objaverse-v1/glbs/000-127/8b001636938c4e17a74ccdd19166b8e0.glb,sketchfab,glb,Creative Commons - Attribution,20dff317a67763b53e95a5b92cdeebd13256963dc285801f8a9bfc6615b784a4
https://sketchfab.com/3d-models/35f799ada8b44ad188b8492d5066ebba,/workspace/data/objaverse_xl/hf-objaverse-v1/glbs/000-053/35f799ada8b44ad188b8492d5066ebba.glb,sketchfab,glb,Creative Commons - Attribution,8a100169b3a563749c262b8d4d420b8507fd0b3d829c22a6a6ea21e37fbf16bb
https://sketchfab.com/3d-models/2631ebf71e034298b517191322933592,/workspace/data/objaverse_xl/hf-objaverse-v1/glbs/000-141/2631ebf71e034298b517191322933592.glb,sketchfab,glb,Creative Commons Zero v1.0 Universal,f69c2bff73d2eb97ead28d6df9e3898d2457be2e4e86a78f5198620952ab0b4c
https://sketchfab.com/3d-models/raDkZufaPmrkD3gmONnjQK9q3GC,/workspace/data/objaverse_xl/hf-objaverse-v1/glbs/000-069/raDkZufaPmrkD3gmONnjQK9q3GC.glb,sketchfab,glb,Creative Commons - Attribution - Non-Commercial - Share Alike,6936aa1763b49d6edfbaa7d36d787dad26ac72b2744420f2f831f2a81396f563
https://sketchfab.com/3d-models/409fb519458e41dfa7d87943a3f95224,/workspace/data/objaverse_xl/hf-objaverse-v1/glbs/000-086/409fb519458e41dfa7d87943a3f95224.glb,sketchfab,glb,Creative Commons - Attribution,2b22b1462ccad453fd2cce2088e96c667e11ce41993fb39054047665876f2a5e
https://sketchfab.com/3d-models/4333e6b71fcd499e925272672c728847,/workspace/data/objaverse_xl/hf-objaverse-v1/glbs/000-141/4333e6b71fcd499e925272672c728847.glb,sketchfab,glb,Creative Commons - Attribution,edf9d7e2c6b10a3d4af4e3a009f18a0a694f660aaffb0b0eabe8c1edd4939e37
https://sketchfab.com/3d-models/60ba79a7e35746238cf0b4594b86e5fd,/workspace/data/objaverse_xl/hf-objaverse-v1/glbs/000-013/60ba79a7e35746238cf0b4594b86e5fd.glb,sketchfab,glb,Creative Commons - Attribution,fcf053d4ddcc50ab167259806bee1d412e733721f31bd3602b9734104c9a804d
https://sketchfab.com/3d-models/a9e46416febc4a52b42ad56aba4015f6,/workspace/data/objaverse_xl/hf-objaverse-v1/glbs/000-157/a9e46416febc4a52b42ad56aba4015f6.glb,sketchfab,glb,Creative Commons - Attribution,cdc4c41b02eb6e9b5099a99ffa2aa80da1d448a4752f57179cb60701ddd18635
https://sketchfab.com/3d-models/62331c445e17452c848f2e3cd5d86d6f,/workspace/data/objaverse_xl/hf-objaverse-v1/glbs/000-074/62331c445e17452c848f2e3cd5d86d6f.glb,sketchfab,glb,Creative Commons - Attribution,a71d8ebe35e1887ccf119dbe03d58a4459ff2c1f5455dfce730ae1d3d020298c
https://sketchfab.com/3d-models/95061b00e27240f2990f22a8929b4208,/workspace/data/objaverse_xl/hf-objaverse-v1/glbs/000-141/95061b00e27240f2990f22a8929b4208.glb,sketchfab,glb,Creative Commons - Attribution,0c183b38e1f892f1749ab29ea5a65619193258ea6dee84c06e2d7319caf9dca3
https://sketchfab.com/3d-models/1c7536fabe874300baadd6b80147ffdc,/workspace/data/objaverse_xl/hf-objaverse-v1/glbs/000-154/1c7536fabe874300baadd6b80147ffdc.glb,sketchfab,glb,Creative Commons - Attribution,01103067bdacc773e02151944b8fae2a7213e49e33cb36091f2eaab6fac5123f
https://sketchfab.com/3d-models/89cb2a507ae54869928d6d02e43f2d84,/workspace/data/objaverse_xl/hf-objaverse-v1/glbs/000-093/89cb2a507ae54869928d6d02e43f2d84.glb,sketchfab,glb,Creative Commons - Attribution,5abedef7c6e7ce5f15f94ba48ae9dfd4f0134eff289a5120035b2d2bd33e49a6
https://sketchfab.com/3d-models/e603e7e30a5b420082a49948326b2064,/workspace/data/objaverse_xl/hf-objaverse-v1/glbs/000-050/e603e7e30a5b420082a49948326b2064.glb,sketchfab,glb,Creative Commons - Attribution,94922aca020b08ee42d69ffcdac89ac136a57cd8ae6b20083468cb6396a8ced5
https://sketchfab.com/3d-models/8516475d593b44f7bf9c256353e7bca9,/workspace/data/objaverse_xl/hf-objaverse-v1/glbs/000-126/8516475d593b44f7bf9c256353e7bca9.glb,sketchfab,glb,Creative Commons - Attribution - Share Alike,989c1e6b98c605f093c6815a8f654c8eef4f53b8ad96496cc15b0f1743cf5c44
https://sketchfab.com/3d-models/25ab8ea5714b43a5ae6c780630341f93,/workspace/data/objaverse_xl/hf-objaverse-v1/glbs/000-156/25ab8ea5714b43a5ae6c780630341f93.glb,sketchfab,glb,Creative Commons - Attribution,f94dcfc1ecae09585118813a705166c7d8de3a0725da500ce8e5099078035e99
https://sketchfab.com/3d-models/ec1f753a095e40eda2145dbd5616357a,/workspace/data/objaverse_xl/hf-objaverse-v1/glbs/000-007/ec1f753a095e40eda2145dbd5616357a.glb,sketchfab,glb,Creative Commons - Attribution,001e03b31dc1178284df9ca3b93dc825d139ab5d8a5835e7e890d0dabf38ea20
https://sketchfab.com/3d-models/3f2e0c7fa16442fc84688e5961032cd7,/workspace/data/objaverse_xl/hf-objaverse-v1/glbs/000-041/3f2e0c7fa16442fc84688e5961032cd7.glb,sketchfab,glb,Creative Commons - Attribution,8e0b4a82cbae0f975da8372731210d01621d1c4662efd60c7ffaa43648e460e0
https://sketchfab.com/3d-models/67e18b82f18e4a99afa9cb53791b0857,/workspace/data/objaverse_xl/hf-objaverse-v1/glbs/000-069/67e18b82f18e4a99afa9cb53791b0857.glb,sketchfab,glb,Creative Commons - Attribution,506cf3b65db72f17a6c1fb82883146db813c2f2168a4c9adb37cd972742e06b8
https://sketchfab.com/3d-models/a9ea8ec4dcde4468b66b1ab13e412435,/workspace/data/objaverse_xl/hf-objaverse-v1/glbs/000-008/a9ea8ec4dcde4468b66b1ab13e412435.glb,sketchfab,glb,Creative Commons - Attribution,4ba1dfa1d90033d048bf894e61323fec03e29fb4e4a769a6f231824834415140
https://sketchfab.com/3d-models/4c5f7dac87cc417f88f176a27ee18a81,/workspace/data/objaverse_xl/hf-objaverse-v1/glbs/000-069/4c5f7dac87cc417f88f176a27ee18a81.glb,sketchfab,glb,Creative Commons - Attribution,d7c3e152e2720316c8beb91077362335c2ce7d74a3a230170428cd81068e3f78
https://sketchfab.com/3d-models/b71f4693ab47491d95e2c5a85ff6de48,/workspace/data/objaverse_xl/hf-objaverse-v1/glbs/000-035/b71f4693ab47491d95e2c5a85ff6de48.glb,sketchfab,glb,Creative Commons - Attribution - Non-Commercial - Share Alike,526037d7be7dd2b9b9d661a2eecc28d71e6b5c0e27943f3d1dbb2226a89cf1cd
https://sketchfab.com/3d-models/edccdd0fb9924fe8894e25276e11bc79,/workspace/data/objaverse_xl/hf-objaverse-v1/glbs/000-104/edccdd0fb9924fe8894e25276e11bc79.glb,sketchfab,glb,Creative Commons - Attribution,0c380590430b831722d4d626be3c394be5bf35b50d3374f54c011b87c9e9fb13
https://sketchfab.com/3d-models/0690ba7dd82d4cc59f491873ff308d15,/workspace/data/objaverse_xl/hf-objaverse-v1/glbs/000-007/0690ba7dd82d4cc59f491873ff308d15.glb,sketchfab,glb,Creative Commons - Attribution,cebd9c0e9794ef894b832767ab63ede07554909f483448decff645ec08e869ee
https://sketchfab.com/3d-models/3d871e7aee0d4fdc84d6cd51f35e390d,/workspace/data/objaverse_xl/hf-objaverse-v1/glbs/000-050/3d871e7aee0d4fdc84d6cd51f35e390d.glb,sketchfab,glb,Creative Commons - Attribution,8647bca1f76cdacf9269abfc9704f25fe2a4d8ecfcd08a8d2be9cc8b8450c215
https://sketchfab.com/3d-models/0f37072f42b749bf872a631f24f434b4,/workspace/data/objaverse_xl/hf-objaverse-v1/glbs/000-026/0f37072f42b749bf872a631f24f434b4.glb,sketchfab,glb,Creative Commons - Attribution,8c057fad022ee291b8c3e87a440f78a2972cc19434f50baed04ccd1a031a001b
https://sketchfab.com/3d-models/f5c6c4c9f56141a88e275d6fc6efdea0,/workspace/data/objaverse_xl/hf-objaverse-v1/glbs/000-030/f5c6c4c9f56141a88e275d6fc6efdea0.glb,sketchfab,glb,Creative Commons - Attribution,6fcfd898aca0ab43da640204c311007cf6770811184b3631d019cfe4d8b34d3a
https://sketchfab.com/3d-models/07bc3c1e39944ca0935639b80c1d0bf7,/workspace/data/objaverse_xl/hf-objaverse-v1/glbs/000-031/07bc3c1e39944ca0935639b80c1d0bf7.glb,sketchfab,glb,Creative Commons - Attribution,b78a46416e545e5421117205a792dd869cd5d79aeee04c4485c3246bd41aecbb
https://sketchfab.com/3d-models/95d1659e3e2b4900a40a650e6906d970,/workspace/data/objaverse_xl/hf-objaverse-v1/glbs/000-097/95d1659e3e2b4900a40a650e6906d970.glb,sketchfab,glb,Creative Commons - Attribution - Non-Commercial,8733f5a3f8dbf63c59d7744cab9c571fdc5818839c7223699684d4034d58ace3
https://sketchfab.com/3d-models/aaff2dab9e6e4a26849e7c3573952dc1,/workspace/data/objaverse_xl/hf-objaverse-v1/glbs/000-155/aaff2dab9e6e4a26849e7c3573952dc1.glb,sketchfab,glb,Creative Commons - Attribution,aebdeb07aa3a1599af17eb4c776ea00dbb587ddfdafc0e62f847889e5f840b62
https://sketchfab.com/3d-models/9d2dd1f41af24b6e9ebeddb7a9a17204,/workspace/data/objaverse_xl/hf-objaverse-v1/glbs/000-104/9d2dd1f41af24b6e9ebeddb7a9a17204.glb,sketchfab,glb,Creative Commons - Attribution,fdb455f130e1e6f57a2c78e536a68cdfab2a66ca69d818d05fd9d6f6ca7bb492
https://sketchfab.com/3d-models/6a0d8349371b4069b1bc13ba737a83cd,/workspace/data/objaverse_xl/hf-objaverse-v1/glbs/000-133/6a0d8349371b4069b1bc13ba737a83cd.glb,sketchfab,glb,Creative Commons - Attribution,ca33c42eaf345fd280697dce55fbf8096679b781a7d3a65e74030a6eec480e13
https://sketchfab.com/3d-models/2440d2acaa58482891e96493d4b7cd67,/workspace/data/objaverse_xl/hf-objaverse-v1/glbs/000-121/2440d2acaa58482891e96493d4b7cd67.glb,sketchfab,glb,Creative Commons - Attribution,89c266171dad4a1bb31c08511bbf403a7dff6118f7aa4065a50171886b312ccc
https://sketchfab.com/3d-models/7ce22106ff314e5fa7680ac19b0ba198,/workspace/data/objaverse_xl/hf-objaverse-v1/glbs/000-034/7ce22106ff314e5fa7680ac19b0ba198.glb,sketchfab,glb,Creative Commons - Attribution,59b6d470ff24cd0e6774be8725a144a35dd01a95d43d9cb08b46d4569f108360
https://sketchfab.com/3d-models/1ca0d1ad244e4a9cb0ea9a2cf0a934e7,/workspace/data/objaverse_xl/hf-objaverse-v1/glbs/000-005/1ca0d1ad244e4a9cb0ea9a2cf0a934e7.glb,sketchfab,glb,Creative Commons - Attribution - Non-Commercial - Share Alike,8084b59ec56fa4a2bacca0e4d4cc842f7d6dee65c53bf676ce9598e65b0aa35f
https://sketchfab.com/3d-models/dd642731a0ea49429bd8630eda7e121a,/workspace/data/objaverse_xl/hf-objaverse-v1/glbs/000-085/dd642731a0ea49429bd8630eda7e121a.glb,sketchfab,glb,Creative Commons - Attribution,7c51e9c54fd6f7da0eafc52a06b27f8bd0888887081d5a825cae8a88e28702d0
https://sketchfab.com/3d-models/094a6f9cbde548098bbdebf2ca66f6c8,/workspace/data/objaverse_xl/hf-objaverse-v1/glbs/000-127/094a6f9cbde548098bbdebf2ca66f6c8.glb,sketchfab,glb,Creative Commons - Attribution,cc2f0525baeb5e710c3a75602106c72d317f7d4d93f3904a3bbecb5db397c626
https://sketchfab.com/3d-models/0462dc66153b4a2e8968cf8d121a95f5,/workspace/data/objaverse_xl/hf-objaverse-v1/glbs/000-000/0462dc66153b4a2e8968cf8d121a95f5.glb,sketchfab,glb,Creative Commons - Attribution,3af5532bd1728eb0c005754b282da96d691858499e0ca97fff1800064e834ed3
https://sketchfab.com/3d-models/e2317035ffc24b69836358906caabb43,/workspace/data/objaverse_xl/hf-objaverse-v1/glbs/000-120/e2317035ffc24b69836358906caabb43.glb,sketchfab,glb,Creative Commons - Attribution,e2cc290bae4c2b30253ec374e3df7fc1227422f17b2d099150bbbd216747995a
https://sketchfab.com/3d-models/ad98fded6436441dba184c6db3a3ab47,/workspace/data/objaverse_xl/hf-objaverse-v1/glbs/000-041/ad98fded6436441dba184c6db3a3ab47.glb,sketchfab,glb,Creative Commons - Attribution,880ce7e0037327b79207f00d1f21f8559dc50439e08cb1a99f1e6b40c1b33b41
https://sketchfab.com/3d-models/209a9fdd4cf84431bd08470eb0d16aae,/workspace/data/objaverse_xl/hf-objaverse-v1/glbs/000-017/209a9fdd4cf84431bd08470eb0d16aae.glb,sketchfab,glb,Creative Commons - Attribution,72ece882631495334ff6b8e469d46695a6c03d7d7269473e4166dc2471775ea0
https://sketchfab.com/3d-models/3f759ceb79374c8bbb4c0a1f25c80fa0,/workspace/data/objaverse_xl/hf-objaverse-v1/glbs/000-056/3f759ceb79374c8bbb4c0a1f25c80fa0.glb,sketchfab,glb,Creative Commons - Attribution,17c3490c301b2b3507c2ecd67e37b14ae8b2d8357f881ef85dc88472e2cf1284
https://sketchfab.com/3d-models/389864f5f74f47c8ba278276507f2f69,/workspace/data/objaverse_xl/hf-objaverse-v1/glbs/000-104/389864f5f74f47c8ba278276507f2f69.glb,sketchfab,glb,Creative Commons - Attribution,e85dfd5f1f6388e0cb7a3449470710a6056b7be7620787171b29e4cbb140fce4
https://sketchfab.com/3d-models/500434c4242c463e8e8c7b1cd49d2738,/workspace/data/objaverse_xl/hf-objaverse-v1/glbs/000-080/500434c4242c463e8e8c7b1cd49d2738.glb,sketchfab,glb,Creative Commons - Attribution,aa69500b9fe8f5129f31248763e647c8b6adf278fa174e5f9cc86a42914e5913
https://sketchfab.com/3d-models/c68c69d044854b9abd5473a921a47893,/workspace/data/objaverse_xl/hf-objaverse-v1/glbs/000-124/c68c69d044854b9abd5473a921a47893.glb,sketchfab,glb,Creative Commons - Attribution,694858c88618362e06e7630d4ac2654927e3f499e71824bfd50af63b4a24f770
https://sketchfab.com/3d-models/966d7a0bc77f4e38adcb736c36954647,/workspace/data/objaverse_xl/hf-objaverse-v1/glbs/000-066/966d7a0bc77f4e38adcb736c36954647.glb,sketchfab,glb,Creative Commons - Attribution,e371400b9205ea7ba9f82cd29f2dc1c88422953e45e378acbdcc0b3581221c24
https://sketchfab.com/3d-models/5f71798dd85544e6b1c509377f674771,/workspace/data/objaverse_xl/hf-objaverse-v1/glbs/000-040/5f71798dd85544e6b1c509377f674771.glb,sketchfab,glb,Creative Commons - Attribution,a79872ff17e3f7b1bf2df3c20a3ccd5053707d9f300ac9df796245877538bf67
https://sketchfab.com/3d-models/3bc47cfc86e74b3db72a40ab79cbc4ba,/workspace/data/objaverse_xl/hf-objaverse-v1/glbs/000-135/3bc47cfc86e74b3db72a40ab79cbc4ba.glb,sketchfab,glb,Creative Commons - Attribution,f0ea11be82840f76105ea6ed56b583dcf0796754509575cb10fc93057009b87f
https://sketchfab.com/3d-models/cb0ca24baed84ffaabe6a5ce4f9f500f,/workspace/data/objaverse_xl/hf-objaverse-v1/glbs/000-089/cb0ca24baed84ffaabe6a5ce4f9f500f.glb,sketchfab,glb,Creative Commons - Attribution,f7b0f90a1b6b7d0a4075c969853ba25219386d4d3172af627acf9dd4d223090f
https://sketchfab.com/3d-models/70af126ff715446bac96e01adbb58298,/workspace/data/objaverse_xl/hf-objaverse-v1/glbs/000-119/70af126ff715446bac96e01adbb58298.glb,sketchfab,glb,Creative Commons - Attribution,3af37e03024d82eb05ec03b0d3781fa0373252a7c20bf2a120ee8aa273fc72e5
https://sketchfab.com/3d-models/c1577aa3fa574a609f5e9fee4ce68e46,/workspace/data/objaverse_xl/hf-objaverse-v1/glbs/000-147/c1577aa3fa574a609f5e9fee4ce68e46.glb,sketchfab,glb,Creative Commons - Attribution,cbfaebabdb52cfd743c328a3ce2cb4d8dc1b0c4960b1bb2f708c0d6c12ef77bc
https://sketchfab.com/3d-models/77449d6005d44758ad6250d76f2b9c55,/workspace/data/objaverse_xl/hf-objaverse-v1/glbs/000-144/77449d6005d44758ad6250d76f2b9c55.glb,sketchfab,glb,Creative Commons - Attribution,fb7a3785817b0ca4a02eb7b2b649acff202449ab86c9836d96064b00db116c5e
https://sketchfab.com/3d-models/73c5a3065cef4d83a419b8fba7d03b26,/workspace/data/objaverse_xl/hf-objaverse-v1/glbs/000-151/73c5a3065cef4d83a419b8fba7d03b26.glb,sketchfab,glb,Creative Commons - Attribution - Non-Commercial - Share Alike,0d377b1fe2bad3d6def4d98bdacbfeb5053f7b52913db51e5b0b31d78a4960ea
https://sketchfab.com/3d-models/3684a5895e8f4b84ab7e5263a3aa9bf6,/workspace/data/objaverse_xl/hf-objaverse-v1/glbs/000-010/3684a5895e8f4b84ab7e5263a3aa9bf6.glb,sketchfab,glb,Creative Commons - Attribution,09d9a844ce93bb54b15196983e280f58c2ebcd0d514f58c98faa52d11c8971df
https://sketchfab.com/3d-models/72aa0b404aa849c5b8ea2cc237400903,/workspace/data/objaverse_xl/hf-objaverse-v1/glbs/000-086/72aa0b404aa849c5b8ea2cc237400903.glb,sketchfab,glb,Creative Commons - Attribution,82767bd64fb1f9ccb6f0bbb820f109115bbea5a03890632d1dc26f1f286bfb9c
https://sketchfab.com/3d-models/45da35f2fa58467c9fd387d67366fcb8,/workspace/data/objaverse_xl/hf-objaverse-v1/glbs/000-073/45da35f2fa58467c9fd387d67366fcb8.glb,sketchfab,glb,Creative Commons - Attribution,dc4af269aa86db9746e2d19bbbc59a8494df07c3f7275ee8c20f398cecbc87a1
https://sketchfab.com/3d-models/8b7fb288862a4a4f9a7a4434df118589,/workspace/data/objaverse_xl/hf-objaverse-v1/glbs/000-053/8b7fb288862a4a4f9a7a4434df118589.glb,sketchfab,glb,Creative Commons - Attribution,7fa07ccf3bc1af6e8b7d628b3d51d07b1f28222cc7b53823b1bf1719a6a12d15
https://sketchfab.com/3d-models/9340eebe4ef84f7faaf31119adc5f0b6,/workspace/data/objaverse_xl/hf-objaverse-v1/glbs/000-135/9340eebe4ef84f7faaf31119adc5f0b6.glb,sketchfab,glb,Creative Commons - Attribution,3bf471837653601cdebf7b5e76b74a54bd5cb6e5a45ffe190f7fd9abc8d4420a
https://sketchfab.com/3d-models/78136802f6134f9992486672a6cbb6f7,/workspace/data/objaverse_xl/hf-objaverse-v1/glbs/000-073/78136802f6134f9992486672a6cbb6f7.glb,sketchfab,glb,Creative Commons - Attribution,53a83c38d34e3e774316fa8b63000be431728c7c5fa0f4ef9a32093a5183a12a
https://sketchfab.com/3d-models/98cb37c872b34841a5f1541f5ea6a13f,/workspace/data/objaverse_xl/hf-objaverse-v1/glbs/000-076/98cb37c872b34841a5f1541f5ea6a13f.glb,sketchfab,glb,Creative Commons - Attribution,0d429f05a2bac86021f0d4449859ad73bbae646020326926d8ebde9440c0b9e5
https://sketchfab.com/3d-models/0ecaf0c823c64dc19cf30f3b2d6484b9,/workspace/data/objaverse_xl/hf-objaverse-v1/glbs/000-042/0ecaf0c823c64dc19cf30f3b2d6484b9.glb,sketchfab,glb,Creative Commons - Attribution - Non-Commercial - Share Alike,6f94147b7a8dc92b7289ff99388627ba57ab633e326b1d7ab50d70f8cf222e03
https://sketchfab.com/3d-models/51e9f3c1b18a4065bd02aa598363e9f0,/workspace/data/objaverse_xl/hf-objaverse-v1/glbs/000-079/51e9f3c1b18a4065bd02aa598363e9f0.glb,sketchfab,glb,Creative Commons - Attribution,0ff31a10e9808f4d23e59e13df128c2c58308fd5610e84b7e4dbbe0473a09960
https://sketchfab.com/3d-models/1a5ed04f698348349526fb0f8098044e,/workspace/data/objaverse_xl/hf-objaverse-v1/glbs/000-050/1a5ed04f698348349526fb0f8098044e.glb,sketchfab,glb,Creative Commons - Attribution,86f49567577b0e8107f592f8d5120a6d621571ad3c461f4627829c6f678a07e1
https://sketchfab.com/3d-models/4c09b61fe46b4092be71cba4024f52a9,/workspace/data/objaverse_xl/hf-objaverse-v1/glbs/000-131/4c09b61fe46b4092be71cba4024f52a9.glb,sketchfab,glb,Creative Commons - Attribution,c302ab49411114aad77b6dba2ef89897e301eb225e76b050f88d250ef51751d6
https://sketchfab.com/3d-models/1277f5b5d13d429b86374474ca3600a9,/workspace/data/objaverse_xl/hf-objaverse-v1/glbs/000-069/1277f5b5d13d429b86374474ca3600a9.glb,sketchfab,glb,Creative Commons - Attribution,2734eb7edb71701ba6fc0c0951ee321bb299312b67c54d61995895826f5348e7
https://sketchfab.com/3d-models/b54d440554954b55ba3070624554181f,/workspace/data/objaverse_xl/hf-objaverse-v1/glbs/000-038/b54d440554954b55ba3070624554181f.glb,sketchfab,glb,Creative Commons - Attribution,62e3e6a429dcffbf9d302dbe6896b13ed7ea123a275446e3ccb26a9f31c130b5
https://sketchfab.com/3d-models/53d63a04724c4860b7af083d9b88a047,/workspace/data/objaverse_xl/hf-objaverse-v1/glbs/000-144/53d63a04724c4860b7af083d9b88a047.glb,sketchfab,glb,Creative Commons - Attribution - Non-Commercial - Share Alike,c3de08ea4f6ee878401516323d8e3125b50b20098d6a555fe540302f62b69703
https://sketchfab.com/3d-models/e716a63e51a9485ca12c56b0a4a7bcd8,/workspace/data/objaverse_xl/hf-objaverse-v1/glbs/000-005/e716a63e51a9485ca12c56b0a4a7bcd8.glb,sketchfab,glb,Creative Commons - Attribution,d4d7c88c47ee7c5b98c67318de904f2e5f192fcfbe998fe777f586bef9e85183
https://sketchfab.com/3d-models/7c583c4724614f55953feb7682c2c262,/workspace/data/objaverse_xl/hf-objaverse-v1/glbs/000-067/7c583c4724614f55953feb7682c2c262.glb,sketchfab,glb,Creative Commons - Attribution,80c2e970b68d07dbd4d40f862196d3c8ba3380dc524799876a9635fa2884bd49
https://sketchfab.com/3d-models/e2f1c33deff644488e436601fae278c0,/workspace/data/objaverse_xl/hf-objaverse-v1/glbs/000-102/e2f1c33deff644488e436601fae278c0.glb,sketchfab,glb,Creative Commons - Attribution,b8444494d5ca21cfe4b76edc7b98bfcda6289007058e5682407c63b43e5bfb6e
https://sketchfab.com/3d-models/d680c63899084c30ae9d91044fc197e9,/workspace/data/objaverse_xl/hf-objaverse-v1/glbs/000-073/d680c63899084c30ae9d91044fc197e9.glb,sketchfab,glb,Creative Commons - Attribution,3f8b2b231bdfc56711341aa2764919348566768d9aef2fd6f174f7c5cef756a0
https://sketchfab.com/3d-models/ee494b91a90c488aafdec89d60f8abda,/workspace/data/objaverse_xl/hf-objaverse-v1/glbs/000-085/ee494b91a90c488aafdec89d60f8abda.glb,sketchfab,glb,Creative Commons - Attribution,e85c56a7d7262890fa2f31914f49fc87b992fc9933cab612cd96b06c2a170057
https://sketchfab.com/3d-models/6ee3b60951964d61990c9369f196b8e4,/workspace/data/objaverse_xl/hf-objaverse-v1/glbs/000-153/6ee3b60951964d61990c9369f196b8e4.glb,sketchfab,glb,Creative Commons - Attribution,16e6fe3903fcecfabc3f96aae460b677d5c9289f358624865b342e7d91e9fe5f
https://sketchfab.com/3d-models/9f437e8829b54ecbadb74eb33917f6a0,/workspace/data/objaverse_xl/hf-objaverse-v1/glbs/000-153/9f437e8829b54ecbadb74eb33917f6a0.glb,sketchfab,glb,Creative Commons - Attribution,8a00246824c392b529be055c60ce276b8deb00142fe8561d67a2ce4f69753eac
https://sketchfab.com/3d-models/4fa6afbd37db4915aec415ae4edeeb93,/workspace/data/objaverse_xl/hf-objaverse-v1/glbs/000-031/4fa6afbd37db4915aec415ae4edeeb93.glb,sketchfab,glb,Creative Commons - Attribution - Non-Commercial,2f32cc2edacaeeb05e17f2821870aa6fd35ed2724612247db22c9b5d7d1aae0e
https://sketchfab.com/3d-models/3771ac9828744b52bb3b0a2ab878cfdd,/workspace/data/objaverse_xl/hf-objaverse-v1/glbs/000-151/3771ac9828744b52bb3b0a2ab878cfdd.glb,sketchfab,glb,Creative Commons - Attribution - Non-Commercial - Share Alike,eb1922435f2b9860e0651dc5c6128701402417d330eb7bf5bb7316ddbed2169a
https://sketchfab.com/3d-models/88a10c231428499dae46fb69d474db79,/workspace/data/objaverse_xl/hf-objaverse-v1/glbs/000-104/88a10c231428499dae46fb69d474db79.glb,sketchfab,glb,Creative Commons - Attribution,a61717ed24c43ae69aff8725c0161c8c79aebe896135d6624ada06112ffc6fb0
https://sketchfab.com/3d-models/e737f3af09ea40ba92bde7b041676b80,/workspace/data/objaverse_xl/hf-objaverse-v1/glbs/000-026/e737f3af09ea40ba92bde7b041676b80.glb,sketchfab,glb,Creative Commons - Attribution,58d74cec23cf0c7b10a0a583bedb6dffbf8317e1578f09f18b551c3feadecfed
https://sketchfab.com/3d-models/1bdd46a31266424a95c2b47977461276,/workspace/data/objaverse_xl/hf-objaverse-v1/glbs/000-076/1bdd46a31266424a95c2b47977461276.glb,sketchfab,glb,Creative Commons - Attribution,8ce63159c0182d96aaea61dcd33e109342375711cf6f1d5bd3c7a01ae9d9e521
https://sketchfab.com/3d-models/5bdf831774b643c8b6f750289562e7c8,/workspace/data/objaverse_xl/hf-objaverse-v1/glbs/000-130/5bdf831774b643c8b6f750289562e7c8.glb,sketchfab,glb,Creative Commons - Attribution - Non-Commercial,7ce51c40087aa4e0309c6b4bcb9c432f889b2025bfb0dc081878ffa79b60d59d
https://sketchfab.com/3d-models/1059e7b781c14e83a6aaf83312c478bd,/workspace/data/objaverse_xl/hf-objaverse-v1/glbs/000-015/1059e7b781c14e83a6aaf83312c478bd.glb,sketchfab,glb,Creative Commons - Attribution,d56aca331bbbb720d28a14107620638be9406dd2d783596c975978a1ea73b100
https://sketchfab.com/3d-models/fb808917c92a4c0eb7524aa4713f2eaf,/workspace/data/objaverse_xl/hf-objaverse-v1/glbs/000-080/fb808917c92a4c0eb7524aa4713f2eaf.glb,sketchfab,glb,Creative Commons - Attribution - Share Alike,36a264333689ef7042e950f5b7d1ead610502eebe5a86a4ce56cd887026f92a3
https://sketchfab.com/3d-models/6adaf6c6cb044c2b9806db3257ff29c4,/workspace/data/objaverse_xl/hf-objaverse-v1/glbs/000-053/6adaf6c6cb044c2b9806db3257ff29c4.glb,sketchfab,glb,Creative Commons - Attribution,c4001fbafa860421684eb07e40f1db5bfa722682619afec3c5ab36b06342fbb4
https://sketchfab.com/3d-models/d6ef747535ca4298a891ac4c1e1def14,/workspace/data/objaverse_xl/hf-objaverse-v1/glbs/000-072/d6ef747535ca4298a891ac4c1e1def14.glb,sketchfab,glb,Creative Commons - Attribution,4883dd1215a92211a42c7c40d990b55e6033e24a778a6b37735a485a8960b297
https://sketchfab.com/3d-models/25158b85288c47feae7857718db6f685,/workspace/data/objaverse_xl/hf-objaverse-v1/glbs/000-004/25158b85288c47feae7857718db6f685.glb,sketchfab,glb,Creative Commons - Attribution - Non-Commercial - Share Alike,78893e1559a3d7be1727948d5797b2226df738205bb676c2891cc5a59eec60b0
https://sketchfab.com/3d-models/7cab9fa1a03746489d422fb9c390bf07,/workspace/data/objaverse_xl/hf-objaverse-v1/glbs/000-050/7cab9fa1a03746489d422fb9c390bf07.glb,sketchfab,glb,Creative Commons - Attribution,ae3568cde982f2f0967c6c140b15d9aab97a4d0015683993cd453517cda9f2b0
https://sketchfab.com/3d-models/3ec38e62ea7147608ace8b9d3d17de9f,/workspace/data/objaverse_xl/hf-objaverse-v1/glbs/000-122/3ec38e62ea7147608ace8b9d3d17de9f.glb,sketchfab,glb,Creative Commons - Attribution,695f8b6898b1eb595aae0caa775f2d91545ae7b001081fc3a057b11e3964f995
https://sketchfab.com/3d-models/498e494efcff4ef1b0e1c127c43ba2e0,/workspace/data/objaverse_xl/hf-objaverse-v1/glbs/000-030/498e494efcff4ef1b0e1c127c43ba2e0.glb,sketchfab,glb,Creative Commons - Attribution,52882bb4af8cb162ad85c77b434699d85412efd61e695c7deb4dde1660f8a788
https://sketchfab.com/3d-models/3cf596ed61664512bc7aa47ba69ecfc6,/workspace/data/objaverse_xl/hf-objaverse-v1/glbs/000-090/3cf596ed61664512bc7aa47ba69ecfc6.glb,sketchfab,glb,Creative Commons - Attribution,3fd131da3125204c98204756aa704aba8ad92087a44965ea90082cba3294e2d5
https://sketchfab.com/3d-models/095df5e33ab14a8c84ed1a0451154836,/workspace/data/objaverse_xl/hf-objaverse-v1/glbs/000-038/095df5e33ab14a8c84ed1a0451154836.glb,sketchfab,glb,Creative Commons - Attribution,9d14b5dc8574bd201d64b2974c2bcd9765064691eea37ea34bcf1c2d57397c51
https://sketchfab.com/3d-models/d07690c47ee7483e81689885296f6dca,/workspace/data/objaverse_xl/hf-objaverse-v1/glbs/000-018/d07690c47ee7483e81689885296f6dca.glb,sketchfab,glb,Creative Commons - Attribution,875cce61c010ee5170645bc9f75c73d245efef17bb546513c864d6ad70a8a113
https://sketchfab.com/3d-models/bb80b15234624a798b09110121d8332d,/workspace/data/objaverse_xl/hf-objaverse-v1/glbs/000-003/bb80b15234624a798b09110121d8332d.glb,sketchfab,glb,Creative Commons - Attribution,c618793b4e5f0180dbd82aab5da614022e08db063ca4f597d6ebfdb09b60e0eb
https://sketchfab.com/3d-models/901b1881330c47bc8a53eb935801e067,/workspace/data/objaverse_xl/hf-objaverse-v1/glbs/000-037/901b1881330c47bc8a53eb935801e067.glb,sketchfab,glb,Creative Commons - Attribution,ce8e4be6938fdc5869119a9bd77fc4da202fcc214f85315ad35381780e807ccc
https://sketchfab.com/3d-models/1aa7d0435dcb46438af4f967030b5500,/workspace/data/objaverse_xl/hf-objaverse-v1/glbs/000-143/1aa7d0435dcb46438af4f967030b5500.glb,sketchfab,glb,Creative Commons - Attribution,7537bc87e8d6e3720a1ad99ada3eaec3345f820ef164a9ef362a2a3458a62f23
https://sketchfab.com/3d-models/9363524792cb4458bdd0c303a9acd89e,/workspace/data/objaverse_xl/hf-objaverse-v1/glbs/000-071/9363524792cb4458bdd0c303a9acd89e.glb,sketchfab,glb,Creative Commons - Attribution,7aadc153fc4db803f214bbe60a07341647ae59e88764ef6729a0875ba5232e04
https://sketchfab.com/3d-models/e93c6002a8b74919b91f8629bac58318,/workspace/data/objaverse_xl/hf-objaverse-v1/glbs/000-148/e93c6002a8b74919b91f8629bac58318.glb,sketchfab,glb,Creative Commons - Attribution,e56c7589b8410ac4454801f1983d9621c3aa202e218572455a27a2fcf7755f06
https://sketchfab.com/3d-models/f9ef9a2e47984de7861d01735dcb5801,/workspace/data/objaverse_xl/hf-objaverse-v1/glbs/000-150/f9ef9a2e47984de7861d01735dcb5801.glb,sketchfab,glb,Creative Commons - Attribution,d11f3d1d4f878d4c6469bed34879d81c4a41ca97befdb8515b48109ac7f1888b
https://sketchfab.com/3d-models/90faacf45a8e434ab218903af2ae4d1a,/workspace/data/objaverse_xl/hf-objaverse-v1/glbs/000-047/90faacf45a8e434ab218903af2ae4d1a.glb,sketchfab,glb,Creative Commons - Attribution,7c637eb9d3dc7faac7d203e7df2a2fb7b562418f80a077e2b82d9c02c3bbf4cd
https://sketchfab.com/3d-models/8310458a8a9944bbbbf84ee0a415ab50,/workspace/data/objaverse_xl/hf-objaverse-v1/glbs/000-122/8310458a8a9944bbbbf84ee0a415ab50.glb,sketchfab,glb,Creative Commons - Attribution,caf0fee16aeb8d28e4b33260cec38b1ce4bef07f857c5aba0e940dfc1174e112
https://sketchfab.com/3d-models/0cfb13113d7048919d911d067a14bb96,/workspace/data/objaverse_xl/hf-objaverse-v1/glbs/000-090/0cfb13113d7048919d911d067a14bb96.glb,sketchfab,glb,Creative Commons - Attribution,2750ef5a8cbcf5b69a19383e40f024458907a6fc10c16d5091aed695ac2d4297
https://sketchfab.com/3d-models/c253fa281bcd4cf69601d434a2dd010c,/workspace/data/objaverse_xl/hf-objaverse-v1/glbs/000-042/c253fa281bcd4cf69601d434a2dd010c.glb,sketchfab,glb,Creative Commons - Attribution,14491c6cf83d29ae91cf0bd94bb969549d3192a3ac6ac6d6515a0f240fd41871
https://sketchfab.com/3d-models/be99649e43484112bf6d7878353f9bb6,/workspace/data/objaverse_xl/hf-objaverse-v1/glbs/000-069/be99649e43484112bf6d7878353f9bb6.glb,sketchfab,glb,Creative Commons - Attribution,4978c18225cb6d7501f203fcc7ccc5086a82b62eeb61019d7ddc6370685313de
https://sketchfab.com/3d-models/599df157daf649bab2c5decf88ae3ed3,/workspace/data/objaverse_xl/hf-objaverse-v1/glbs/000-040/599df157daf649bab2c5decf88ae3ed3.glb,sketchfab,glb,Creative Commons - Attribution,005170692ce6f62337c9d48f107b32dc48f6812020a5bb41bbf62bee8c48f44c
https://sketchfab.com/3d-models/e956a76c6b2748cb828c863af54ba570,/workspace/data/objaverse_xl/hf-objaverse-v1/glbs/000-104/e956a76c6b2748cb828c863af54ba570.glb,sketchfab,glb,Creative Commons - Attribution,1a48c61928f34f67fcd3707803c4183dd16137a1ab718be6da019e966e267c0a
https://sketchfab.com/3d-models/311df04a93c24c9fab1771b055aec8c5,/workspace/data/objaverse_xl/hf-objaverse-v1/glbs/000-122/311df04a93c24c9fab1771b055aec8c5.glb,sketchfab,glb,Creative Commons - Attribution,858bce78f5ab504897072c6dbe2c59f0e03fa2c4e2e7b794708e69222c239660
https://sketchfab.com/3d-models/36ea1ba5cd37474c81f571aac853f2c9,/workspace/data/objaverse_xl/hf-objaverse-v1/glbs/000-127/36ea1ba5cd37474c81f571aac853f2c9.glb,sketchfab,glb,Creative Commons - Attribution - Non-Commercial - Share Alike,44eedf41e199a415c2c3edc7fd4c37ff42d6086feeaa3d85ab376ebd4abd403a
https://sketchfab.com/3d-models/c9811772a00a4d0c853f9d1c98055d6d,/workspace/data/objaverse_xl/hf-objaverse-v1/glbs/000-093/c9811772a00a4d0c853f9d1c98055d6d.glb,sketchfab,glb,Creative Commons - Attribution,e95c169b8ad6e9c4cdec50224b04a1f0126aaf9a544abbb0a9ae9849df200aae
https://sketchfab.com/3d-models/232e8ef88f09461fab96a6fda348e03a,/workspace/data/objaverse_xl/hf-objaverse-v1/glbs/000-123/232e8ef88f09461fab96a6fda348e03a.glb,sketchfab,glb,Creative Commons - Attribution,8ce944e4a9e011f4ec01a8f90a8017718bef75f01a76aa94e19f2a62f147097d
https://sketchfab.com/3d-models/82316cfd9c4d4e13aaa7577f0bb3621e,/workspace/data/objaverse_xl/hf-objaverse-v1/glbs/000-028/82316cfd9c4d4e13aaa7577f0bb3621e.glb,sketchfab,glb,Creative Commons - Attribution,e552f1fd9f5400d5515710a5cbd174aeb3a2031e3bd9ae9c87a8b3d94796bdf3
https://sketchfab.com/3d-models/b76b6b2b9d4641aba4be001a2a2261be,/workspace/data/objaverse_xl/hf-objaverse-v1/glbs/000-021/b76b6b2b9d4641aba4be001a2a2261be.glb,sketchfab,glb,Creative Commons - Attribution,bccb62ef394ff4c17da7b04e7cebc2da79c1df9934eacec94563fb00044ff83b
https://sketchfab.com/3d-models/f716958a8c0f453ab8fa5436d1302652,/workspace/data/objaverse_xl/hf-objaverse-v1/glbs/000-058/f716958a8c0f453ab8fa5436d1302652.glb,sketchfab,glb,Creative Commons - Attribution,9aa6ecc95d7179ab45aabb8687ba43fbe8c0f37d7f7f1ee285ea34e0b0fc234d
https://sketchfab.com/3d-models/7bb22b6f646c49258f287826d208a8d9,/workspace/data/objaverse_xl/hf-objaverse-v1/glbs/000-107/7bb22b6f646c49258f287826d208a8d9.glb,sketchfab,glb,Creative Commons - Attribution,cd7d78f76f7a5af5f696ad50931c72a102e0518253189e186d7dbbccc0e27735
https://sketchfab.com/3d-models/751c56f640934cbfa646a5963ee9eb0b,/workspace/data/objaverse_xl/hf-objaverse-v1/glbs/000-108/751c56f640934cbfa646a5963ee9eb0b.glb,sketchfab,glb,Creative Commons - Attribution,569e6f5f105da2ec5018120984a1abadfcb4963bf27f8d72f5e455aca70ee76e
https://sketchfab.com/3d-models/54c5a731292c4bf5b6994d7c65f764b5,/workspace/data/objaverse_xl/hf-objaverse-v1/glbs/000-040/54c5a731292c4bf5b6994d7c65f764b5.glb,sketchfab,glb,Creative Commons - Attribution,6406eaecf52a14a4a18ce7e9efa502907a713aa7c75614091967bbe8205bdbf8
https://sketchfab.com/3d-models/56443d7c135049d69662efe018aac97f,/workspace/data/objaverse_xl/hf-objaverse-v1/glbs/000-113/56443d7c135049d69662efe018aac97f.glb,sketchfab,glb,Creative Commons - Attribution,6e2f291c865398874583472afa0d9c91d99b50938be9fc7a393ede6aeedc08e9
https://sketchfab.com/3d-models/7ebd522bd4a5475ab3ed40c04e096a31,/workspace/data/objaverse_xl/hf-objaverse-v1/glbs/000-099/7ebd522bd4a5475ab3ed40c04e096a31.glb,sketchfab,glb,Creative Commons - Attribution,6b180ceca75fcb34d6668fc3b78d7ae1ea3669dd1503bea4bda305119ea6d6f7
https://sketchfab.com/3d-models/b967a1465dfe47c2b3c3ed0826079e0b,/workspace/data/objaverse_xl/hf-objaverse-v1/glbs/000-104/b967a1465dfe47c2b3c3ed0826079e0b.glb,sketchfab,glb,Creative Commons - Attribution,5338ddcca0fbc3f06323dac6e801150a944bfe335a3030a23022fc78c2e72b0a
https://sketchfab.com/3d-models/507ed1eba06546bc91c04d19422c583f,/workspace/data/objaverse_xl/hf-objaverse-v1/glbs/000-099/507ed1eba06546bc91c04d19422c583f.glb,sketchfab,glb,Creative Commons - Attribution - Non-Commercial - Share Alike,3a28cdd0a44247221671488101f3c016d6aed46aa71a851ed46b12fe94b289af
https://sketchfab.com/3d-models/7cad0eeb65524363986e209e0dfc0b28,/workspace/data/objaverse_xl/hf-objaverse-v1/glbs/000-055/7cad0eeb65524363986e209e0dfc0b28.glb,sketchfab,glb,Creative Commons - Attribution,e98b00ef606bed0e307b4055c302e5386d44dfe4d647258e43f63a29330ede43
https://sketchfab.com/3d-models/53e184fa0c8245d28f3786733123061a,/workspace/data/objaverse_xl/hf-objaverse-v1/glbs/000-153/53e184fa0c8245d28f3786733123061a.glb,sketchfab,glb,Creative Commons - Attribution,14bb2c6fea8c7283667ae3ff97272e13a6fda3b6cad6e5e08d1e26f3a2d5c080
https://sketchfab.com/3d-models/c4a519e4cfec45cca119daca5321501e,/workspace/data/objaverse_xl/hf-objaverse-v1/glbs/000-034/c4a519e4cfec45cca119daca5321501e.glb,sketchfab,glb,Creative Commons - Attribution,8ec974473c7cec9a8d3368ec6eb335acfd6c3bd328bc3831fd79b3eb6b290386
https://sketchfab.com/3d-models/8e8f44f6469140fcbd47d1634c6fcb1e,/workspace/data/objaverse_xl/hf-objaverse-v1/glbs/000-016/8e8f44f6469140fcbd47d1634c6fcb1e.glb,sketchfab,glb,Creative Commons - Attribution,82b6a3fe55ee9c4e5948775cc1a414c3ca1b140c0482330118f21444cd68e3e6
https://sketchfab.com/3d-models/acaae142a14549248234ce3fe68b2e5b,/workspace/data/objaverse_xl/hf-objaverse-v1/glbs/000-038/acaae142a14549248234ce3fe68b2e5b.glb,sketchfab,glb,Creative Commons - Attribution,f506f48c72610cf8a8649907eceb74d10a9af89892470997ff3b121adc282ed4
https://sketchfab.com/3d-models/4604543653494c789f6ab7a981bf8996,/workspace/data/objaverse_xl/hf-objaverse-v1/glbs/000-002/4604543653494c789f6ab7a981bf8996.glb,sketchfab,glb,Creative Commons - Attribution,e8f31366b5981573acb2210a444792d20678907184348dc2a563136a5fbb2a67
https://sketchfab.com/3d-models/cf91923846e34f06a8e039bcbe24091f,/workspace/data/objaverse_xl/hf-objaverse-v1/glbs/000-098/cf91923846e34f06a8e039bcbe24091f.glb,sketchfab,glb,Creative Commons - Attribution,00157b6b2a5ce806d010b40a14eaef9288938c522e7132c1d43b1c1b3e4f2ba7
https://sketchfab.com/3d-models/2afa64411bfd49d588eb4387611a310f,/workspace/data/objaverse_xl/hf-objaverse-v1/glbs/000-123/2afa64411bfd49d588eb4387611a310f.glb,sketchfab,glb,Creative Commons - Attribution,29209653b2b53e8a66399ad6864d83472b4ccec1ec6c22fe3fb9a8303e4b58d1
https://sketchfab.com/3d-models/80f16bf68068435fbc3da5869647103c,/workspace/data/objaverse_xl/hf-objaverse-v1/glbs/000-003/80f16bf68068435fbc3da5869647103c.glb,sketchfab,glb,Creative Commons - Attribution,e68a48d76363cda52257273d21e589e658926ab8b40d90d3626091ffb7753a3b
https://sketchfab.com/3d-models/21c4f607a74a4f8a97baa9c1b0d87694,/workspace/data/objaverse_xl/hf-objaverse-v1/glbs/000-108/21c4f607a74a4f8a97baa9c1b0d87694.glb,sketchfab,glb,Creative Commons - Attribution,c39e967a49ee4a4dd415d757b2a5826a4b06167c825e6e42ac753bc2c92f2673
https://sketchfab.com/3d-models/bba7459345304a56b0da4589049674cd,/workspace/data/objaverse_xl/hf-objaverse-v1/glbs/000-011/bba7459345304a56b0da4589049674cd.glb,sketchfab,glb,Creative Commons - Attribution,9dc2a43c893bcc37522567de69f99e982fd68213438f0ea58f3fd19191fdf3b9
https://sketchfab.com/3d-models/b513f6c0069b4093b2f4481b45a144d3,/workspace/data/objaverse_xl/hf-objaverse-v1/glbs/000-114/b513f6c0069b4093b2f4481b45a144d3.glb,sketchfab,glb,Creative Commons - Attribution,47c816657dc956f57dc27973c78589d196e169e491227b24e3d62da7bb0ea874
https://sketchfab.com/3d-models/1042da00b44c4806a409050eaedb257d,/workspace/data/objaverse_xl/hf-objaverse-v1/glbs/000-051/1042da00b44c4806a409050eaedb257d.glb,sketchfab,glb,Creative Commons - Attribution,41108bfa22d8841e953dcceeccd18f67fc292664d28e1390b1c4ce0ee1be7431
https://sketchfab.com/3d-models/a348cf6087eb4fd98a83b026593823ad,/workspace/data/objaverse_xl/hf-objaverse-v1/glbs/000-072/a348cf6087eb4fd98a83b026593823ad.glb,sketchfab,glb,Creative Commons - Attribution,c44979e92c8bf5071ed7391d2bf22c6fb44b7d444684a2f5bfc3d2a6fe44ef68
https://sketchfab.com/3d-models/6baf7f1e162c43f087e788a33af9cd2b,/workspace/data/objaverse_xl/hf-objaverse-v1/glbs/000-029/6baf7f1e162c43f087e788a33af9cd2b.glb,sketchfab,glb,Creative Commons - Attribution,36b48e821a6f16c095f327f9431aa5b0c42ed74f0ddd13e1bb92b7364d2c525e
https://sketchfab.com/3d-models/689a916fb1fa4ce989f2467312dd77d8,/workspace/data/objaverse_xl/hf-objaverse-v1/glbs/000-061/689a916fb1fa4ce989f2467312dd77d8.glb,sketchfab,glb,Creative Commons - Attribution,9f3726bbfbf4d0295169d5f5fc33f8b19027cd479a7a1679ada50b02df422623
https://sketchfab.com/3d-models/05bd2ecdacd64b6e942d3bc823724db0,/workspace/data/objaverse_xl/hf-objaverse-v1/glbs/000-117/05bd2ecdacd64b6e942d3bc823724db0.glb,sketchfab,glb,Creative Commons - Attribution,39d6ca36c377d3f0a217c4a1b83a8e0fb93586368e6bd27eb040d8e965cbbd6f
https://sketchfab.com/3d-models/a8fbe209c5fa4d03bf47d0311039fdfe,/workspace/data/objaverse_xl/hf-objaverse-v1/glbs/000-119/a8fbe209c5fa4d03bf47d0311039fdfe.glb,sketchfab,glb,Creative Commons - Attribution,f875201993a7e7452b6ee9656a48a2e653b4e9bcd33e1fa3b9b08c3bd65c3bfa
https://sketchfab.com/3d-models/31745d4766f846b79a1b0b75ac236da5,/workspace/data/objaverse_xl/hf-objaverse-v1/glbs/000-081/31745d4766f846b79a1b0b75ac236da5.glb,sketchfab,glb,Creative Commons - Attribution,15c20c2e3ed8f63b35a4f5d94ff25c14dfc9e1a6ac01459225ddecde3b0be230
https://sketchfab.com/3d-models/dce4c9c0ba064ed78ec1ef251e2d1532,/workspace/data/objaverse_xl/hf-objaverse-v1/glbs/000-033/dce4c9c0ba064ed78ec1ef251e2d1532.glb,sketchfab,glb,Creative Commons - Attribution,68fc71b9786052c3c44ae4c0e873d463f3e6b6895144c22bd1c5f9e17466280c
https://sketchfab.com/3d-models/e1f71e015306456589dbdb2474c61729,/workspace/data/objaverse_xl/hf-objaverse-v1/glbs/000-133/e1f71e015306456589dbdb2474c61729.glb,sketchfab,glb,Creative Commons - Attribution,18b347c438dd5d38f7a737a2d4a6b79c10efe5a13806b4c45698b3dff6b38ee2
https://sketchfab.com/3d-models/6ba0901c5adc404ba6fc5182a2dd4dbd,/workspace/data/objaverse_xl/hf-objaverse-v1/glbs/000-057/6ba0901c5adc404ba6fc5182a2dd4dbd.glb,sketchfab,glb,Creative Commons - Attribution,e101d9386e0cfc025185e42771d727a7beee9b3c6e16a6fced84d93fb3f0e284
https://sketchfab.com/3d-models/6c35704cd2ee44dabf0f3e8782a352d0,/workspace/data/objaverse_xl/hf-objaverse-v1/glbs/000-114/6c35704cd2ee44dabf0f3e8782a352d0.glb,sketchfab,glb,Creative Commons - Attribution,8be0191d1ed89145f31cf288dbf4bbe9ec9273afdaf2529bcf497e4424eaddd5
https://sketchfab.com/3d-models/2f0403d49f9e4a349d4df3ced8b50cf5,/workspace/data/objaverse_xl/hf-objaverse-v1/glbs/000-149/2f0403d49f9e4a349d4df3ced8b50cf5.glb,sketchfab,glb,Creative Commons - Attribution,2e4392a376c546df3df2a54fc8cccb1a22304afcf4b1045c594258ff216641bc
https://sketchfab.com/3d-models/28303cbddbaa4daeae4658e0925da72f,/workspace/data/objaverse_xl/hf-objaverse-v1/glbs/000-143/28303cbddbaa4daeae4658e0925da72f.glb,sketchfab,glb,Creative Commons - Attribution,c9cddc923e738143907eeb76170d0078143e151d35576dcca6712cef6eeb3a03
https://sketchfab.com/3d-models/cb84e55159e545428282d23c3995039d,/workspace/data/objaverse_xl/hf-objaverse-v1/glbs/000-047/cb84e55159e545428282d23c3995039d.glb,sketchfab,glb,Creative Commons - Attribution,b44245c04dba21a77791a7676aaaa299a5e0fc9fc2032162520a3b5fe8c887f1
https://sketchfab.com/3d-models/2a3f3d26e23c425cba959bcdc649d338,/workspace/data/objaverse_xl/hf-objaverse-v1/glbs/000-154/2a3f3d26e23c425cba959bcdc649d338.glb,sketchfab,glb,Creative Commons - Attribution,c37e005c13283d6802ae64c5ece8241d35abe5002b9136c8825252351dc5691c
https://sketchfab.com/3d-models/eaf2eea9ddc0484e91c92033c202c5c2,/workspace/data/objaverse_xl/hf-objaverse-v1/glbs/000-040/eaf2eea9ddc0484e91c92033c202c5c2.glb,sketchfab,glb,Creative Commons - Attribution - Non-Commercial - Share Alike,b3957fc8c092644f31bbdfe5f7c68bd71f01f08c8bee625fc81fc3caade70900
https://sketchfab.com/3d-models/c859e91a30db407c8cb7340377d8fe7c,/workspace/data/objaverse_xl/hf-objaverse-v1/glbs/000-143/c859e91a30db407c8cb7340377d8fe7c.glb,sketchfab,glb,Creative Commons - Attribution,854d0b0fa9cda239117f324a009974d864960f301a0543e3fcda9bb4a99044df
https://sketchfab.com/3d-models/64cc7c0dfa094a43811fbc97d3823ac5,/workspace/data/objaverse_xl/hf-objaverse-v1/glbs/000-131/64cc7c0dfa094a43811fbc97d3823ac5.glb,sketchfab,glb,Creative Commons - Attribution,d8d1da465b261edc0f88524f84220c3b83ba110562f3d627bd382d9dbe1ac648
https://sketchfab.com/3d-models/eb8fa35b9561461d876fb8b2eb9e6d10,/workspace/data/objaverse_xl/hf-objaverse-v1/glbs/000-090/eb8fa35b9561461d876fb8b2eb9e6d10.glb,sketchfab,glb,Creative Commons - Attribution,7a534eaf13ead2cc8b40851db20d3fedfc629fae47ee2f1818a47a6c8ca92e9b
https://sketchfab.com/3d-models/8d03587cccf04342810f3525b8ddb2ec,/workspace/data/objaverse_xl/hf-objaverse-v1/glbs/000-087/8d03587cccf04342810f3525b8ddb2ec.glb,sketchfab,glb,Creative Commons - Attribution,1065e9b32def4930811d8d10bb784c3f30c8f95f2b691392e3b5a49fff23ed2c
https://sketchfab.com/3d-models/65ee59c75d1e4c049e32a065d7a228c4,/workspace/data/objaverse_xl/hf-objaverse-v1/glbs/000-153/65ee59c75d1e4c049e32a065d7a228c4.glb,sketchfab,glb,Creative Commons - Attribution,da1a5c40963b639d37c471b2a2010370e9b0a8e6ba8dc8fa6f84e324284ed8e4
https://sketchfab.com/3d-models/218af81a025844a2b9ae3b7559b13d29,/workspace/data/objaverse_xl/hf-objaverse-v1/glbs/000-091/218af81a025844a2b9ae3b7559b13d29.glb,sketchfab,glb,Creative Commons - Attribution,98403977c4768d6e012a90c021f8f314752e8893eb07ba2accebe0614d9043a3
https://sketchfab.com/3d-models/ff5853ec83fc41c8ac942c1ae9014c48,/workspace/data/objaverse_xl/hf-objaverse-v1/glbs/000-155/ff5853ec83fc41c8ac942c1ae9014c48.glb,sketchfab,glb,Creative Commons - Attribution - Non-Commercial - Share Alike,59f68048d886a85c7656c17a53fcd8bb65cf0648a7f9229ac8745ff4b5be78de
https://sketchfab.com/3d-models/bdfbcb48d24e4cfb9dc73eb97de7df9a,/workspace/data/objaverse_xl/hf-objaverse-v1/glbs/000-138/bdfbcb48d24e4cfb9dc73eb97de7df9a.glb,sketchfab,glb,Creative Commons - Attribution,06dbe7d4a6e903d84cd1a9491c04191efa2e453e97120e3d5ac62bbcc13159c2
https://sketchfab.com/3d-models/9e8f88603f52456c8bc0ecf7e37f1ecf,/workspace/data/objaverse_xl/hf-objaverse-v1/glbs/000-075/9e8f88603f52456c8bc0ecf7e37f1ecf.glb,sketchfab,glb,Creative Commons - Attribution,75270ca728c4dfb285e90cd4e65f0007c2340dd890c70cbaf8d828dd2d679a3c
https://sketchfab.com/3d-models/e670b838af5440878a41a76adcba7338,/workspace/data/objaverse_xl/hf-objaverse-v1/glbs/000-037/e670b838af5440878a41a76adcba7338.glb,sketchfab,glb,Creative Commons - Attribution,d519294d55b21cb13ef2f2b67eb130db4350da12afe4f06fc6b29408dca47463
https://sketchfab.com/3d-models/d2a9d17e80dc4166a18d91e4338a80f5,/workspace/data/objaverse_xl/hf-objaverse-v1/glbs/000-087/d2a9d17e80dc4166a18d91e4338a80f5.glb,sketchfab,glb,Creative Commons - Attribution,6a47ff3d8d3f93b1effd49e220c0ea4d2bbd6f215d934c4eb5483d4eb63719ea
https://sketchfab.com/3d-models/d7ae13a2b0b74423abfb95964bc97afd,/workspace/data/objaverse_xl/hf-objaverse-v1/glbs/000-056/d7ae13a2b0b74423abfb95964bc97afd.glb,sketchfab,glb,Creative Commons - Attribution - Non-Commercial - Share Alike,e244978f6330440e4b4ee014df00173c72bfbc697fa2fa3d2653604df8c7d530
https://sketchfab.com/3d-models/dd74840c3edd417c9d509719594887cd,/workspace/data/objaverse_xl/hf-objaverse-v1/glbs/000-049/dd74840c3edd417c9d509719594887cd.glb,sketchfab,glb,Creative Commons - Attribution,a47721cb8980525055aa0dd3fd8b7086b08055c400b2240264d11601c8a2a4a7
https://sketchfab.com/3d-models/0254fb2649d740fe9974222fb085b0d5,/workspace/data/objaverse_xl/hf-objaverse-v1/glbs/000-032/0254fb2649d740fe9974222fb085b0d5.glb,sketchfab,glb,Creative Commons - Attribution - Share Alike,c18fb607ce272ee7d754eec3b82d588132b88b098814b8fb7a0bc4895177cfc1
https://sketchfab.com/3d-models/f634e2a4f5a040c3b5a0c9569b500ea5,/workspace/data/objaverse_xl/hf-objaverse-v1/glbs/000-090/f634e2a4f5a040c3b5a0c9569b500ea5.glb,sketchfab,glb,Creative Commons - Attribution,d8fb3f4d8e871acd19214e38b0eb57094ba7e4cc585d3a76722a94a00111d9c8
https://sketchfab.com/3d-models/f3261f2d85a04bda918d08238e27bcff,/workspace/data/objaverse_xl/hf-objaverse-v1/glbs/000-006/f3261f2d85a04bda918d08238e27bcff.glb,sketchfab,glb,Creative Commons - Attribution,490021ae56b35d4183eadc8c1277da2e0a3be9178d2321f1f9d1b3f5bd7c8fa0
https://sketchfab.com/3d-models/d6274a157e5b4064997ed0a51d35c554,/workspace/data/objaverse_xl/hf-objaverse-v1/glbs/000-148/d6274a157e5b4064997ed0a51d35c554.glb,sketchfab,glb,Creative Commons - Attribution,6b6832c949b0e0d5c7943213fef47944c1bf997606e03fe26698f69299e01838
https://sketchfab.com/3d-models/8a876830324240e0a62f8bb92e34f8cb,/workspace/data/objaverse_xl/hf-objaverse-v1/glbs/000-013/8a876830324240e0a62f8bb92e34f8cb.glb,sketchfab,glb,Creative Commons - Attribution,43cf1810ee452b5df096c5f49a22339a4e9affc15c3d70b4604c26076ef0c256
https://sketchfab.com/3d-models/eb4c79ad6bca4aeaab54e456740bb3eb,/workspace/data/objaverse_xl/hf-objaverse-v1/glbs/000-085/eb4c79ad6bca4aeaab54e456740bb3eb.glb,sketchfab,glb,Creative Commons - Attribution,183d9a9446c8aa82e2a6eecc8afe58df3d76bba9a9ee63363c73f7ddad7f5f54
https://sketchfab.com/3d-models/e3315f41c272495a93d330693aabce21,/workspace/data/objaverse_xl/hf-objaverse-v1/glbs/000-079/e3315f41c272495a93d330693aabce21.glb,sketchfab,glb,Creative Commons - Attribution,3bc869f9f063516fcb02ec04e90ab130deaa989c6d6cb4417afb3dae8810fc26
https://sketchfab.com/3d-models/ec4f8579bdac4f8db45141b4dcfe67a3,/workspace/data/objaverse_xl/hf-objaverse-v1/glbs/000-001/ec4f8579bdac4f8db45141b4dcfe67a3.glb,sketchfab,glb,Creative Commons - Attribution - Non-Commercial - Share Alike,ad81185f039e04858764d78241d6707baada634bf169c51d7ada814eb30dcaa3
https://sketchfab.com/3d-models/5a82fb538765409caa19e51c81519778,/workspace/data/objaverse_xl/hf-objaverse-v1/glbs/000-140/5a82fb538765409caa19e51c81519778.glb,sketchfab,glb,Creative Commons - Attribution - Non-Commercial - Share Alike,3ff97f1f51b11d1c9d4fe06a68f0085a8c06767eeae903e1477ca571e4f66ff6
https://sketchfab.com/3d-models/b0d5784d220a4c0cb209fc72ecd8434f,/workspace/data/objaverse_xl/hf-objaverse-v1/glbs/000-021/b0d5784d220a4c0cb209fc72ecd8434f.glb,sketchfab,glb,Creative Commons - Attribution,ee21a9008e52fdbcfadefbb0f83a3fd49be28d228d54a35f8b5b501f36c8b0dd
https://sketchfab.com/3d-models/85cd889061be47688bd204e954f68473,/workspace/data/objaverse_xl/hf-objaverse-v1/glbs/000-153/85cd889061be47688bd204e954f68473.glb,sketchfab,glb,Creative Commons - Attribution,802c6852576c7dd1147c90689a992944ad9701848976b458c86ff31aa3a03e72
https://sketchfab.com/3d-models/e97717e30edf4388a040c06fca32bbae,/workspace/data/objaverse_xl/hf-objaverse-v1/glbs/000-152/e97717e30edf4388a040c06fca32bbae.glb,sketchfab,glb,Creative Commons - Attribution - Non-Commercial - Share Alike,426ced5ff6ed6e95db93debc6de815ac9aff94b9865b19e85816b4b1baca2eb2
https://sketchfab.com/3d-models/d96c90ba81994bedb563a312160b5b3c,/workspace/data/objaverse_xl/hf-objaverse-v1/glbs/000-147/d96c90ba81994bedb563a312160b5b3c.glb,sketchfab,glb,Creative Commons - Attribution,22f60f13bcc649349cbfc831b442593239bc3b5b93d85044c4421c2ee599e66d
https://sketchfab.com/3d-models/3cd1e1a6a87749df82161fbed96d50f7,/workspace/data/objaverse_xl/hf-objaverse-v1/glbs/000-104/3cd1e1a6a87749df82161fbed96d50f7.glb,sketchfab,glb,Creative Commons - Attribution,65f1c3b4717873ecec9a974a42ae020a901348787f9568d5fe35bd7b9adccc95
https://sketchfab.com/3d-models/da3b3cb2cdcc4921bfe2abb9d06c958b,/workspace/data/objaverse_xl/hf-objaverse-v1/glbs/000-045/da3b3cb2cdcc4921bfe2abb9d06c958b.glb,sketchfab,glb,Creative Commons - Attribution - Non-Commercial - Share Alike,8e4595adeb28da58195e563f0c586a3287462e3e7b34b3fb552c1233d904572e
https://sketchfab.com/3d-models/e486fc8f81764a66a084478104a102bc,/workspace/data/objaverse_xl/hf-objaverse-v1/glbs/000-098/e486fc8f81764a66a084478104a102bc.glb,sketchfab,glb,Creative Commons - Attribution,9ea59a3d863545f2a8b562ffbcef2d582048bf286082b4c1e0351f3f33f58531
https://sketchfab.com/3d-models/813e8c3b826049868fd13ddc57aaffb3,/workspace/data/objaverse_xl/hf-objaverse-v1/glbs/000-127/813e8c3b826049868fd13ddc57aaffb3.glb,sketchfab,glb,Creative Commons - Attribution,31ec91d1db5dd1bb90c736df024bb90b5da7fb902466328ec32a0b540b758da6
https://sketchfab.com/3d-models/aaf1f62e8a324b7fbc73ee504486b82d,/workspace/data/objaverse_xl/hf-objaverse-v1/glbs/000-054/aaf1f62e8a324b7fbc73ee504486b82d.glb,sketchfab,glb,Creative Commons - Attribution,ba84977be96b416923cb4c066dc99b6303bf78e9c4cffe276b6a1ccb3e2fb0fd
https://sketchfab.com/3d-models/622f92560e2b47aab58ad8e8e939a2a5,/workspace/data/objaverse_xl/hf-objaverse-v1/glbs/000-038/622f92560e2b47aab58ad8e8e939a2a5.glb,sketchfab,glb,Creative Commons - Attribution - Non-Commercial - Share Alike,f926ddea2df4b9b24dcd4d390f5f7169a8965f4c6f1b40988ec1b5b55da2a29a
https://sketchfab.com/3d-models/3e6e4ea4f25b4df6bd90e99878398234,/workspace/data/objaverse_xl/hf-objaverse-v1/glbs/000-002/3e6e4ea4f25b4df6bd90e99878398234.glb,sketchfab,glb,Creative Commons - Attribution,4167ec22dd872df34fb7a160239a7b7e2d194c7918cb9485ea3527a371c03a3a
https://sketchfab.com/3d-models/53d3e635f0c84c609b5b9c87837ea944,/workspace/data/objaverse_xl/hf-objaverse-v1/glbs/000-129/53d3e635f0c84c609b5b9c87837ea944.glb,sketchfab,glb,Creative Commons - Attribution,7e876b812b40728f9507f98c8e305fecc3a466d1997fdd2a2f3663ceeed268ab
https://sketchfab.com/3d-models/02de08f3fcdd4fad939028a58cf174c3,/workspace/data/objaverse_xl/hf-objaverse-v1/glbs/000-104/02de08f3fcdd4fad939028a58cf174c3.glb,sketchfab,glb,Creative Commons - Attribution,eb2c89c900ec17049a5f1aed4221430497d3f1e32ae514b6d3058392ff0773ff
https://sketchfab.com/3d-models/90dc8f4face14e6db2bf38a02675c8f1,/workspace/data/objaverse_xl/hf-objaverse-v1/glbs/000-015/90dc8f4face14e6db2bf38a02675c8f1.glb,sketchfab,glb,Creative Commons - Attribution,c5e82dc7d4ecab00a0872a1deb27a4c2a653b5df754439fc3e97e0f21ad54089
https://sketchfab.com/3d-models/aec1574c5d734fbf9929530894ed25f3,/workspace/data/objaverse_xl/hf-objaverse-v1/glbs/000-034/aec1574c5d734fbf9929530894ed25f3.glb,sketchfab,glb,Creative Commons - Attribution,9da4c3cd72cbdacb29c6308c6bf4db89e1a68b776c5c2af690b3bc1171693eb7
https://sketchfab.com/3d-models/41e43346fced451bbf17563339b7df92,/workspace/data/objaverse_xl/hf-objaverse-v1/glbs/000-001/41e43346fced451bbf17563339b7df92.glb,sketchfab,glb,Creative Commons - Attribution - Non-Commercial,c0088b6cdfa0ea45fb3878c7fa0e939209839f552233b296fbf7b5a72018336d
https://sketchfab.com/3d-models/112989f160cc4e2cb286c0420fc98fd6,/workspace/data/objaverse_xl/hf-objaverse-v1/glbs/000-096/112989f160cc4e2cb286c0420fc98fd6.glb,sketchfab,glb,Creative Commons - Attribution,00ef1438bfc3a3fd887d9c8e9a21dcd18ac454eb6a11764ac6501ba4be51e863
https://sketchfab.com/3d-models/b20e5787d7664486b35488cf0c590ea0,/workspace/data/objaverse_xl/hf-objaverse-v1/glbs/000-144/b20e5787d7664486b35488cf0c590ea0.glb,sketchfab,glb,Creative Commons - Attribution,2500e905579eba98c042d35ee02101492d9129cd01bab2e5107e6587ce3d8631
https://sketchfab.com/3d-models/1bcda904060148ad95bb45a3369b38ae,/workspace/data/objaverse_xl/hf-objaverse-v1/glbs/000-050/1bcda904060148ad95bb45a3369b38ae.glb,sketchfab,glb,Creative Commons - Attribution,640d7f7b4114c44acee023cd8716d11f1c4030f5424284156b5488ae5fb06c42
https://sketchfab.com/3d-models/ed724c4c189f4f7bb8a72c109171b19e,/workspace/data/objaverse_xl/hf-objaverse-v1/glbs/000-135/ed724c4c189f4f7bb8a72c109171b19e.glb,sketchfab,glb,Creative Commons - Attribution,d71859db75224178731802a70252e8c658d49b0119d109a0dd4bf7585470e16e
https://sketchfab.com/3d-models/9a50baf50672426c954f153275ee5e17,/workspace/data/objaverse_xl/hf-objaverse-v1/glbs/000-141/9a50baf50672426c954f153275ee5e17.glb,sketchfab,glb,Creative Commons - Attribution,2d4bcae0e2204efbae6c2e368676f29dcd6e904358fd58f9fcb0a82cc104a23d
https://sketchfab.com/3d-models/4dfb6ac9b577431783a05825f9ffd8ff,/workspace/data/objaverse_xl/hf-objaverse-v1/glbs/000-012/4dfb6ac9b577431783a05825f9ffd8ff.glb,sketchfab,glb,Creative Commons - Attribution,f9a0a03133d98b0fdb800938315dfc99c6d969ae5fbee31dbc6b56eca52de25a
https://sketchfab.com/3d-models/b3de95fa22604b06b794efcd97e2a05b,/workspace/data/objaverse_xl/hf-objaverse-v1/glbs/000-018/b3de95fa22604b06b794efcd97e2a05b.glb,sketchfab,glb,Creative Commons - Attribution,e8ae867652ff4f06d66b5b60394ec5560807435f5a2e0f8b8156ed25ad608fab
https://sketchfab.com/3d-models/c79e7cc28cc34382898c3976eea4ec47,/workspace/data/objaverse_xl/hf-objaverse-v1/glbs/000-061/c79e7cc28cc34382898c3976eea4ec47.glb,sketchfab,glb,Creative Commons - Attribution,6d208719a0e467769acd20ed3a8d92dab51f2783bfeb023b0a20eda3ab144adc
https://sketchfab.com/3d-models/5618191d773d46d6b3e31cfddffb112e,/workspace/data/objaverse_xl/hf-objaverse-v1/glbs/000-011/5618191d773d46d6b3e31cfddffb112e.glb,sketchfab,glb,Creative Commons - Attribution,ba13562427083632712e206892912161fd5cbfc3ccc783cbe73c86a75b1a68fa
https://sketchfab.com/3d-models/bbafbd9aff6f4db386d095bbe42944c3,/workspace/data/objaverse_xl/hf-objaverse-v1/glbs/000-055/bbafbd9aff6f4db386d095bbe42944c3.glb,sketchfab,glb,Creative Commons - Attribution - Non-Commercial,6da93fef4d1424c72139d1aac02f4ba12967053ca63e62024543e467da108557
https://sketchfab.com/3d-models/f7961f80c8864bcfbbf15f5ed5a6ceba,/workspace/data/objaverse_xl/hf-objaverse-v1/glbs/000-029/f7961f80c8864bcfbbf15f5ed5a6ceba.glb,sketchfab,glb,Creative Commons - Attribution,202eac16019fe310f318e7aed7f8458f7728a7e3dd9c8da558190a946611387c
https://sketchfab.com/3d-models/af550579fc3443fd9ac417520a321a7b,/workspace/data/objaverse_xl/hf-objaverse-v1/glbs/000-104/af550579fc3443fd9ac417520a321a7b.glb,sketchfab,glb,Creative Commons - Attribution,a80dea72f838eb004391c81c7168363b842e816d7755e8dd2f78cc804a44717e
https://sketchfab.com/3d-models/0966964729e948da8d98f648adb3101f,/workspace/data/objaverse_xl/hf-objaverse-v1/glbs/000-147/0966964729e948da8d98f648adb3101f.glb,sketchfab,glb,Creative Commons - Attribution,b3a8bc6eb77863ed6099512c6effbe7b2fedc751d3e079df2fe8d855af03bb8c
https://sketchfab.com/3d-models/719995f3942d430283e204ae5f98fab7,/workspace/data/objaverse_xl/hf-objaverse-v1/glbs/000-083/719995f3942d430283e204ae5f98fab7.glb,sketchfab,glb,Creative Commons - Attribution,ae68ebc60cf24d2e57cd9e43909a626e29b25d2a8d5c69ca75cba56ec4287d51
https://sketchfab.com/3d-models/7c3f11c46af0400dbf01d3a09c51cadb,/workspace/data/objaverse_xl/hf-objaverse-v1/glbs/000-006/7c3f11c46af0400dbf01d3a09c51cadb.glb,sketchfab,glb,Creative Commons - Attribution,50c78f9a0512bd4cc502bd6a06c3f68d7a90aef66076959f26caef4e68d6481b
https://sketchfab.com/3d-models/14ddf7f12d69472e93fd19994b36e64b,/workspace/data/objaverse_xl/hf-objaverse-v1/glbs/000-133/14ddf7f12d69472e93fd19994b36e64b.glb,sketchfab,glb,Creative Commons - Attribution,333a0472bcf5403364501cdcddb9e618df8050fb350fee8a8fc7a296075ce46e
https://sketchfab.com/3d-models/a148f4eef2654c0dae6bfd25eba93951,/workspace/data/objaverse_xl/hf-objaverse-v1/glbs/000-141/a148f4eef2654c0dae6bfd25eba93951.glb,sketchfab,glb,Creative Commons - Attribution,a014e8150d19f3b01959746b15294dd5f8bbee2815f53e9841f612edf49d0cbf
https://sketchfab.com/3d-models/ca3e3bcad7c54046a56fff6e465219c3,/workspace/data/objaverse_xl/hf-objaverse-v1/glbs/000-019/ca3e3bcad7c54046a56fff6e465219c3.glb,sketchfab,glb,Creative Commons - Attribution,c6ae96194e9641024e86f2ee95abd6fcd745db4e3bcd06734d852be4a7e203e0
https://sketchfab.com/3d-models/4edf59c5bf164032a7bfc9fa16f42fd3,/workspace/data/objaverse_xl/hf-objaverse-v1/glbs/000-091/4edf59c5bf164032a7bfc9fa16f42fd3.glb,sketchfab,glb,Creative Commons - Attribution,0b22377efc73f47d51f3fccfeef9c47fe0283a1089d2623d9af7b21aa82e37d5
https://sketchfab.com/3d-models/8467f0ea41b54ff68597608065703fc4,/workspace/data/objaverse_xl/hf-objaverse-v1/glbs/000-047/8467f0ea41b54ff68597608065703fc4.glb,sketchfab,glb,Creative Commons - Attribution,303dd112614446870fe2db31169d151c2d77dfe61c1c7bc85db1294f4e9b6f71
https://sketchfab.com/3d-models/22125f42c4d44cd58ad49e3bdabb516f,/workspace/data/objaverse_xl/hf-objaverse-v1/glbs/000-072/22125f42c4d44cd58ad49e3bdabb516f.glb,sketchfab,glb,Creative Commons - Attribution,eb4c0cf5e41279d47ec3fab1cf007fdd7fed4c7792036e9fe9704435271e9a7e
https://sketchfab.com/3d-models/bffbf70c08d5428a85dfb1f72435bc96,/workspace/data/objaverse_xl/hf-objaverse-v1/glbs/000-008/bffbf70c08d5428a85dfb1f72435bc96.glb,sketchfab,glb,Creative Commons - Attribution,c2d2f53ac04460088f2dfca0002866fef35ec04b97b7b3274105d1258ddd2811
https://sketchfab.com/3d-models/7b65ce7710b442d9932440d5b9812287,/workspace/data/objaverse_xl/hf-objaverse-v1/glbs/000-011/7b65ce7710b442d9932440d5b9812287.glb,sketchfab,glb,Creative Commons - Attribution,a5b8235e3c71ca9c57b0bd23654a5afe77acac6115c51c5bcd3233f5ab0baecf
https://sketchfab.com/3d-models/8ecf97dedca7457b9d2bdc32b9b23235,/workspace/data/objaverse_xl/hf-objaverse-v1/glbs/000-113/8ecf97dedca7457b9d2bdc32b9b23235.glb,sketchfab,glb,Creative Commons - Attribution,45c921945326054687e0897393c04bb729ca9f485188773f0185772095198a1c
https://sketchfab.com/3d-models/bb8876643ca348d9bbf1c53a4db1d8a1,/workspace/data/objaverse_xl/hf-objaverse-v1/glbs/000-111/bb8876643ca348d9bbf1c53a4db1d8a1.glb,sketchfab,glb,Creative Commons - Attribution,5958dcc3b235d564b84ddf28f5b67525d4e962f17f3d323808e118df9c84ec38
https://sketchfab.com/3d-models/650905160e68494589838f830945854a,/workspace/data/objaverse_xl/hf-objaverse-v1/glbs/000-071/650905160e68494589838f830945854a.glb,sketchfab,glb,Creative Commons - Attribution,ad23390bea052449dc62ef82dc1089237bbcd9f2e25a4bce89509333cd5f79c3
https://sketchfab.com/3d-models/ed7c61f6189340ee892dc6f16d3895c7,/workspace/data/objaverse_xl/hf-objaverse-v1/glbs/000-013/ed7c61f6189340ee892dc6f16d3895c7.glb,sketchfab,glb,Creative Commons - Attribution,28d06d5a1a25c369bb1cfa44b72acf113077958984907c78318b2d178d75c8c7
https://sketchfab.com/3d-models/85d01aaf12a54b7487d2c0605755d6b9,/workspace/data/objaverse_xl/hf-objaverse-v1/glbs/000-116/85d01aaf12a54b7487d2c0605755d6b9.glb,sketchfab,glb,Creative Commons - Attribution,9e743214e76a6f35a7c20ab6beaac2417f3eccab9076941d72b1e43e4b2f296c
https://sketchfab.com/3d-models/76db0470bab9472d86df4da8674e11af,/workspace/data/objaverse_xl/hf-objaverse-v1/glbs/000-109/76db0470bab9472d86df4da8674e11af.glb,sketchfab,glb,Creative Commons - Attribution,0fd72bc81bcc6ea3ab4085dec2e83124c601ee4ad112668cd16d8630700c04b8
https://sketchfab.com/3d-models/7a93290013ab44a0b5581796bf2a1d20,/workspace/data/objaverse_xl/hf-objaverse-v1/glbs/000-079/7a93290013ab44a0b5581796bf2a1d20.glb,sketchfab,glb,Creative Commons - Attribution - Non-Commercial - Share Alike,f117ddde96045bd49fb400b8114f7e94e75c1a86277c95c071443c5bada9c48f
https://sketchfab.com/3d-models/ff868f7cdf59459f89d5d80826b038d0,/workspace/data/objaverse_xl/hf-objaverse-v1/glbs/000-040/ff868f7cdf59459f89d5d80826b038d0.glb,sketchfab,glb,Creative Commons - Attribution - Non-Commercial,843675906326c3f08a1c05bad2b12fef4258ae06a2a814b0e93ba072daf68655
https://sketchfab.com/3d-models/0e31901dad1543838890c17d854c6aa2,/workspace/data/objaverse_xl/hf-objaverse-v1/glbs/000-150/0e31901dad1543838890c17d854c6aa2.glb,sketchfab,glb,Creative Commons - Attribution - Share Alike,1056752ddf95d1219acb98416f56ff4808e44d6d54f2869bd90023fca5b9b842
https://sketchfab.com/3d-models/c6cd29b5451f4e90a9ea9c004e168110,/workspace/data/objaverse_xl/hf-objaverse-v1/glbs/000-117/c6cd29b5451f4e90a9ea9c004e168110.glb,sketchfab,glb,Creative Commons - Attribution,d6674c1b741adf6bdebda69b88c995960aca9d87007bdd28c343db3810ee6884
https://sketchfab.com/3d-models/c23c666a107f4538aba31efe1361a7ae,/workspace/data/objaverse_xl/hf-objaverse-v1/glbs/000-034/c23c666a107f4538aba31efe1361a7ae.glb,sketchfab,glb,Creative Commons - Attribution,75cd2899e08dd5659900a8331c640141165d9f80671940790b659f97904d0ba0
https://sketchfab.com/3d-models/6dd58550d86b4d2fb21017b0faf443cf,/workspace/data/objaverse_xl/hf-objaverse-v1/glbs/000-108/6dd58550d86b4d2fb21017b0faf443cf.glb,sketchfab,glb,Creative Commons - Attribution,2c4e73a2ce5b21b192ac1000225eb19df942980bc0ddb40db5122a7ab3bb7b77
https://sketchfab.com/3d-models/aff978b030274c5e9d59132ecc135fa4,/workspace/data/objaverse_xl/hf-objaverse-v1/glbs/000-020/aff978b030274c5e9d59132ecc135fa4.glb,sketchfab,glb,Creative Commons - Attribution - Non-Commercial,a380b4c13531b4f04e5b8aecc9c7bfb986f424605f93d3b548e6987bc6b92210
https://sketchfab.com/3d-models/3f8da0286917489f8ba74e6abcf711b1,/workspace/data/objaverse_xl/hf-objaverse-v1/glbs/000-110/3f8da0286917489f8ba74e6abcf711b1.glb,sketchfab,glb,Creative Commons - Attribution,a7d5f9f63484adc73fca7dd346cc951bad616f3fe7d7593d01add00290237b04
https://sketchfab.com/3d-models/831b006934f34c8d9a080c48679a895f,/workspace/data/objaverse_xl/hf-objaverse-v1/glbs/000-038/831b006934f34c8d9a080c48679a895f.glb,sketchfab,glb,Creative Commons - Attribution,caafab37e0fc0454ff8e16ddb8f274bd5fbcd22e791224be0388c4f938754bfc
https://sketchfab.com/3d-models/9846a9e2af0a4e44a87bb5838670f77c,/workspace/data/objaverse_xl/hf-objaverse-v1/glbs/000-048/9846a9e2af0a4e44a87bb5838670f77c.glb,sketchfab,glb,Creative Commons Zero v1.0 Universal,4d1f8da64b14620d0187c3cd43dddbb0c285cc2d2c4cec661784d624500e1fbd
https://sketchfab.com/3d-models/38201ec2d319464fa35ddbe4c9265148,/workspace/data/objaverse_xl/hf-objaverse-v1/glbs/000-117/38201ec2d319464fa35ddbe4c9265148.glb,sketchfab,glb,Creative Commons - Attribution,4bc5ccec2d22f6acbdd36c7e9165c2270ce0403d8b872e7c111d3ff1b1eb994c
https://sketchfab.com/3d-models/8d5d7f67541f4d6497c7ac81655350bc,/workspace/data/objaverse_xl/hf-objaverse-v1/glbs/000-141/8d5d7f67541f4d6497c7ac81655350bc.glb,sketchfab,glb,Creative Commons - Attribution,8d3cfc8d628923bf1612ac910112530c517f7ba9d21834d069fbe1a7193361f3
https://sketchfab.com/3d-models/02a9897ace6c47a690a5f000b65841ae,/workspace/data/objaverse_xl/hf-objaverse-v1/glbs/000-111/02a9897ace6c47a690a5f000b65841ae.glb,sketchfab,glb,Creative Commons - Attribution,53cc0a98b5c858ae9026641b65656d03ea62f32e4f20c6f74c285231aaaeff9d
https://sketchfab.com/3d-models/2166ffc720644ed396cbd0cb1da81a0c,/workspace/data/objaverse_xl/hf-objaverse-v1/glbs/000-072/2166ffc720644ed396cbd0cb1da81a0c.glb,sketchfab,glb,Creative Commons - Attribution,66072674834c83dcd9d482bc9b88666b8e9e7d6d35fa165e1cc3d322d2376150
https://sketchfab.com/3d-models/d327455d4656452d8df469fe2bef1b3c,/workspace/data/objaverse_xl/hf-objaverse-v1/glbs/000-116/d327455d4656452d8df469fe2bef1b3c.glb,sketchfab,glb,Creative Commons - Attribution,361986db47fb04847162b1d7df58f3885091442904d6502fd6b3bf98bcd616e2
https://sketchfab.com/3d-models/89ed68ff21f04bb3be0ddd99210679db,/workspace/data/objaverse_xl/hf-objaverse-v1/glbs/000-051/89ed68ff21f04bb3be0ddd99210679db.glb,sketchfab,glb,Creative Commons - Attribution,341cacdafa5a1ff50c9b217a12d7630a94d27e710623c282aa5bcacab110046a
https://sketchfab.com/3d-models/f4b64a85148a4a61ad29dd13c807d26c,/workspace/data/objaverse_xl/hf-objaverse-v1/glbs/000-039/f4b64a85148a4a61ad29dd13c807d26c.glb,sketchfab,glb,Creative Commons - Attribution,4dfade515088de21abef017f8a0dcdbe659a5afad6789e4fd374e2dfaead1336
https://sketchfab.com/3d-models/a6a4d3b0d8414f9bba8c5194f8b66f2e,/workspace/data/objaverse_xl/hf-objaverse-v1/glbs/000-026/a6a4d3b0d8414f9bba8c5194f8b66f2e.glb,sketchfab,glb,Creative Commons - Attribution,610ed33b91dc74d4a4c57cf34cdd905fafa0a820039e540372c01e4005530cc1
https://sketchfab.com/3d-models/c2a4e3293aff470b9efa22ed9f765507,/workspace/data/objaverse_xl/hf-objaverse-v1/glbs/000-007/c2a4e3293aff470b9efa22ed9f765507.glb,sketchfab,glb,Creative Commons - Attribution,17a332a11a55802c023cb60ec164ebb60966b0c0ff11c9c751c726ccf668fe63
https://sketchfab.com/3d-models/0abe152a5719470ab703733f672f3a56,/workspace/data/objaverse_xl/hf-objaverse-v1/glbs/000-153/0abe152a5719470ab703733f672f3a56.glb,sketchfab,glb,Creative Commons - Attribution - Share Alike,b00c38a1d56977ac57d3f06dceeb2b12505f45fd21c0469322fe159b3b615230
https://sketchfab.com/3d-models/0ed4011feb5945e8a25c945031d38160,/workspace/data/objaverse_xl/hf-objaverse-v1/glbs/000-004/0ed4011feb5945e8a25c945031d38160.glb,sketchfab,glb,Creative Commons - Attribution,4b4964518a721ddaf89e6ef151b854a5eec6a072c1698192b82b324947f46b8b
https://sketchfab.com/3d-models/01d664a3b0f2492981dc30bdfac535d2,/workspace/data/objaverse_xl/hf-objaverse-v1/glbs/000-150/01d664a3b0f2492981dc30bdfac535d2.glb,sketchfab,glb,Creative Commons - Attribution,6de16027340817b6c8d4d108f3d5d54ee7fc3eded4c29e254159073987f92a92
https://sketchfab.com/3d-models/66dfc29876ec42919a35b6b780d9ffe5,/workspace/data/objaverse_xl/hf-objaverse-v1/glbs/000-051/66dfc29876ec42919a35b6b780d9ffe5.glb,sketchfab,glb,Creative Commons - Attribution,42a534a9b41f6fb645229f134b976e6f7a8f74fbf361b8242184330ce7afc491
https://sketchfab.com/3d-models/1e4335e3583c47b2a895817e822360d1,/workspace/data/objaverse_xl/hf-objaverse-v1/glbs/000-152/1e4335e3583c47b2a895817e822360d1.glb,sketchfab,glb,Creative Commons - Attribution,f36d4b82309f2d3665f1071f8d9442011fab03666fa9669044b12a0d26ac69dc
https://sketchfab.com/3d-models/19c1168845f34e3a9019e722ab907e8c,/workspace/data/objaverse_xl/hf-objaverse-v1/glbs/000-138/19c1168845f34e3a9019e722ab907e8c.glb,sketchfab,glb,Creative Commons - Attribution,5dc333b2a9dee7fb9e065c84168f20fc2b785a5940265949d0626a50255967f8
https://sketchfab.com/3d-models/51c54324a51d4fa9b7c5cab25c0bd2dd,/workspace/data/objaverse_xl/hf-objaverse-v1/glbs/000-095/51c54324a51d4fa9b7c5cab25c0bd2dd.glb,sketchfab,glb,Creative Commons - Attribution,736e58c8094c9335da41808cdc03eda98ffaad3462897d693a1398dac63a8f92
https://sketchfab.com/3d-models/145ed5da917e40ff92ad0c905dd98313,/workspace/data/objaverse_xl/hf-objaverse-v1/glbs/000-033/145ed5da917e40ff92ad0c905dd98313.glb,sketchfab,glb,Creative Commons - Attribution,92988e04b7edf9c078aac54acaa4ce0eff1383fb2600b364776a8161ae460bb0
https://sketchfab.com/3d-models/87705e9df17a4a8d91339535de395c44,/workspace/data/objaverse_xl/hf-objaverse-v1/glbs/000-059/87705e9df17a4a8d91339535de395c44.glb,sketchfab,glb,Creative Commons - Attribution,c8e92e95a5e2bef1ed975a31f599b9cd568dd45e0f00072dc36b983d8be1a069
https://sketchfab.com/3d-models/eceb763e7a5340eaa661b53627325ae3,/workspace/data/objaverse_xl/hf-objaverse-v1/glbs/000-056/eceb763e7a5340eaa661b53627325ae3.glb,sketchfab,glb,Creative Commons - Attribution,d5a3d664d7c5da51ce1b6f123c3829168ceacdbc3d493bf32d195725baa5541f
https://sketchfab.com/3d-models/d2b39e357954443fa91e776cfc479fd7,/workspace/data/objaverse_xl/hf-objaverse-v1/glbs/000-130/d2b39e357954443fa91e776cfc479fd7.glb,sketchfab,glb,Creative Commons - Attribution,a0def6624f7b19bc0ded9f4c741ea01e8a39962acbaf5ac8b49b2f1c140bbd26
https://sketchfab.com/3d-models/86328f7ad624426981ebdd9c95db3c7d,/workspace/data/objaverse_xl/hf-objaverse-v1/glbs/000-002/86328f7ad624426981ebdd9c95db3c7d.glb,sketchfab,glb,Creative Commons - Attribution,ed7aad9e24c1661e4866c9ceb009a7d1f3c0ed9e215236f1acd6980442348760
https://sketchfab.com/3d-models/ec3df1cb7f80456884fe60aef7cad1f9,/workspace/data/objaverse_xl/hf-objaverse-v1/glbs/000-023/ec3df1cb7f80456884fe60aef7cad1f9.glb,sketchfab,glb,Creative Commons - Attribution,a8705740b4a6c6533c87fe642aef8344b667bfe874c1efc4b21931a02539ee41
https://sketchfab.com/3d-models/f62f5bfecff64f09928c0515ee35a7c0,/workspace/data/objaverse_xl/hf-objaverse-v1/glbs/000-084/f62f5bfecff64f09928c0515ee35a7c0.glb,sketchfab,glb,Creative Commons - Attribution,b08a60e4b60bf859f47c7a49da5f75e9634ad5de8e6fb1b13fd0e85a50f666b1
https://sketchfab.com/3d-models/7364e183302244878c6a13e941e90953,/workspace/data/objaverse_xl/hf-objaverse-v1/glbs/000-062/7364e183302244878c6a13e941e90953.glb,sketchfab,glb,Creative Commons - Attribution,7d7423e348129859b7a5945a077ad887b2e43b73827d7367ee95f4a60cfbd885
https://sketchfab.com/3d-models/897a797ff699412faf7ad819a529dfb0,/workspace/data/objaverse_xl/hf-objaverse-v1/glbs/000-049/897a797ff699412faf7ad819a529dfb0.glb,sketchfab,glb,Creative Commons - Attribution,8ce6fd4ecacd5ba70e32b89f8fafbeb0ed4082f158cf49b4ef0aedfe8813a4f2
https://sketchfab.com/3d-models/9f2cd536cc4c47b1bd3aceabb0bd7c54,/workspace/data/objaverse_xl/hf-objaverse-v1/glbs/000-101/9f2cd536cc4c47b1bd3aceabb0bd7c54.glb,sketchfab,glb,Creative Commons - Attribution,58aba470782e81f71bc0cde37251fc1a03087f11e08a3f7a30068788b5075444
https://sketchfab.com/3d-models/2923f92183774769a9802e8a4e29b840,/workspace/data/objaverse_xl/hf-objaverse-v1/glbs/000-091/2923f92183774769a9802e8a4e29b840.glb,sketchfab,glb,Creative Commons - Attribution,6074f12b0d58d14d2ff99db9579c027ae1d6ba8687d419b873a791c5bd134653
https://sketchfab.com/3d-models/1772caf5d8644a4695e83c4099dc0daf,/workspace/data/objaverse_xl/hf-objaverse-v1/glbs/000-062/1772caf5d8644a4695e83c4099dc0daf.glb,sketchfab,glb,Creative Commons - Attribution - Non-Commercial,d105e7523688ca422428674cc5e01579e37bd0c403dd160a2d3bb5a8a7e116b7
https://sketchfab.com/3d-models/b8394f18c7614f608b011b17e21c364e,/workspace/data/objaverse_xl/hf-objaverse-v1/glbs/000-039/b8394f18c7614f608b011b17e21c364e.glb,sketchfab,glb,Creative Commons - Attribution,5851db831cd81033bc112bcc84255d9e8026aaf6eaf6646808ad7b60b0af0b63
https://sketchfab.com/3d-models/b533298edda94d8ba446c67a42479103,/workspace/data/objaverse_xl/hf-objaverse-v1/glbs/000-011/b533298edda94d8ba446c67a42479103.glb,sketchfab,glb,Creative Commons - Attribution,bfaa8f0118f69997443b1f95af948e28551c22ca395defcbfa8d568b2389e2b6
https://sketchfab.com/3d-models/21b0efb68f034bcbb62c34dbde3fec03,/workspace/data/objaverse_xl/hf-objaverse-v1/glbs/000-115/21b0efb68f034bcbb62c34dbde3fec03.glb,sketchfab,glb,Creative Commons - Attribution,078b44d80d6b9780f0cfb30302deeb22779e95ace3036e34f0076b84aeb1dc90
https://sketchfab.com/3d-models/1da7ce4b41a347d584d69678a8633bd7,/workspace/data/objaverse_xl/hf-objaverse-v1/glbs/000-004/1da7ce4b41a347d584d69678a8633bd7.glb,sketchfab,glb,Creative Commons - Attribution,73771135482e49e94b1ad0da79e70875fcfbb3d28059228d3fdabd9138d174bb
https://sketchfab.com/3d-models/810124cdbd5b4a16a4219d1d052580b9,/workspace/data/objaverse_xl/hf-objaverse-v1/glbs/000-019/810124cdbd5b4a16a4219d1d052580b9.glb,sketchfab,glb,Creative Commons - Attribution,50e3910c63372a809754151a89c0d05a70e3624b9b8d3af43ae77a5306001a8d
https://sketchfab.com/3d-models/e65413e3e1df4b00b61135023e0bc9ee,/workspace/data/objaverse_xl/hf-objaverse-v1/glbs/000-022/e65413e3e1df4b00b61135023e0bc9ee.glb,sketchfab,glb,Creative Commons - Attribution,e717e7301a801fbee3b9df908f11d8501824c31aeb8cddd35cb754729389aa0c
https://sketchfab.com/3d-models/0573379550b2498d972788f3da080f15,/workspace/data/objaverse_xl/hf-objaverse-v1/glbs/000-026/0573379550b2498d972788f3da080f15.glb,sketchfab,glb,Creative Commons - Attribution,5c76c356d1ca2c25ac20e174a5c0e9a8524883541bc9bbba4f13db40ca12b49a
https://sketchfab.com/3d-models/59140ccf1a5b45649446e98f10653d56,/workspace/data/objaverse_xl/hf-objaverse-v1/glbs/000-080/59140ccf1a5b45649446e98f10653d56.glb,sketchfab,glb,Creative Commons - Attribution,f14ce858348b65ffad4c27f7b275e296c823f4a42867ad2216709976cdf04e47
https://sketchfab.com/3d-models/e7cfe93ee2564e11aa6009a6ea7231b9,/workspace/data/objaverse_xl/hf-objaverse-v1/glbs/000-040/e7cfe93ee2564e11aa6009a6ea7231b9.glb,sketchfab,glb,Creative Commons - Attribution,7c3ab0a14f3e07a4244193b4ae3cf9abc2dca14419f9a4d7c8e2465f7fb8b029
https://sketchfab.com/3d-models/9428331bef424c15803bf66303ac254c,/workspace/data/objaverse_xl/hf-objaverse-v1/glbs/000-130/9428331bef424c15803bf66303ac254c.glb,sketchfab,glb,Creative Commons - Attribution,ae17881a9e709f775a6e96f088494b4fac967b8c86233fd15bfeb454df8e69c1
https://sketchfab.com/3d-models/493dc8649fea4fbf871540ec70f76773,/workspace/data/objaverse_xl/hf-objaverse-v1/glbs/000-127/493dc8649fea4fbf871540ec70f76773.glb,sketchfab,glb,Creative Commons - Attribution - Non-Commercial - Share Alike,00c1724d5ceb1a65c28f610d9ea173cedc7d9d579cca022879966df8c2f07d94
https://sketchfab.com/3d-models/c2b085eea6f243668e5cdb15ba3bc658,/workspace/data/objaverse_xl/hf-objaverse-v1/glbs/000-130/c2b085eea6f243668e5cdb15ba3bc658.glb,sketchfab,glb,Creative Commons - Attribution,297c86381823b7530517a3c8cfe3708dc6fbccda22ace382c844304e55d9f935
https://sketchfab.com/3d-models/71ca344ffacb429f8dd986b60ac1ddfb,/workspace/data/objaverse_xl/hf-objaverse-v1/glbs/000-110/71ca344ffacb429f8dd986b60ac1ddfb.glb,sketchfab,glb,Creative Commons - Attribution,746cc2804f99dfb5218d23006034baf0066d079760ddd3591d5a0c851a747ce9
https://sketchfab.com/3d-models/c02dc6663f344008a502148e751c9974,/workspace/data/objaverse_xl/hf-objaverse-v1/glbs/000-018/c02dc6663f344008a502148e751c9974.glb,sketchfab,glb,Creative Commons - Attribution,b5f4aa832e4792a9ebb9f3c5e553e96ae8bd3cd7bc4ade2eced0c2e1a12e9417
https://sketchfab.com/3d-models/fcbe59bb9c5f400cb8e66f87d00b3700,/workspace/data/objaverse_xl/hf-objaverse-v1/glbs/000-077/fcbe59bb9c5f400cb8e66f87d00b3700.glb,sketchfab,glb,Creative Commons - Attribution,22f7769503749795fdccc48961a87056b199808fe2e5220d1773026c54a6baa3
https://sketchfab.com/3d-models/664be244e68248409140a5209b6cd02b,/workspace/data/objaverse_xl/hf-objaverse-v1/glbs/000-032/664be244e68248409140a5209b6cd02b.glb,sketchfab,glb,Creative Commons - Attribution,19e1708ff0d79cfd540eff541fbc28882e1f668cf45c2bba4218018c62ca01ed
https://sketchfab.com/3d-models/21759ac4e5c9406c9c884daedca3b3a7,/workspace/data/objaverse_xl/hf-objaverse-v1/glbs/000-132/21759ac4e5c9406c9c884daedca3b3a7.glb,sketchfab,glb,Creative Commons - Attribution - Non-Commercial,5ae0f36afc9f5af0083c6a3182e59b2c856993aab629e52455b943ba95afcf9c
https://sketchfab.com/3d-models/0318d666406c4f05863698466cd069ed,/workspace/data/objaverse_xl/hf-objaverse-v1/glbs/000-019/0318d666406c4f05863698466cd069ed.glb,sketchfab,glb,Creative Commons - Attribution,aa5efdfe244992a153a47331fb94891ec6e90296644aa6f7d5b4e003e5cd31f6
https://sketchfab.com/3d-models/21acbf034edd48369a05a32f862adf40,/workspace/data/objaverse_xl/hf-objaverse-v1/glbs/000-121/21acbf034edd48369a05a32f862adf40.glb,sketchfab,glb,Creative Commons - Attribution - Non-Commercial - Share Alike,a715751d2bf51ae1c9fd963cc0264f2cfa7e0115cf3e051977d4c12a206951b1
https://sketchfab.com/3d-models/aa1861cc93c34797ad3f4c276698a23c,/workspace/data/objaverse_xl/hf-objaverse-v1/glbs/000-094/aa1861cc93c34797ad3f4c276698a23c.glb,sketchfab,glb,Creative Commons - Attribution,de57510f3cd2cee82bee2b02816a785f72cd54e13a28f25393d768e694294a35
https://sketchfab.com/3d-models/198eea54e8a04e55b8c8e03133a2cc58,/workspace/data/objaverse_xl/hf-objaverse-v1/glbs/000-118/198eea54e8a04e55b8c8e03133a2cc58.glb,sketchfab,glb,Creative Commons - Attribution,9da50f830734b2e9a5f31728956120659f06563e366bfab50292ff322f993b02
https://sketchfab.com/3d-models/a370ed28e5984126939704264e988ac8,/workspace/data/objaverse_xl/hf-objaverse-v1/glbs/000-067/a370ed28e5984126939704264e988ac8.glb,sketchfab,glb,Creative Commons - Attribution,e49685154bff5369fd90a786e7cd5259a82bf89d39f5d5ef7a6868f0f2d56ce0
https://sketchfab.com/3d-models/1048ea1dd2104ffa8d25ee8aa9efc13a,/workspace/data/objaverse_xl/hf-objaverse-v1/glbs/000-089/1048ea1dd2104ffa8d25ee8aa9efc13a.glb,sketchfab,glb,Creative Commons - Attribution,684fa6b2a47609e529718e91660e57e604ceaacf6a8151494f1df5170fcfbeb2
https://sketchfab.com/3d-models/bb654321884746208e4ed29321df9757,/workspace/data/objaverse_xl/hf-objaverse-v1/glbs/000-146/bb654321884746208e4ed29321df9757.glb,sketchfab,glb,Creative Commons - Attribution,b8a4e08abd112d92eab89485e1c890fb573ca2e84e8930f86c26719ac148d995
https://sketchfab.com/3d-models/04a596c42c2a47079b3429cb5e8c6ee8,/workspace/data/objaverse_xl/hf-objaverse-v1/glbs/000-053/04a596c42c2a47079b3429cb5e8c6ee8.glb,sketchfab,glb,Creative Commons - Attribution,c4350dfb8bce9cfcb88f23345cb820797352c6e1dca1e87b1e7e371b6d0cf9a2
https://sketchfab.com/3d-models/99052a17e33d4d47b19f5691642a5675,/workspace/data/objaverse_xl/hf-objaverse-v1/glbs/000-127/99052a17e33d4d47b19f5691642a5675.glb,sketchfab,glb,Creative Commons - Attribution,e8cc3628a0a3be9e02d24ed9ed2785e090acb69b4e03e196062abeb5bc895e09
https://sketchfab.com/3d-models/0a78eebc260e41cfb0aed8de18b76d0c,/workspace/data/objaverse_xl/hf-objaverse-v1/glbs/000-044/0a78eebc260e41cfb0aed8de18b76d0c.glb,sketchfab,glb,Creative Commons - Attribution,7eeb08151a8ca5adcb304fcdde1e054252182ceb6dfc3dd976be4f26c49733ec
https://sketchfab.com/3d-models/535214d7144343359e7459bdbd4b905e,/workspace/data/objaverse_xl/hf-objaverse-v1/glbs/000-122/535214d7144343359e7459bdbd4b905e.glb,sketchfab,glb,Creative Commons - Attribution,7ce33f400eac48e97731f4fd2b4127a8148e3540027a3280021f83bd847448e7
https://sketchfab.com/3d-models/ec633e69247e4ab29c8a38783027e8fb,/workspace/data/objaverse_xl/hf-objaverse-v1/glbs/000-060/ec633e69247e4ab29c8a38783027e8fb.glb,sketchfab,glb,Creative Commons - Attribution,a192d3fe256219b8c8ace700b2732e3182665219800ecac7ff52404fb3eb582d
https://sketchfab.com/3d-models/a6183b4fd7364ed59518a276ad8ef8ec,/workspace/data/objaverse_xl/hf-objaverse-v1/glbs/000-035/a6183b4fd7364ed59518a276ad8ef8ec.glb,sketchfab,glb,Creative Commons - Attribution,5f1c4a5cef463f2c9a3d30756ad33fa01020cd3b3cb5448f99568ff94bd5d833
https://sketchfab.com/3d-models/8d2ca63d57ab48fead962cab10d27446,/workspace/data/objaverse_xl/hf-objaverse-v1/glbs/000-146/8d2ca63d57ab48fead962cab10d27446.glb,sketchfab,glb,Creative Commons - Attribution,c690c3f4c64464b028c131f5d856ab30543742a71264e7ddf73e08743509d5c1
https://sketchfab.com/3d-models/17092add79b24457ba29f0b35d660072,/workspace/data/objaverse_xl/hf-objaverse-v1/glbs/000-028/17092add79b24457ba29f0b35d660072.glb,sketchfab,glb,Creative Commons - Attribution,e4f81923bf51d749e64b28d6f2f241d1dfa50540d873f66c4b511fb1cc1f32f8
https://sketchfab.com/3d-models/ee3de601c96a42aa8a96df282d207851,/workspace/data/objaverse_xl/hf-objaverse-v1/glbs/000-071/ee3de601c96a42aa8a96df282d207851.glb,sketchfab,glb,Creative Commons - Attribution,303a9cfb25c2631dcec96c47549eb0a336937715c87705d4f6dc125bdfce076c
https://sketchfab.com/3d-models/c1ba4ffcfd9941f794785c027c32d1aa,/workspace/data/objaverse_xl/hf-objaverse-v1/glbs/000-073/c1ba4ffcfd9941f794785c027c32d1aa.glb,sketchfab,glb,Creative Commons - Attribution,3f594d3c815c7e5045061a94b72f48f2075385e124d2d33491146d4cd22ee2b0
https://sketchfab.com/3d-models/ab4a644ef12a49c487191a6f9377372d,/workspace/data/objaverse_xl/hf-objaverse-v1/glbs/000-082/ab4a644ef12a49c487191a6f9377372d.glb,sketchfab,glb,Creative Commons - Attribution,284d252c20fd2ba17546d136625a1c66cea7f8cbbde3235788b8103ddb9e70b9
https://sketchfab.com/3d-models/cf6368cc58b145199a9e0d7f1e5f2a7d,/workspace/data/objaverse_xl/hf-objaverse-v1/glbs/000-016/cf6368cc58b145199a9e0d7f1e5f2a7d.glb,sketchfab,glb,Creative Commons - Attribution,c22308bfbb1e0abdf2fae8dc4479e5a89a62ddfb6852e4d4afd9c5723902f8aa
https://sketchfab.com/3d-models/9611f2f099b14505a9767d617d537dec,/workspace/data/objaverse_xl/hf-objaverse-v1/glbs/000-066/9611f2f099b14505a9767d617d537dec.glb,sketchfab,glb,Creative Commons - Attribution,2d715767b2c11547db98d6d6e6370dd6ff467cb8e3b41c0f7e91a468ad91a732
https://sketchfab.com/3d-models/475e1a51f9e54aac9ca2b05fbe27666b,/workspace/data/objaverse_xl/hf-objaverse-v1/glbs/000-154/475e1a51f9e54aac9ca2b05fbe27666b.glb,sketchfab,glb,Creative Commons - Attribution,20a3ee6be706969534d9d1026787a191f24a12a5aba3d23e54caf903878c14d7
https://sketchfab.com/3d-models/d1c8c1bc1ae24227a9561db686b9faec,/workspace/data/objaverse_xl/hf-objaverse-v1/glbs/000-012/d1c8c1bc1ae24227a9561db686b9faec.glb,sketchfab,glb,Creative Commons - Attribution,f299ebd7e329028e048f74a4cbfb441b3338ddb33dacfdabff147db2c5eebbc9
https://sketchfab.com/3d-models/d771fc4e73794fb9a005ae960149013e,/workspace/data/objaverse_xl/hf-objaverse-v1/glbs/000-038/d771fc4e73794fb9a005ae960149013e.glb,sketchfab,glb,Creative Commons - Attribution,0bd4592d88c406d918775b0fcb3599c9cb1de7b04d5f704a09476e38fba296c7
https://sketchfab.com/3d-models/9294d4ba9b5041df80efe7fcb20db024,/workspace/data/objaverse_xl/hf-objaverse-v1/glbs/000-043/9294d4ba9b5041df80efe7fcb20db024.glb,sketchfab,glb,Creative Commons - Attribution,7f4b435c8021fd90108efba2928ca52c1528f2fba16e4870bfc6cf2c28d2fd3c
https://sketchfab.com/3d-models/70d05316c4b746d79935856ee7199a19,/workspace/data/objaverse_xl/hf-objaverse-v1/glbs/000-151/70d05316c4b746d79935856ee7199a19.glb,sketchfab,glb,Creative Commons - Attribution,4e9b17220a6c01354a4c67f58fc9ed7117c14ec323c40dc5447c5f5804658a1e
https://sketchfab.com/3d-models/38f17617a6794c219f778ea8f102b135,/workspace/data/objaverse_xl/hf-objaverse-v1/glbs/000-126/38f17617a6794c219f778ea8f102b135.glb,sketchfab,glb,Creative Commons - Attribution,0e0e86e88bdbb5efc12b9746f193e5e722afd0a8910d9c0023b85bdf1d04ee1a
https://sketchfab.com/3d-models/954c367afa2b4cb6883b89f63269cf4d,/workspace/data/objaverse_xl/hf-objaverse-v1/glbs/000-135/954c367afa2b4cb6883b89f63269cf4d.glb,sketchfab,glb,Creative Commons - Attribution,68fb475336f7c91f897a0cef7d424a9157ee1a33d5e1b8a1973dcf5420715181
https://sketchfab.com/3d-models/8be6f79dd6704fc4a04cdfad08a2bb9e,/workspace/data/objaverse_xl/hf-objaverse-v1/glbs/000-016/8be6f79dd6704fc4a04cdfad08a2bb9e.glb,sketchfab,glb,Creative Commons - Attribution,469455098be000aefce22ea1a76de5e448f98bf67886875cc6584574cf130987
https://sketchfab.com/3d-models/6e2cc1bd4e6743b3b4baf5d9726c30bf,/workspace/data/objaverse_xl/hf-objaverse-v1/glbs/000-023/6e2cc1bd4e6743b3b4baf5d9726c30bf.glb,sketchfab,glb,Creative Commons - Attribution - Share Alike,a667486d74457ec6835dc899d09830db3b734efc03ee19b78a7303a60427380a
https://sketchfab.com/3d-models/94f77642a7d744faa6903cde75af2105,/workspace/data/objaverse_xl/hf-objaverse-v1/glbs/000-134/94f77642a7d744faa6903cde75af2105.glb,sketchfab,glb,Creative Commons - Attribution - Share Alike,394cad467ed13786214dfb98643428c0e1dace07480a0b40ff2d37f882dba595
https://sketchfab.com/3d-models/e129cd86fc4640909c82b9d1b7363c97,/workspace/data/objaverse_xl/hf-objaverse-v1/glbs/000-152/e129cd86fc4640909c82b9d1b7363c97.glb,sketchfab,glb,Creative Commons - Attribution - Share Alike,5de9846609da30f91ad5bd2df9b180fe840510c66f0eef837261b107d852fca0
https://sketchfab.com/3d-models/bf1925d32fdc4c41b061b5d0583b2bc4,/workspace/data/objaverse_xl/hf-objaverse-v1/glbs/000-083/bf1925d32fdc4c41b061b5d0583b2bc4.glb,sketchfab,glb,Creative Commons - Attribution,ae6721e49162a4763b4e64f0c78db0cf9d1df3a2bac62af2c83d344ff1d4cd51
https://sketchfab.com/3d-models/60f22aed61bc4f35acecd489a18a5a57,/workspace/data/objaverse_xl/hf-objaverse-v1/glbs/000-052/60f22aed61bc4f35acecd489a18a5a57.glb,sketchfab,glb,Creative Commons - Attribution - Non-Commercial - Share Alike,d43654c8ea119077c7d12c8fbe510c14c7a6dceb2150ea6b7117dee5ce0be500
https://sketchfab.com/3d-models/c0525209318b48f59f44faf821ca86a7,/workspace/data/objaverse_xl/hf-objaverse-v1/glbs/000-004/c0525209318b48f59f44faf821ca86a7.glb,sketchfab,glb,Creative Commons - Attribution,9a4315c2094cc674f205514f289c0fe31845349863b8c321c5052ddee8f49509
https://sketchfab.com/3d-models/e3a0d31911714bb7a9009964ea3fefa4,/workspace/data/objaverse_xl/hf-objaverse-v1/glbs/000-034/e3a0d31911714bb7a9009964ea3fefa4.glb,sketchfab,glb,Creative Commons - Attribution,8e40c8bb87098a47306916aec8e7cba1a687f03731eb1ff4355d9b74363bdbe9
https://sketchfab.com/3d-models/2cf1e2baae18472984372eba274351f4,/workspace/data/objaverse_xl/hf-objaverse-v1/glbs/000-016/2cf1e2baae18472984372eba274351f4.glb,sketchfab,glb,Creative Commons - Attribution,431787772eed317117a3faefaec714b3151836b21d72431b19234fe1267747b3
https://sketchfab.com/3d-models/3689760817b64d94ac857221f1580336,/workspace/data/objaverse_xl/hf-objaverse-v1/glbs/000-093/3689760817b64d94ac857221f1580336.glb,sketchfab,glb,Creative Commons - Attribution,c90f7417d959dfa965d47b93c9b8d9964d6e26f351ff40c5c7c8d11c13d0cfe5
https://sketchfab.com/3d-models/8db73ddf446943ed91d38a973dd21b05,/workspace/data/objaverse_xl/hf-objaverse-v1/glbs/000-140/8db73ddf446943ed91d38a973dd21b05.glb,sketchfab,glb,Creative Commons - Attribution,b7bbd5c343bfc070c7f07f0ea997ac596076aaa5bc8aac9ba8b5e8c04b2faf2c
https://sketchfab.com/3d-models/d336b01c5cb04fd093a53b6cc6c15e61,/workspace/data/objaverse_xl/hf-objaverse-v1/glbs/000-086/d336b01c5cb04fd093a53b6cc6c15e61.glb,sketchfab,glb,Creative Commons - Attribution,1d3d9f694d660b67336cccc20c9421679297c439359350cc1b8f0662cbe549f9
https://sketchfab.com/3d-models/a317b980af594264a39964d39c7c9cd2,/workspace/data/objaverse_xl/hf-objaverse-v1/glbs/000-007/a317b980af594264a39964d39c7c9cd2.glb,sketchfab,glb,Creative Commons - Attribution,5b450236662c3e32ec082195e8eca28ec0dd47dae9e59881af42813b1f1a8020
https://sketchfab.com/3d-models/f7b3be4936014e778c9ee8c3d779beb4,/workspace/data/objaverse_xl/hf-objaverse-v1/glbs/000-043/f7b3be4936014e778c9ee8c3d779beb4.glb,sketchfab,glb,Creative Commons - Attribution - Share Alike,54851368d5ff88c29c4a2963245e5a7424ffd5f4f448a85ce947375ef1c779c2
https://sketchfab.com/3d-models/09417873be4b4d9ba31f815e8c96672d,/workspace/data/objaverse_xl/hf-objaverse-v1/glbs/000-054/09417873be4b4d9ba31f815e8c96672d.glb,sketchfab,glb,Creative Commons - Attribution,8e788311f6c11432315620c7c5723c09566bf77e08189860278091825b78c139
https://sketchfab.com/3d-models/afba0a8e8ab341c7a8d1f7b8019c5c49,/workspace/data/objaverse_xl/hf-objaverse-v1/glbs/000-044/afba0a8e8ab341c7a8d1f7b8019c5c49.glb,sketchfab,glb,Creative Commons - Attribution,3addb7d7b02d887739e41773b5e38c003a4f1c7f5d9f85073c6b40be8873c0ed
https://sketchfab.com/3d-models/0e457547583f40f1bc0195bd16a6f918,/workspace/data/objaverse_xl/hf-objaverse-v1/glbs/000-083/0e457547583f40f1bc0195bd16a6f918.glb,sketchfab,glb,Creative Commons - Attribution,c275d49fa64bd59711710b915709c160996cc46e25b7171a6468c957ca99456d
https://sketchfab.com/3d-models/d41594c5c9c645a0a83a7007e49f5c5c,/workspace/data/objaverse_xl/hf-objaverse-v1/glbs/000-153/d41594c5c9c645a0a83a7007e49f5c5c.glb,sketchfab,glb,Creative Commons - Attribution - Non-Commercial - Share Alike,fd50fa03ac816c7f6fe645a8bb600d13ed695e779e57e0a3a25bea155c66a64e
https://sketchfab.com/3d-models/c08cd982cd444365b39471fa8ef0bc17,/workspace/data/objaverse_xl/hf-objaverse-v1/glbs/000-111/c08cd982cd444365b39471fa8ef0bc17.glb,sketchfab,glb,Creative Commons - Attribution,049e5848557a5ea0c69dd5b2933df1be11173fb88d3d3bd48651144f9a0b5b36
https://sketchfab.com/3d-models/10c0aae3a129445aad2e7372ee829329,/workspace/data/objaverse_xl/hf-objaverse-v1/glbs/000-079/10c0aae3a129445aad2e7372ee829329.glb,sketchfab,glb,Creative Commons - Attribution,9d951e340c57dbc6444398259c9ab8b10ce7dc969c514dce961897adb256e480
https://sketchfab.com/3d-models/a544a1b4ef344a8286c4f256a99b3e61,/workspace/data/objaverse_xl/hf-objaverse-v1/glbs/000-095/a544a1b4ef344a8286c4f256a99b3e61.glb,sketchfab,glb,Creative Commons - Attribution,a74ceeba4bc792e01eae5209ead0ad6ab851f59319302ea88c59cfac2ee15487
https://sketchfab.com/3d-models/6ae0871c4cb3436db8ba214fd7707553,/workspace/data/objaverse_xl/hf-objaverse-v1/glbs/000-104/6ae0871c4cb3436db8ba214fd7707553.glb,sketchfab,glb,Creative Commons - Attribution,7d7a687d99a920207c89e2ef3aabed814bf7910e3ab1da2dd70dac8d9a02cef9
https://sketchfab.com/3d-models/82f371154c6e4028b8d41be200ec833e,/workspace/data/objaverse_xl/hf-objaverse-v1/glbs/000-119/82f371154c6e4028b8d41be200ec833e.glb,sketchfab,glb,Creative Commons - Attribution,46457022e81d9d560cd4e60442879340ff58fd788c28b2de9544d9f36ccf904b
https://sketchfab.com/3d-models/eed05aef33644230b25d478843e1ab6a,/workspace/data/objaverse_xl/hf-objaverse-v1/glbs/000-097/eed05aef33644230b25d478843e1ab6a.glb,sketchfab,glb,Creative Commons - Attribution - Non-Commercial - Share Alike,91503f89740345fc37d383eb3aa0381677d3083a5217cba15c11312bf3e68506
https://sketchfab.com/3d-models/7241985874f7457d8aef59c1d2364979,/workspace/data/objaverse_xl/hf-objaverse-v1/glbs/000-049/7241985874f7457d8aef59c1d2364979.glb,sketchfab,glb,Creative Commons - Attribution,3fbacc88eaf759569070d003975d4f2d8e4a14a3aeecbeaf01439d53b59a8615
https://sketchfab.com/3d-models/079cba03dfe04337b21661e2e2ef2515,/workspace/data/objaverse_xl/hf-objaverse-v1/glbs/000-087/079cba03dfe04337b21661e2e2ef2515.glb,sketchfab,glb,Creative Commons - Attribution,ade2c93e106a4aa3c039498679dff8390943d711666d7c0356bf3212b3fb6ee1
https://sketchfab.com/3d-models/bc5cb4d21c1b419c806f1dc1e20f9512,/workspace/data/objaverse_xl/hf-objaverse-v1/glbs/000-087/bc5cb4d21c1b419c806f1dc1e20f9512.glb,sketchfab,glb,Creative Commons - Attribution,c6ee197fe60eb7fab97ccfdb55020415fda5af155130a5a6195882b7e014ea2a
https://sketchfab.com/3d-models/f100f9a7ddd74409b15fed0dbd48d7c3,/workspace/data/objaverse_xl/hf-objaverse-v1/glbs/000-109/f100f9a7ddd74409b15fed0dbd48d7c3.glb,sketchfab,glb,Creative Commons - Attribution,da85fdd60491cd7fbc0b18d72f6798bd6954e6db72a7c6892b8601d57cd77a5f
https://sketchfab.com/3d-models/112f8f7e3a774a55bcc2414220454897,/workspace/data/objaverse_xl/hf-objaverse-v1/glbs/000-069/112f8f7e3a774a55bcc2414220454897.glb,sketchfab,glb,Creative Commons - Attribution - Non-Commercial - Share Alike,bdff650b4c6af526eb250d69b167443da039237e2cbcea9b8a8050f889c80836
https://sketchfab.com/3d-models/461cdce07bfe4913946df9d3e8e2ec86,/workspace/data/objaverse_xl/hf-objaverse-v1/glbs/000-011/461cdce07bfe4913946df9d3e8e2ec86.glb,sketchfab,glb,Creative Commons - Attribution,e61f73d274e33cd5688e0ef51d417e3a7ccaa84d259ec920bc9621cd99765d41
https://sketchfab.com/3d-models/67133093fc6c457992e2441cff593c5f,/workspace/data/objaverse_xl/hf-objaverse-v1/glbs/000-151/67133093fc6c457992e2441cff593c5f.glb,sketchfab,glb,Creative Commons - Attribution,1d17db7e44c6991ea678d5b90b11a7942ec41dbd68b32abbaa0058cc27c392cd
https://sketchfab.com/3d-models/9ee333deea6a4b03816e5f7fc4037e96,/workspace/data/objaverse_xl/hf-objaverse-v1/glbs/000-022/9ee333deea6a4b03816e5f7fc4037e96.glb,sketchfab,glb,Creative Commons - Attribution,bf5672ff775e749295861bdeff464cc614703f4c2d4674f81d86241e6c49f4cf
https://sketchfab.com/3d-models/1f5a0e6d7fd54801b2954c8f827b659e,/workspace/data/objaverse_xl/hf-objaverse-v1/glbs/000-064/1f5a0e6d7fd54801b2954c8f827b659e.glb,sketchfab,glb,Creative Commons - Attribution,c595ac790904ae91ecb944bac6bb4de0dfeb19354acc581f1f54e9a5751070e1
https://sketchfab.com/3d-models/576fe64298ef4927a264632b51865a05,/workspace/data/objaverse_xl/hf-objaverse-v1/glbs/000-118/576fe64298ef4927a264632b51865a05.glb,sketchfab,glb,Creative Commons - Attribution,c82d30509be3a3a81e157bb5d75b8f2323b9867b699eca67044effcec9fddbe3
https://sketchfab.com/3d-models/3fe60f0d08d1410195c73aeaaeaca0ff,/workspace/data/objaverse_xl/hf-objaverse-v1/glbs/000-023/3fe60f0d08d1410195c73aeaaeaca0ff.glb,sketchfab,glb,Creative Commons - Attribution,091a2fec5c964ed8b7ba168e038b417981fad2497a8c34e751cff56c79d5b19d
https://sketchfab.com/3d-models/28910bbb39134f3b9c520aa4d7cb9c05,/workspace/data/objaverse_xl/hf-objaverse-v1/glbs/000-117/28910bbb39134f3b9c520aa4d7cb9c05.glb,sketchfab,glb,Creative Commons - Attribution,441932dda1942097189b0b3d5074aa773014275f28677532fdabcd8502e70d3b
https://sketchfab.com/3d-models/4d8c27d440354da696106dabab65bc8b,/workspace/data/objaverse_xl/hf-objaverse-v1/glbs/000-053/4d8c27d440354da696106dabab65bc8b.glb,sketchfab,glb,Creative Commons - Attribution,6f8d24c85f13d2db5733af1960a94ab973fb4679dd3d877103f57021a31c0f78
https://sketchfab.com/3d-models/eacea7ef80f248da9c70aa1b5693a37f,/workspace/data/objaverse_xl/hf-objaverse-v1/glbs/000-137/eacea7ef80f248da9c70aa1b5693a37f.glb,sketchfab,glb,Creative Commons - Attribution,603d0b7a8fd196ffa715b75e4252e711f0dd92b9022358be6b42244e4dc0f347
https://sketchfab.com/3d-models/526645f841f6424da2c51915b505c20f,/workspace/data/objaverse_xl/hf-objaverse-v1/glbs/000-136/526645f841f6424da2c51915b505c20f.glb,sketchfab,glb,Creative Commons - Attribution,1d5fe27a0fb2090bedc057167188f1221acac857755c0c373d652fd87a75ca31
https://sketchfab.com/3d-models/60ae0dcb47524889ad51cd44fe9da9da,/workspace/data/objaverse_xl/hf-objaverse-v1/glbs/000-033/60ae0dcb47524889ad51cd44fe9da9da.glb,sketchfab,glb,Creative Commons - Attribution - Non-Commercial - Share Alike,b8dc19e1729020f19b7a2a15d3b5ae552b02c8a8018d4da2293317da9a043742
https://sketchfab.com/3d-models/072bd0a7409549a3bf45e2175265bafb,/workspace/data/objaverse_xl/hf-objaverse-v1/glbs/000-063/072bd0a7409549a3bf45e2175265bafb.glb,sketchfab,glb,Creative Commons - Attribution,b9dcc6b18e40415d9d421de752de0fddaa658807a604844a6192bcc241be37a5
https://sketchfab.com/3d-models/5eb1166198a147949f95aacb4257ad37,/workspace/data/objaverse_xl/hf-objaverse-v1/glbs/000-050/5eb1166198a147949f95aacb4257ad37.glb,sketchfab,glb,Creative Commons - Attribution,aea21e9dc1c60c6377b27b7e9a5a9878d184d3fd37f75d89d4a04c0e33c95e4b
https://sketchfab.com/3d-models/473e83d6f5764fa69d6e6cd7f607a629,/workspace/data/objaverse_xl/hf-objaverse-v1/glbs/000-148/473e83d6f5764fa69d6e6cd7f607a629.glb,sketchfab,glb,Creative Commons - Attribution,3816deff3a55883d208cb6bc0a3330527757d12744b94ea086c81dd2e0259c9f
https://sketchfab.com/3d-models/c0bcad10540247798910b5d9f2b53160,/workspace/data/objaverse_xl/hf-objaverse-v1/glbs/000-134/c0bcad10540247798910b5d9f2b53160.glb,sketchfab,glb,Creative Commons - Attribution,1f5c5b08417811145db62bf4f732a5cbfeda4ecaebb91174095634686451de9a
https://sketchfab.com/3d-models/301f5dc1ce8847ac88af53d7a8330847,/workspace/data/objaverse_xl/hf-objaverse-v1/glbs/000-015/301f5dc1ce8847ac88af53d7a8330847.glb,sketchfab,glb,Creative Commons - Attribution - Non-Commercial - Share Alike,2a1f6e0460a009dd7ad3fea815ed2537175e06e636504103141b36747a0bb540
https://sketchfab.com/3d-models/90f9f13370ce49798b5e65f3140bac42,/workspace/data/objaverse_xl/hf-objaverse-v1/glbs/000-123/90f9f13370ce49798b5e65f3140bac42.glb,sketchfab,glb,Creative Commons - Attribution,aba3e535593df7a6f8cda4bc5172105535402539fdbc5ea0c4690a3966ad82fe
https://sketchfab.com/3d-models/88e805f0ae6146cb9d6b5e1c98f4a390,/workspace/data/objaverse_xl/hf-objaverse-v1/glbs/000-094/88e805f0ae6146cb9d6b5e1c98f4a390.glb,sketchfab,glb,Creative Commons - Attribution,c9ef5d093de1b78dacbd71af0201e607032e400029824524915c1860dbc1a609
https://sketchfab.com/3d-models/7581f3e222dc47f4b25455ebfa88f2f5,/workspace/data/objaverse_xl/hf-objaverse-v1/glbs/000-043/7581f3e222dc47f4b25455ebfa88f2f5.glb,sketchfab,glb,Creative Commons - Attribution,d1b95ab5826177760777c64f6dd06783ccec69cb2c840eb8ba6e3f5db868263a
https://sketchfab.com/3d-models/c6fb4c96a6b54748baba660e90c66c6a,/workspace/data/objaverse_xl/hf-objaverse-v1/glbs/000-024/c6fb4c96a6b54748baba660e90c66c6a.glb,sketchfab,glb,Creative Commons - Attribution,46e94c19fc70c051ac975b5d382e81d77a288236b3a92d63b767162b6f187df4
https://sketchfab.com/3d-models/153e3c30c7844fe595fcf53726ed070e,/workspace/data/objaverse_xl/hf-objaverse-v1/glbs/000-067/153e3c30c7844fe595fcf53726ed070e.glb,sketchfab,glb,Creative Commons - Attribution,cb82e05955cde3128706f9d998c3efa9ee75bc11b5238d47c802a4ced5c47ee5
https://sketchfab.com/3d-models/a8df27820e3149cbb23dae7830fb2265,/workspace/data/objaverse_xl/hf-objaverse-v1/glbs/000-034/a8df27820e3149cbb23dae7830fb2265.glb,sketchfab,glb,Creative Commons - Attribution,b2ea8e1bdcbbfdc8106fcc64906c36b92145af22e778faa154e1608a28627a3b
https://sketchfab.com/3d-models/d342387df4cf44b9bd7795275230e417,/workspace/data/objaverse_xl/hf-objaverse-v1/glbs/000-053/d342387df4cf44b9bd7795275230e417.glb,sketchfab,glb,Creative Commons - Attribution,f963caa4a342165142e6b57d30d8b02f243ed576b26082237556d43f99f3caea
https://sketchfab.com/3d-models/b27859e91d3a481fbc32a7980387663f,/workspace/data/objaverse_xl/hf-objaverse-v1/glbs/000-127/b27859e91d3a481fbc32a7980387663f.glb,sketchfab,glb,Creative Commons - Attribution,ed6edf63b269a59fc8439aa38d2cd93ba924ea9f6ec5de1ccbb4ac8a58a7b245
https://sketchfab.com/3d-models/215857d0204d4bea86db2ca879afdc98,/workspace/data/objaverse_xl/hf-objaverse-v1/glbs/000-054/215857d0204d4bea86db2ca879afdc98.glb,sketchfab,glb,Creative Commons - Attribution - Non-Commercial - Share Alike,1195c73b3858ac5471129df1a1a6818459b342420f6c21cb70f1f10709cfb919
https://sketchfab.com/3d-models/defef22cdae24f9bad36dbba18d834df,/workspace/data/objaverse_xl/hf-objaverse-v1/glbs/000-123/defef22cdae24f9bad36dbba18d834df.glb,sketchfab,glb,Creative Commons - Attribution,679d53c63c7cfcca453a3004b2b1c4fa0d5af3dc1b8a32db34fae567d369d182
https://sketchfab.com/3d-models/44da6e4c907b4c779d3d61c42af428ee,/workspace/data/objaverse_xl/hf-objaverse-v1/glbs/000-031/44da6e4c907b4c779d3d61c42af428ee.glb,sketchfab,glb,Creative Commons - Attribution - Non-Commercial,14a7e22ec40ff2736ce7cd389eac8b72f215121f9727f449d89328160cabc077
https://sketchfab.com/3d-models/7de60aebaf8a484e830843461acc864b,/workspace/data/objaverse_xl/hf-objaverse-v1/glbs/000-051/7de60aebaf8a484e830843461acc864b.glb,sketchfab,glb,Creative Commons - Attribution,0e24935bef9dbb97dc8af78dee277964a800bb609cc2e23f1bf5a16edcd65724
https://sketchfab.com/3d-models/1463be6d69e64648a02cb80dfbe01a69,/workspace/data/objaverse_xl/hf-objaverse-v1/glbs/000-049/1463be6d69e64648a02cb80dfbe01a69.glb,sketchfab,glb,Creative Commons - Attribution,c2824ab6b8a832baa99e8f6b91ed18e16bd7de65384fa6ede3ad8e97a24e90a8
https://sketchfab.com/3d-models/cd3ce0a7b9ed4b36bbcf41b906a590bf,/workspace/data/objaverse_xl/hf-objaverse-v1/glbs/000-083/cd3ce0a7b9ed4b36bbcf41b906a590bf.glb,sketchfab,glb,Creative Commons - Attribution,0dbb6fcab5beb35ff03256a2f1d7dae63b9de92fae43c6b6a79f7325f5f1a024
https://sketchfab.com/3d-models/4bb02868441d447187e27a60acfbc896,/workspace/data/objaverse_xl/hf-objaverse-v1/glbs/000-055/4bb02868441d447187e27a60acfbc896.glb,sketchfab,glb,Creative Commons - Attribution,711c9bfa20d42d589c0d559b618a7d3113ac77b369a981fceaae6f046bcc5667
https://sketchfab.com/3d-models/fc92c2d18d654223a7c607a07bd923f2,/workspace/data/objaverse_xl/hf-objaverse-v1/glbs/000-115/fc92c2d18d654223a7c607a07bd923f2.glb,sketchfab,glb,Creative Commons - Attribution,54b6d3b41f40fa8a24a36d02904444dcd07b9345009ef8279328064d3af27728
https://sketchfab.com/3d-models/3ee470035c23476a9ed9c79a0853b451,/workspace/data/objaverse_xl/hf-objaverse-v1/glbs/000-019/3ee470035c23476a9ed9c79a0853b451.glb,sketchfab,glb,Creative Commons - Attribution - Non-Commercial - Share Alike,963089ae23f4400be0b032e5b40f101949cfce01d6cb139dad2bd9a0821d5b92
https://sketchfab.com/3d-models/89745678c9e44de0824975a50808e2e2,/workspace/data/objaverse_xl/hf-objaverse-v1/glbs/000-078/89745678c9e44de0824975a50808e2e2.glb,sketchfab,glb,Creative Commons - Attribution,27631ff56d29b84b7f6865ea6335eed46293d0588660a8f454cd51e0f4f17da5
https://sketchfab.com/3d-models/871b7b42a0bd4d8f9f19e33a9c46278e,/workspace/data/objaverse_xl/hf-objaverse-v1/glbs/000-094/871b7b42a0bd4d8f9f19e33a9c46278e.glb,sketchfab,glb,Creative Commons - Attribution,bf53d0fca83350ea346bb778241bbe4ce92eafc4fce0daa2c5d6b94d828bf944
https://sketchfab.com/3d-models/53cd1cfb7e524249ac82b03edf393fe0,/workspace/data/objaverse_xl/hf-objaverse-v1/glbs/000-002/53cd1cfb7e524249ac82b03edf393fe0.glb,sketchfab,glb,Creative Commons - Attribution - Non-Commercial,c7fc8b5614db2af1703a0efbb8dd7c4013a7ccf90e7da8506eba95010cec4dee
https://sketchfab.com/3d-models/a24818abd47048debe6334441bc2946c,/workspace/data/objaverse_xl/hf-objaverse-v1/glbs/000-041/a24818abd47048debe6334441bc2946c.glb,sketchfab,glb,Creative Commons - Attribution,d1df2f88281b44438ea028a1db662f572f1e7f6d2b24b387ad5081c42b7d4854
https://sketchfab.com/3d-models/9b60302976f14c89a28b21ce770397d8,/workspace/data/objaverse_xl/hf-objaverse-v1/glbs/000-056/9b60302976f14c89a28b21ce770397d8.glb,sketchfab,glb,Creative Commons - Attribution,f5473ba9b8a3b9f75715291b1af9792b9587f28ad96d3a3a4093a0e9b37e0b77
https://sketchfab.com/3d-models/d63a86fa489e43828aeb1b29b2b19713,/workspace/data/objaverse_xl/hf-objaverse-v1/glbs/000-136/d63a86fa489e43828aeb1b29b2b19713.glb,sketchfab,glb,Creative Commons - Attribution,9419facb024d40a005f4bec18f20f8e4ec82a27ce8d526074f57886ed498f7e3
https://sketchfab.com/3d-models/4dee4619b069416f90236e2aba8f23de,/workspace/data/objaverse_xl/hf-objaverse-v1/glbs/000-017/4dee4619b069416f90236e2aba8f23de.glb,sketchfab,glb,Creative Commons - Attribution,3344c9c35fe2d6cd156b5e894e6d3537590c907492ab622c5008370f72cbcbf7
https://sketchfab.com/3d-models/90f134e8a92c4d838b0aa1d7d694f115,/workspace/data/objaverse_xl/hf-objaverse-v1/glbs/000-042/90f134e8a92c4d838b0aa1d7d694f115.glb,sketchfab,glb,Creative Commons - Attribution,8402a8b3da3ecc8c387ebae495ac75179632b088b9cd2ed49f481d98fa07d21c
https://sketchfab.com/3d-models/23847014928848e4b0d64a1237e922ac,/workspace/data/objaverse_xl/hf-objaverse-v1/glbs/000-069/23847014928848e4b0d64a1237e922ac.glb,sketchfab,glb,Creative Commons - Attribution,919287d02cc5e19c4a01a10a3005bc8cfab54d41624111efb3527a5d8be5d6ed
https://sketchfab.com/3d-models/145061eedca04ab285f6f86cf979a2e4,/workspace/data/objaverse_xl/hf-objaverse-v1/glbs/000-035/145061eedca04ab285f6f86cf979a2e4.glb,sketchfab,glb,Creative Commons - Attribution,e13c58107fe8d9659704718f74a6a8c86aa95296f3f99f1d48f3632ccb65b7a4
https://sketchfab.com/3d-models/36422cc7b2664579a062efc86eae6a94,/workspace/data/objaverse_xl/hf-objaverse-v1/glbs/000-077/36422cc7b2664579a062efc86eae6a94.glb,sketchfab,glb,Creative Commons - Attribution,30e8fdaf8c57a2a858e1b77b6b9d181f6903b858bb76d444ec3b1847a1e6a516
https://sketchfab.com/3d-models/463d3fbe3d204a04acd7ddd27c3111b7,/workspace/data/objaverse_xl/hf-objaverse-v1/glbs/000-157/463d3fbe3d204a04acd7ddd27c3111b7.glb,sketchfab,glb,Creative Commons - Attribution,8fa41f8ad081dabe7ded0d1fde17ec3c585dc9f916234505ba29e7404420c53b
https://sketchfab.com/3d-models/46bcd94a813e40e194c2796c7418f0e3,/workspace/data/objaverse_xl/hf-objaverse-v1/glbs/000-143/46bcd94a813e40e194c2796c7418f0e3.glb,sketchfab,glb,Creative Commons - Attribution,54266c88d6d00dbe5c0324fabae89f8eca611488ffea4ba9de7264dcd6728834
https://sketchfab.com/3d-models/2abd56bdc5f34e098bb44cf8971a14d9,/workspace/data/objaverse_xl/hf-objaverse-v1/glbs/000-061/2abd56bdc5f34e098bb44cf8971a14d9.glb,sketchfab,glb,Creative Commons - Attribution,24c04ef597093ac5da793602969c70b9eac3b38a6dc99fc0de87e1d0185997a0
https://sketchfab.com/3d-models/eb63c96360824c2caf97338434096b1f,/workspace/data/objaverse_xl/hf-objaverse-v1/glbs/000-047/eb63c96360824c2caf97338434096b1f.glb,sketchfab,glb,Creative Commons - Attribution,299d2c89ad835b2b69afd3cded3f36fcce2f44a9e2358465276533b10fb6f196
https://sketchfab.com/3d-models/c76cd6c6d0a44bd59cb742a693a85971,/workspace/data/objaverse_xl/hf-objaverse-v1/glbs/000-003/c76cd6c6d0a44bd59cb742a693a85971.glb,sketchfab,glb,Creative Commons - Attribution,b20697ecb7c344af5f892c4c6da90b5bb56683523266b0b34e3ce18a88dd5cb2
https://sketchfab.com/3d-models/ef8bd57d2861464bb548fe58aed0e488,/workspace/data/objaverse_xl/hf-objaverse-v1/glbs/000-041/ef8bd57d2861464bb548fe58aed0e488.glb,sketchfab,glb,Creative Commons - Attribution,dc8c32fc27c4109dc94de8fa6f325cd622a16a0c674b15c746a0d2aa328e019e
https://sketchfab.com/3d-models/40e48d0d4bd54bbf81c6827cfcc7423a,/workspace/data/objaverse_xl/hf-objaverse-v1/glbs/000-111/40e48d0d4bd54bbf81c6827cfcc7423a.glb,sketchfab,glb,Creative Commons - Attribution,66dc925cf0d073296d366a309cae830febc0c3207227fa5c6a46648aaa82996a
https://sketchfab.com/3d-models/9fe95d3e5d0944d59c04266192218d4c,/workspace/data/objaverse_xl/hf-objaverse-v1/glbs/000-072/9fe95d3e5d0944d59c04266192218d4c.glb,sketchfab,glb,Creative Commons - Attribution,1c4c4ea8dd50cd6f4f46c725f3201b6e3ce643cb93fdd82e7a6ce85334b3aaa7
https://sketchfab.com/3d-models/5fde118380b340beb18ad2f43c351f8d,/workspace/data/objaverse_xl/hf-objaverse-v1/glbs/000-099/5fde118380b340beb18ad2f43c351f8d.glb,sketchfab,glb,Creative Commons - Attribution,ad9f693b763222d0db263082a93d10f77ab43248a3e28d82e9605c765d521998
https://sketchfab.com/3d-models/ef7056ed588343cbba56b998e2b74ece,/workspace/data/objaverse_xl/hf-objaverse-v1/glbs/000-111/ef7056ed588343cbba56b998e2b74ece.glb,sketchfab,glb,Creative Commons - Attribution,4223628bfaa511aecdf474d98605111365d54189c127d5f142698d3f0e57943b
https://sketchfab.com/3d-models/3d26f6bb2be5404eba68ee242782f241,/workspace/data/objaverse_xl/hf-objaverse-v1/glbs/000-140/3d26f6bb2be5404eba68ee242782f241.glb,sketchfab,glb,Creative Commons - Attribution,81e29867de2210d22fe17ecc80209a64524e21a55e8e8a5e3f294ab3baa9f5ba
https://sketchfab.com/3d-models/8c4d144346f14a4ebaeaa35fe63af5a5,/workspace/data/objaverse_xl/hf-objaverse-v1/glbs/000-048/8c4d144346f14a4ebaeaa35fe63af5a5.glb,sketchfab,glb,Creative Commons - Attribution,68c9a9dce004c5f6b9c4cb83198ee15f4a17d4f22eedc5795868886f6440583f
https://sketchfab.com/3d-models/2b74cc3d9da64363bfafba7e1345d1d5,/workspace/data/objaverse_xl/hf-objaverse-v1/glbs/000-047/2b74cc3d9da64363bfafba7e1345d1d5.glb,sketchfab,glb,Creative Commons - Attribution - Share Alike,23781cb71628c3dc1a76f3aa3d9d2a6f3274d9393c1e308b27efe1d2fd845fa2
https://sketchfab.com/3d-models/c00dc8db11234b55a5e64e2b5389ac94,/workspace/data/objaverse_xl/hf-objaverse-v1/glbs/000-073/c00dc8db11234b55a5e64e2b5389ac94.glb,sketchfab,glb,Creative Commons - Attribution,a1a92aeaaa2e552dbc5268d4e2f239b5d46fa63d6aef16095d1414aacc4f1473
https://sketchfab.com/3d-models/32b8e8d081af454fb6987e49b20c9368,/workspace/data/objaverse_xl/hf-objaverse-v1/glbs/000-154/32b8e8d081af454fb6987e49b20c9368.glb,sketchfab,glb,Creative Commons - Attribution,a2bdf78857b953cd2c1a9cee5ecabde830dd4eace95cf29b535fe8362556ef52
https://sketchfab.com/3d-models/48befb3fbb61445c9ed379d2c1892f3b,/workspace/data/objaverse_xl/hf-objaverse-v1/glbs/000-013/48befb3fbb61445c9ed379d2c1892f3b.glb,sketchfab,glb,Creative Commons - Attribution,e8911bcd21eaaf21725dbe485c381a05034a2790eaf13f236e4895253fd047f5
https://sketchfab.com/3d-models/a69853cebb7d44b797a46051d5901e9d,/workspace/data/objaverse_xl/hf-objaverse-v1/glbs/000-011/a69853cebb7d44b797a46051d5901e9d.glb,sketchfab,glb,Creative Commons - Attribution,97f50d5ab54a6fe54d812a1b080b59874f81cf4a07294e25a89acae5992a5759
https://sketchfab.com/3d-models/d611d92d92964582a50e7c0aad25b0af,/workspace/data/objaverse_xl/hf-objaverse-v1/glbs/000-004/d611d92d92964582a50e7c0aad25b0af.glb,sketchfab,glb,Creative Commons - Attribution,e94430572a63a1e8395d3f5a25f032062bfdc6632114c083fa07ec41632c8aee
https://sketchfab.com/3d-models/7b836c935fd44d51b0d8eb5d36bbe7a4,/workspace/data/objaverse_xl/hf-objaverse-v1/glbs/000-054/7b836c935fd44d51b0d8eb5d36bbe7a4.glb,sketchfab,glb,Creative Commons - Attribution,9e217874c89db3a79735db95fa81967507321336c10abf2b9cd6896524e60245
https://sketchfab.com/3d-models/0a2a651729fe4a5ebf0be61877c46502,/workspace/data/objaverse_xl/hf-objaverse-v1/glbs/000-057/0a2a651729fe4a5ebf0be61877c46502.glb,sketchfab,glb,Creative Commons - Attribution,1d76ae7d20ca776d4edfddf0e350ca662e3eb4f334f1ca6d7e34b008d64c0943
https://sketchfab.com/3d-models/5fca469cc59d454ab76c0af881c9edf5,/workspace/data/objaverse_xl/hf-objaverse-v1/glbs/000-003/5fca469cc59d454ab76c0af881c9edf5.glb,sketchfab,glb,Creative Commons - Attribution,a23be54060199f0d9a6395dfeef2cb846dc8406c9e88b06faed5d9901a4e5ea0
https://sketchfab.com/3d-models/ada2106e9dcc455c9d9866138f6959c5,/workspace/data/objaverse_xl/hf-objaverse-v1/glbs/000-075/ada2106e9dcc455c9d9866138f6959c5.glb,sketchfab,glb,Creative Commons - Attribution,e12b867b04cf9b326def5fcfdc5676c5703431ef510b61ed2bc9f0db2501b97b
https://sketchfab.com/3d-models/4636b7c140bd4e5f87554c9f554c2ef0,/workspace/data/objaverse_xl/hf-objaverse-v1/glbs/000-002/4636b7c140bd4e5f87554c9f554c2ef0.glb,sketchfab,glb,Creative Commons - Attribution,d2eade86b56ff7ce07e3b5f3149043da23c054b49aa440a3f244b907f07fc9d0
https://sketchfab.com/3d-models/dc25061f26a54e529e1a35247508756a,/workspace/data/objaverse_xl/hf-objaverse-v1/glbs/000-094/dc25061f26a54e529e1a35247508756a.glb,sketchfab,glb,Creative Commons - Attribution,f297571b239c9a173441c9b77ac73bb2939d9120caef4dde831d45902c0c1b31
https://sketchfab.com/3d-models/7d150e9195384badbe49734365dc6d22,/workspace/data/objaverse_xl/hf-objaverse-v1/glbs/000-109/7d150e9195384badbe49734365dc6d22.glb,sketchfab,glb,Creative Commons - Attribution,3bbd5f2ef2217799c6f10a8a80ce231a9a61092b30548efe7ec53dd78d044eb3
https://sketchfab.com/3d-models/03e96b8e0cfe4b40b71fbad430ab8657,/workspace/data/objaverse_xl/hf-objaverse-v1/glbs/000-010/03e96b8e0cfe4b40b71fbad430ab8657.glb,sketchfab,glb,Creative Commons - Attribution,e3e2afcb2affbe31e1a49d07298396bd6cac3e07dbc3aee4cbc6feacc7fc95a7
https://sketchfab.com/3d-models/89f1350cecd64004a8c9beb187602ef0,/workspace/data/objaverse_xl/hf-objaverse-v1/glbs/000-016/89f1350cecd64004a8c9beb187602ef0.glb,sketchfab,glb,Creative Commons - Attribution,d7373c7c88357c962f40cd1fce10ac239e31048f3f268325602d3d96233415da
https://sketchfab.com/3d-models/531deb33fcb64877b723a29daa1852be,/workspace/data/objaverse_xl/hf-objaverse-v1/glbs/000-061/531deb33fcb64877b723a29daa1852be.glb,sketchfab,glb,Creative Commons - Attribution,8079085547005641b286f6f2fa2dd6f7390ed151957cf72d71cbf7ddae11f83f
https://sketchfab.com/3d-models/a6a5a35cbfed4e4db5f3855e9ff2f5c3,/workspace/data/objaverse_xl/hf-objaverse-v1/glbs/000-150/a6a5a35cbfed4e4db5f3855e9ff2f5c3.glb,sketchfab,glb,Creative Commons - Attribution,301d3bbf3f7a7d2c7a84c77e32400551a6129bad7b9d4ab11450e487bc93003c
https://sketchfab.com/3d-models/3188e85b6992473b8707a2fa4c114679,/workspace/data/objaverse_xl/hf-objaverse-v1/glbs/000-134/3188e85b6992473b8707a2fa4c114679.glb,sketchfab,glb,Creative Commons - Attribution,c815f74aad987d3c97d7e1777ee40d6d9dbe016e1f0ebe7c8059d1ed1925f450
https://sketchfab.com/3d-models/2c90dd7c1d764393bf1e5bae0cf975f6,/workspace/data/objaverse_xl/hf-objaverse-v1/glbs/000-094/2c90dd7c1d764393bf1e5bae0cf975f6.glb,sketchfab,glb,Creative Commons - Attribution - Non-Commercial,41383ab7424cabbd3fca6ef50b3782307e66852c06ec5495bf48c9afee7060ef
https://sketchfab.com/3d-models/89b7fce4ff2c46889ff1c24aa57db63b,/workspace/data/objaverse_xl/hf-objaverse-v1/glbs/000-123/89b7fce4ff2c46889ff1c24aa57db63b.glb,sketchfab,glb,Creative Commons - Attribution,4fb20d8149f5b83a27389fea85c70a8ffeef2b6db8b7c9051a498956448fbada
https://sketchfab.com/3d-models/166c741446744d2ca905cfe9043fd716,/workspace/data/objaverse_xl/hf-objaverse-v1/glbs/000-007/166c741446744d2ca905cfe9043fd716.glb,sketchfab,glb,Creative Commons - Attribution,cca649cf86c450f4407787f3820537f3c86fadb7ee667478b103905e6a72c922
https://sketchfab.com/3d-models/95da8c6d41f045cdb9d3201d58f6fc8c,/workspace/data/objaverse_xl/hf-objaverse-v1/glbs/000-112/95da8c6d41f045cdb9d3201d58f6fc8c.glb,sketchfab,glb,Creative Commons - Attribution,7e1eecb545c0d57b2cf4c093046ba74ca3aaac405566d19040c8ec20ed7d5dc6
https://sketchfab.com/3d-models/9d0701a5fb6a42f8b823d50e58978431,/workspace/data/objaverse_xl/hf-objaverse-v1/glbs/000-006/9d0701a5fb6a42f8b823d50e58978431.glb,sketchfab,glb,Creative Commons - Attribution,201d6f3c8f807a6416e233157bc6c16d9bd5e12b765ffcb988d1111b6376253e
https://sketchfab.com/3d-models/a915351e720a42a4adb69d38ea5a4155,/workspace/data/objaverse_xl/hf-objaverse-v1/glbs/000-048/a915351e720a42a4adb69d38ea5a4155.glb,sketchfab,glb,Creative Commons - Attribution,e5e6d3b90aa990e6a64534f18bcc83a0e231f4aa8ad328e893a1134682979acf
https://sketchfab.com/3d-models/76866510ddc2400794fbb40e29c589f3,/workspace/data/objaverse_xl/hf-objaverse-v1/glbs/000-011/76866510ddc2400794fbb40e29c589f3.glb,sketchfab,glb,Creative Commons - Attribution,24c59a16770584b6279df890fe8b2fea2f55ae82dfec6f6db71e17b1a2c1e311
https://sketchfab.com/3d-models/299779474fd241418714da13539df501,/workspace/data/objaverse_xl/hf-objaverse-v1/glbs/000-043/299779474fd241418714da13539df501.glb,sketchfab,glb,Creative Commons - Attribution,26fb3886cc9d344020c34a365075da0f16f9157eac905e174e68400fb262c306
https://sketchfab.com/3d-models/2809f0963bc64f36a4ade26d11fbd285,/workspace/data/objaverse_xl/hf-objaverse-v1/glbs/000-020/2809f0963bc64f36a4ade26d11fbd285.glb,sketchfab,glb,Creative Commons - Attribution,6d721e5a61065f9116bdc179d2c66ece722397a009220ecd6729b84c737c53a6
https://sketchfab.com/3d-models/51f44cf73fd34bf8a402bb7777582448,/workspace/data/objaverse_xl/hf-objaverse-v1/glbs/000-135/51f44cf73fd34bf8a402bb7777582448.glb,sketchfab,glb,Creative Commons - Attribution,5caf1f353c082bf0e7db33b0fa092fea0f1d65ac26298c5b5b236cacb00ea7b2
https://sketchfab.com/3d-models/7549d2165be548bebb30c89c510d39c9,/workspace/data/objaverse_xl/hf-objaverse-v1/glbs/000-157/7549d2165be548bebb30c89c510d39c9.glb,sketchfab,glb,Creative Commons - Attribution,c4a3b6f3928c34ca7a5ff9153ebc41c2c7caaa7103694083818034f8e61cc78d
https://sketchfab.com/3d-models/d951719747d042d7860a7cf7901da37f,/workspace/data/objaverse_xl/hf-objaverse-v1/glbs/000-060/d951719747d042d7860a7cf7901da37f.glb,sketchfab,glb,Creative Commons - Attribution,90f78e485d395d2cef1bd14d9d0c80a9d2419dc5110e8ef8d304f0bf58b64208
https://sketchfab.com/3d-models/02a5b3b2379c44659c24cfd8a559eb66,/workspace/data/objaverse_xl/hf-objaverse-v1/glbs/000-026/02a5b3b2379c44659c24cfd8a559eb66.glb,sketchfab,glb,Creative Commons - Attribution,66c651978a77efbd768d5c81cd2f20b91e30fe8ee91439f64c2142d1743cb501
https://sketchfab.com/3d-models/20f7d687f73043b3906a69608fb85047,/workspace/data/objaverse_xl/hf-objaverse-v1/glbs/000-034/20f7d687f73043b3906a69608fb85047.glb,sketchfab,glb,Creative Commons - Attribution,f6de0d7622c1e9d7a0795ec68cc1da17c08c84688c7bcf1db538dae12404034b
https://sketchfab.com/3d-models/558e03d76d7a4623836e27e62edd8911,/workspace/data/objaverse_xl/hf-objaverse-v1/glbs/000-027/558e03d76d7a4623836e27e62edd8911.glb,sketchfab,glb,Creative Commons - Attribution,d290a55ca23fac3145e87eba6e62ad6c06e2cdad91d95c9fc484b68f66a511a0
https://sketchfab.com/3d-models/73c77981dbe94dea95d9ba8de42b900e,/workspace/data/objaverse_xl/hf-objaverse-v1/glbs/000-051/73c77981dbe94dea95d9ba8de42b900e.glb,sketchfab,glb,Creative Commons - Attribution,f4464c859dc44c6e1945e0e104afa6afd9d0159c54b8c5b8c64b5bc1b0a83312
https://sketchfab.com/3d-models/911987b098b34ec6a9f85038f232dee6,/workspace/data/objaverse_xl/hf-objaverse-v1/glbs/000-083/911987b098b34ec6a9f85038f232dee6.glb,sketchfab,glb,Creative Commons - Attribution,df022ea8c866a836dcdeb6278ff925565270e535f2fd8bbf7544ac2fe92cbc1d
https://sketchfab.com/3d-models/d54157b58b174be9851a6ed798c6ea1c,/workspace/data/objaverse_xl/hf-objaverse-v1/glbs/000-103/d54157b58b174be9851a6ed798c6ea1c.glb,sketchfab,glb,Creative Commons - Attribution,a53ba5c876e253059ae233353532b8276532af7f67e65b306e57dac826addb8b
https://sketchfab.com/3d-models/78a8fa9ed9a94ce8b74c51a8a5c49655,/workspace/data/objaverse_xl/hf-objaverse-v1/glbs/000-012/78a8fa9ed9a94ce8b74c51a8a5c49655.glb,sketchfab,glb,Creative Commons - Attribution,91cfe125814092e342ebe740af957075f7188dc0adfa5643b2f541ebe9644313
https://sketchfab.com/3d-models/3a1e80545082490dbeb62c3d1f8a4a44,/workspace/data/objaverse_xl/hf-objaverse-v1/glbs/000-030/3a1e80545082490dbeb62c3d1f8a4a44.glb,sketchfab,glb,Creative Commons - Attribution,aae3ff28deaec07961ef64a8aabe0d8ecabe1975f024dc6151670b353c77e0ec
https://sketchfab.com/3d-models/42917bb552514e3fb6a4bc9094801c36,/workspace/data/objaverse_xl/hf-objaverse-v1/glbs/000-149/42917bb552514e3fb6a4bc9094801c36.glb,sketchfab,glb,Creative Commons - Attribution,58e15abbf0f68acf0f325dcbbad71304692df110d7d3150cf26c6d96449012f7
https://sketchfab.com/3d-models/67cc06d3cb8a4bbe898de3129e225639,/workspace/data/objaverse_xl/hf-objaverse-v1/glbs/000-108/67cc06d3cb8a4bbe898de3129e225639.glb,sketchfab,glb,Creative Commons - Attribution,d456dba507e3f6b0363f33b6abcee3378e88dfa9cd44f3e62f85814301f2f28c
https://sketchfab.com/3d-models/fd2684a5542d4a749384d1d010c6fa7b,/workspace/data/objaverse_xl/hf-objaverse-v1/glbs/000-041/fd2684a5542d4a749384d1d010c6fa7b.glb,sketchfab,glb,Creative Commons - Attribution,f60a6d2023f13368fc63e0e9010304c19342b602fcaffab4d2bb156fa6db0271
https://sketchfab.com/3d-models/8e38bf77cecf48ed9c8a0c56be8583c8,/workspace/data/objaverse_xl/hf-objaverse-v1/glbs/000-034/8e38bf77cecf48ed9c8a0c56be8583c8.glb,sketchfab,glb,Creative Commons - Attribution,c0cb3d9dadaf630ed3c238956e99e4403d856f1aa7322fe98787fc12f694b4f0
https://sketchfab.com/3d-models/e297afbd86274bef8e2e31ddf4835260,/workspace/data/objaverse_xl/hf-objaverse-v1/glbs/000-047/e297afbd86274bef8e2e31ddf4835260.glb,sketchfab,glb,Creative Commons - Attribution,d77fc3232bb305b5562fb55a924dd26e4809f39346eb4f35005b72e23a75488e
https://sketchfab.com/3d-models/dd95ecd6cf044c8e9cf7ee7fdeb963dc,/workspace/data/objaverse_xl/hf-objaverse-v1/glbs/000-028/dd95ecd6cf044c8e9cf7ee7fdeb963dc.glb,sketchfab,glb,Creative Commons - Attribution,9989e46e2ef65f2da2d93f1a251ca03930005039de92c3b71bd13f411bcd93be
https://sketchfab.com/3d-models/78e4844127d34aeeb37a54736acd3200,/workspace/data/objaverse_xl/hf-objaverse-v1/glbs/000-111/78e4844127d34aeeb37a54736acd3200.glb,sketchfab,glb,Creative Commons - Attribution,192fd3fb229aa2e49dfa22a607a6d7a10cd484653d26c54ef77d51d92c1b9cca
https://sketchfab.com/3d-models/72d41e59dc664bd194dcc7fdb3afd5ba,/workspace/data/objaverse_xl/hf-objaverse-v1/glbs/000-044/72d41e59dc664bd194dcc7fdb3afd5ba.glb,sketchfab,glb,Creative Commons - Attribution,bc101f67c5d36da67ede63c449105d4df203bc313c740950fe1a8bea5dc8c44c
https://sketchfab.com/3d-models/fb2382bef9c145dfa7e48abf3ca3c574,/workspace/data/objaverse_xl/hf-objaverse-v1/glbs/000-034/fb2382bef9c145dfa7e48abf3ca3c574.glb,sketchfab,glb,Creative Commons - Attribution,52e5f42d876cd78f6088298e7474accf50a88b962277be8682c2e5121d1557d4
https://sketchfab.com/3d-models/743a8da5f8ec4f289a5712853ea40bc8,/workspace/data/objaverse_xl/hf-objaverse-v1/glbs/000-022/743a8da5f8ec4f289a5712853ea40bc8.glb,sketchfab,glb,Creative Commons - Attribution,e1e5bdacf6581b867b6098966c356e7ee26d88daebd60f967188bc2bc40d27f5
https://sketchfab.com/3d-models/70caeed352774ba6afdb2a8b249468fb,/workspace/data/objaverse_xl/hf-objaverse-v1/glbs/000-086/70caeed352774ba6afdb2a8b249468fb.glb,sketchfab,glb,Creative Commons - Attribution,44e3e91e3c4d695ce1b3b3be0a4d2b5f81f433efc25e4a86717e8ad6b3cd5daa
https://sketchfab.com/3d-models/1a28f723edf04724ba3f6ee8e7bd8c50,/workspace/data/objaverse_xl/hf-objaverse-v1/glbs/000-019/1a28f723edf04724ba3f6ee8e7bd8c50.glb,sketchfab,glb,Creative Commons - Attribution,a2a94afb619c57aa2b0b82ffb5d6fcc6a3d1efdcd9de945f33c86bfb56a60eaf
https://sketchfab.com/3d-models/b1cde4d4933642cb9495e5fafa85442f,/workspace/data/objaverse_xl/hf-objaverse-v1/glbs/000-037/b1cde4d4933642cb9495e5fafa85442f.glb,sketchfab,glb,Creative Commons - Attribution,8aa1db0ff70801ac0c9e82dfcff88a890c597adcf4a0a079e79511c7eab36918
https://sketchfab.com/3d-models/711a21e8fd714f0080920255dd6d29e0,/workspace/data/objaverse_xl/hf-objaverse-v1/glbs/000-067/711a21e8fd714f0080920255dd6d29e0.glb,sketchfab,glb,Creative Commons - Attribution - Non-Commercial - Share Alike,38a95021c95ac1dbeb4e87cab33a4d9816b77accf8201659dde10e0353dc20b4
https://sketchfab.com/3d-models/2e28ef9d15dd458eb4c9440da2899eb1,/workspace/data/objaverse_xl/hf-objaverse-v1/glbs/000-058/2e28ef9d15dd458eb4c9440da2899eb1.glb,sketchfab,glb,Creative Commons - Attribution,9993f5790372a4d60808b8228743a04d88dda5f32b367211713eb93d8b13ed8d
https://sketchfab.com/3d-models/23ecd5c3889d4267b38be96bec5a8508,/workspace/data/objaverse_xl/hf-objaverse-v1/glbs/000-083/23ecd5c3889d4267b38be96bec5a8508.glb,sketchfab,glb,Creative Commons - Attribution,31d080baa847fabbb122c9396e66122003bb3f8b76e4e4947eb360303ee26e5a
https://sketchfab.com/3d-models/a59184bcd60c48cda337b5f1023f14ca,/workspace/data/objaverse_xl/hf-objaverse-v1/glbs/000-103/a59184bcd60c48cda337b5f1023f14ca.glb,sketchfab,glb,Creative Commons - Attribution,a2da32a1a9b05d1afe68810175e9027caeb69909f6ec9ba5e43fde3c814fcea5
https://sketchfab.com/3d-models/5187808237e44f5f81e283cbe3af45c8,/workspace/data/objaverse_xl/hf-objaverse-v1/glbs/000-122/5187808237e44f5f81e283cbe3af45c8.glb,sketchfab,glb,Creative Commons - Attribution,335b0ab113f5c3252868f3e435fd8dc267d2063c69941c4561596b472354e7ab
https://sketchfab.com/3d-models/3419ce6b1c7843798223d58886611788,/workspace/data/objaverse_xl/hf-objaverse-v1/glbs/000-014/3419ce6b1c7843798223d58886611788.glb,sketchfab,glb,Creative Commons - Attribution,d001a964733aec85e9ec6028281ae44a4216c024f872a4d879b57115c3fa4e79
https://sketchfab.com/3d-models/f200b7941c034c75a4dd8983283467ef,/workspace/data/objaverse_xl/hf-objaverse-v1/glbs/000-155/f200b7941c034c75a4dd8983283467ef.glb,sketchfab,glb,Creative Commons - Attribution,883ec76cfd53ae4cccfc0ce93af2b2f1532e40966cb3e224eda9ebb5fd21a6b8
https://sketchfab.com/3d-models/c72f741878a64a94af2d2f107ea2873c,/workspace/data/objaverse_xl/hf-objaverse-v1/glbs/000-039/c72f741878a64a94af2d2f107ea2873c.glb,sketchfab,glb,Creative Commons - Attribution,8903d5f742319d29beac64ba9f4ad27c82d2b7440c6618d8d3dca6b4224aa8e7
https://sketchfab.com/3d-models/57515dae50f04d02b309f2ab0273c872,/workspace/data/objaverse_xl/hf-objaverse-v1/glbs/000-087/57515dae50f04d02b309f2ab0273c872.glb,sketchfab,glb,Creative Commons - Attribution,e11bd12fb1b42318cc9c8cd15d46991ab2b3e757ec88fdf9d935b4250cec797c
https://sketchfab.com/3d-models/0ae88ce8ca40416e9b8e675f21aa924a,/workspace/data/objaverse_xl/hf-objaverse-v1/glbs/000-104/0ae88ce8ca40416e9b8e675f21aa924a.glb,sketchfab,glb,Creative Commons - Attribution,7d4d01640c1430194fb45b7b6f0ae7bdfdbad060df103ccb02250ad1cc48aee3
https://sketchfab.com/3d-models/832d8272bac34bcfa6a0e737dff7f675,/workspace/data/objaverse_xl/hf-objaverse-v1/glbs/000-033/832d8272bac34bcfa6a0e737dff7f675.glb,sketchfab,glb,Creative Commons - Attribution,f2815ed47b95e87fc8db7365f551d8a9e140ea686694d41ddaa7e852c6a17cac
https://sketchfab.com/3d-models/b0e1a123e8ac493299d5bf6253c5f6e4,/workspace/data/objaverse_xl/hf-objaverse-v1/glbs/000-073/b0e1a123e8ac493299d5bf6253c5f6e4.glb,sketchfab,glb,Creative Commons - Attribution,95b3092d4f23a6f85bbbc9e25861eef761b812805a16261f1a7e520606fe14b1
https://sketchfab.com/3d-models/a83b86218dda45b98283a4eb90e40730,/workspace/data/objaverse_xl/hf-objaverse-v1/glbs/000-031/a83b86218dda45b98283a4eb90e40730.glb,sketchfab,glb,Creative Commons - Attribution,533ededcfef829e8a70ecbb7e58059d5e97d98047c0badb04063dc5c9b937952
https://sketchfab.com/3d-models/ed2a06cbef6f4251b6d46d0c50062baf,/workspace/data/objaverse_xl/hf-objaverse-v1/glbs/000-118/ed2a06cbef6f4251b6d46d0c50062baf.glb,sketchfab,glb,Creative Commons - Attribution,3806493c50d9b7fdd95e8c78a9f9b22749680a26602796164fb9326183161aa6
https://sketchfab.com/3d-models/a044d2c76eb24ab39acf8b712fe2401d,/workspace/data/objaverse_xl/hf-objaverse-v1/glbs/000-131/a044d2c76eb24ab39acf8b712fe2401d.glb,sketchfab,glb,Creative Commons - Attribution,330a5e747b80a7c2188d3c37363a14643f416ff76f529fdf404ce1e1b85574b6
https://sketchfab.com/3d-models/0f275fb2324b4fdb9194b670129037d1,/workspace/data/objaverse_xl/hf-objaverse-v1/glbs/000-111/0f275fb2324b4fdb9194b670129037d1.glb,sketchfab,glb,Creative Commons - Attribution,908392e7619f4c8080553de73b19489d486a810eae3e6bf0ccd7dcbdbfdb1ea6
https://sketchfab.com/3d-models/d86713d61b4941378a6ad21569e0cbac,/workspace/data/objaverse_xl/hf-objaverse-v1/glbs/000-123/d86713d61b4941378a6ad21569e0cbac.glb,sketchfab,glb,Creative Commons - Attribution,eab327583a42a825d17e0aab0175b3b1ed6f3fccc404c54bef72eaf34398e0b5
https://sketchfab.com/3d-models/c3798bf70f4548b9bf49a007218b9166,/workspace/data/objaverse_xl/hf-objaverse-v1/glbs/000-073/c3798bf70f4548b9bf49a007218b9166.glb,sketchfab,glb,Creative Commons - Attribution,2baf83d6781c415777d4f66b13a721448e2e29a6f000d8f1abb3733e07231a2a
https://sketchfab.com/3d-models/e3c66742e4b3473e8cfa3c79fc89026d,/workspace/data/objaverse_xl/hf-objaverse-v1/glbs/000-033/e3c66742e4b3473e8cfa3c79fc89026d.glb,sketchfab,glb,Creative Commons - Attribution,e1d6cc592186df0c54caa0f67687c1896cd9b5f0d480fb9b56371e472ab232b9
https://sketchfab.com/3d-models/5131cace254645e9b63b479b37c02ba1,/workspace/data/objaverse_xl/hf-objaverse-v1/glbs/000-064/5131cace254645e9b63b479b37c02ba1.glb,sketchfab,glb,Creative Commons - Attribution,be2a3d6083624c106d5c1ae627d36399b5fd791b39df8352fc89475146432b74
https://sketchfab.com/3d-models/788420b14ef742349de73c242f60a865,/workspace/data/objaverse_xl/hf-objaverse-v1/glbs/000-018/788420b14ef742349de73c242f60a865.glb,sketchfab,glb,Creative Commons - Attribution,330b65f37f3c8368e30f3d69ce684587871ae0238a42ef00b3eb5d7c71a1883f
https://sketchfab.com/3d-models/ba314bccb7024a0db38ae8dd86c98252,/workspace/data/objaverse_xl/hf-objaverse-v1/glbs/000-151/ba314bccb7024a0db38ae8dd86c98252.glb,sketchfab,glb,Creative Commons - Attribution,11d1090ff2700a1974a0709dae54e37730e4fe30e71ac47a1c54f2f264af5afe
https://sketchfab.com/3d-models/75b7b142799a4a2fa38f046c307d1908,/workspace/data/objaverse_xl/hf-objaverse-v1/glbs/000-074/75b7b142799a4a2fa38f046c307d1908.glb,sketchfab,glb,Creative Commons - Attribution,bd2c51d925196703b1f9f38f11058a26e49d85b57b2f34d7cfc2cda834a3184e
https://sketchfab.com/3d-models/1e39ef66a66c4220b0c3f67ef5c2256b,/workspace/data/objaverse_xl/hf-objaverse-v1/glbs/000-101/1e39ef66a66c4220b0c3f67ef5c2256b.glb,sketchfab,glb,Creative Commons - Attribution,de23fc01feabe872ffbf741e62c176fcb19a14fad06298ca818c3c968cd5899b
https://sketchfab.com/3d-models/e2cd0aaebdb045369d7fc0685ee09caf,/workspace/data/objaverse_xl/hf-objaverse-v1/glbs/000-020/e2cd0aaebdb045369d7fc0685ee09caf.glb,sketchfab,glb,Creative Commons - Attribution,ad09635a46420efb6b88d0274cd57f8084da7b8bd233f264548f18d8094b775f
https://sketchfab.com/3d-models/68eee29228794963b1d579f8c01590b0,/workspace/data/objaverse_xl/hf-objaverse-v1/glbs/000-021/68eee29228794963b1d579f8c01590b0.glb,sketchfab,glb,Creative Commons - Attribution,857da1d82b7e5188f28f6214c371cc1989d73c43a9c5e4f14677c625ae2a1753
https://sketchfab.com/3d-models/f9391749f02a4e1d9051e7621aeaf15f,/workspace/data/objaverse_xl/hf-objaverse-v1/glbs/000-016/f9391749f02a4e1d9051e7621aeaf15f.glb,sketchfab,glb,Creative Commons - Attribution,c54628208dc103471c0638c03d0a079da37d9452f3e31f3996eeef0ff3e9482f
https://sketchfab.com/3d-models/6051e3a520684dbfb3d0f424b03fdbdf,/workspace/data/objaverse_xl/hf-objaverse-v1/glbs/000-022/6051e3a520684dbfb3d0f424b03fdbdf.glb,sketchfab,glb,Creative Commons - Attribution,371bfe34e17833258b7e99f50f6f57a4cf072cfbae5c3377bc4613b636e90b34
https://sketchfab.com/3d-models/1ff1c062d63c4d2ea529b70835d5576a,/workspace/data/objaverse_xl/hf-objaverse-v1/glbs/000-088/1ff1c062d63c4d2ea529b70835d5576a.glb,sketchfab,glb,Creative Commons - Attribution,fb69c8472c5d28cf43eb3304ec1d5513eb363fd801a177050ee3d3af92dbcbec
https://sketchfab.com/3d-models/62e7b6f2c5304efc844b0e85f0bb702c,/workspace/data/objaverse_xl/hf-objaverse-v1/glbs/000-089/62e7b6f2c5304efc844b0e85f0bb702c.glb,sketchfab,glb,Creative Commons - Attribution,e81da4ecb0731b884a4af69c60e017adfa25ae148760323f4309d1edef1341e9
https://sketchfab.com/3d-models/3596c9550d1e4a19a7c910eefb36d1ed,/workspace/data/objaverse_xl/hf-objaverse-v1/glbs/000-015/3596c9550d1e4a19a7c910eefb36d1ed.glb,sketchfab,glb,Creative Commons - Attribution - Share Alike,1ec1c30c9445f858c280d1c568387527866d45b234287c8e80c0373d57647e04
https://sketchfab.com/3d-models/b3efd3b0eebd462395caea23b9fc882a,/workspace/data/objaverse_xl/hf-objaverse-v1/glbs/000-085/b3efd3b0eebd462395caea23b9fc882a.glb,sketchfab,glb,Creative Commons - Attribution,67be0eb82e911a6a75f92431f8c9ad6daf5652aa410bea67b55a86af943e08f9
https://sketchfab.com/3d-models/08068401944046ce95b6092ee1ca75e3,/workspace/data/objaverse_xl/hf-objaverse-v1/glbs/000-084/08068401944046ce95b6092ee1ca75e3.glb,sketchfab,glb,Creative Commons - Attribution,8b0697bec7a02009dfc1822159b29e0a4f3064a8845cf1e11cfc67829a883b79
https://sketchfab.com/3d-models/fd116ac721f247a2969d65fcdf865284,/workspace/data/objaverse_xl/hf-objaverse-v1/glbs/000-030/fd116ac721f247a2969d65fcdf865284.glb,sketchfab,glb,Creative Commons - Attribution,76028047d171f35d1a9d4522fe02ea336fb7a6ca51ca3d5d4c159677fab06512
https://sketchfab.com/3d-models/50c89a7a397c4beebeb4b67abec3a12b,/workspace/data/objaverse_xl/hf-objaverse-v1/glbs/000-126/50c89a7a397c4beebeb4b67abec3a12b.glb,sketchfab,glb,Creative Commons - Attribution,846c7980d281a14bfa634315a5b67fed68403843ca5993a18f31e6cd33c6fef9
https://sketchfab.com/3d-models/433832044bb54e95af494de54119078a,/workspace/data/objaverse_xl/hf-objaverse-v1/glbs/000-090/433832044bb54e95af494de54119078a.glb,sketchfab,glb,Creative Commons - Attribution,19cbd98ec9c7db95d9d1ee6534e290f4e8615f49cc90417880f6409e29f4f9c4
https://sketchfab.com/3d-models/4ec9f8255ef44dc0928808e2cdb9335a,/workspace/data/objaverse_xl/hf-objaverse-v1/glbs/000-139/4ec9f8255ef44dc0928808e2cdb9335a.glb,sketchfab,glb,Creative Commons - Attribution,5cf70f88b0464bf5188cdedb7a1d2252845af0a17acaabb28cd7df16247ed11e
https://sketchfab.com/3d-models/400028d2a73b410c846642b8d50c4fcc,/workspace/data/objaverse_xl/hf-objaverse-v1/glbs/000-080/400028d2a73b410c846642b8d50c4fcc.glb,sketchfab,glb,Creative Commons - Attribution,424d40ce3a4cd573ea7f93455fdff4cda552a3b10c79fc891cacbf0c1521595b
https://sketchfab.com/3d-models/49d60226df3d4ca998aa86c6c74390d9,/workspace/data/objaverse_xl/hf-objaverse-v1/glbs/000-108/49d60226df3d4ca998aa86c6c74390d9.glb,sketchfab,glb,Creative Commons - Attribution - Non-Commercial,971fc17856a5e49ac75865960343fc4e1122287d67839364b297df4a58eeffba
https://sketchfab.com/3d-models/a6bf64a282b247cb9784f862e5da27e1,/workspace/data/objaverse_xl/hf-objaverse-v1/glbs/000-113/a6bf64a282b247cb9784f862e5da27e1.glb,sketchfab,glb,Creative Commons - Attribution,16d60a2083f1c21323d20c813daad59bb3f4218d0ac55d204fa27bcef360e0c4
https://sketchfab.com/3d-models/5e3ede074ada4290b1a6e828f7e9a818,/workspace/data/objaverse_xl/hf-objaverse-v1/glbs/000-123/5e3ede074ada4290b1a6e828f7e9a818.glb,sketchfab,glb,Creative Commons - Attribution,5b0355b0fff8baec879a7c53bf22b927bbc82d586061d6b2644878f76de136b9
https://sketchfab.com/3d-models/41512e6887854cff90791ddacd70c11f,/workspace/data/objaverse_xl/hf-objaverse-v1/glbs/000-107/41512e6887854cff90791ddacd70c11f.glb,sketchfab,glb,Creative Commons - Attribution,5fb775b4698e94b490b82960d98e37cf4d6ead6cd1020cfe2c09f8c6a995ba7a
https://sketchfab.com/3d-models/821361ccb24947ccb18538eef6130265,/workspace/data/objaverse_xl/hf-objaverse-v1/glbs/000-156/821361ccb24947ccb18538eef6130265.glb,sketchfab,glb,Creative Commons - Attribution,237e9b87e0deff83eb5618450886c755136b04820b801eec675674c6ac4d8848
https://sketchfab.com/3d-models/87616bc426774df1b9e8868ae4649684,/workspace/data/objaverse_xl/hf-objaverse-v1/glbs/000-151/87616bc426774df1b9e8868ae4649684.glb,sketchfab,glb,Creative Commons - Attribution,93318450fef7b2c27b6d6051415db25e545c5af4a7b9f0c0b95c2f4b9752cb0e
https://sketchfab.com/3d-models/bc129e577ee74bf985b380d83d32c745,/workspace/data/objaverse_xl/hf-objaverse-v1/glbs/000-050/bc129e577ee74bf985b380d83d32c745.glb,sketchfab,glb,Creative Commons - Attribution - Share Alike,bec8270d927ac22e1902d776778e7dcbb21273dd88270cc12e545fd5bf3a880f
https://sketchfab.com/3d-models/9dccb441c7064a11bf87446ab4f4e09b,/workspace/data/objaverse_xl/hf-objaverse-v1/glbs/000-007/9dccb441c7064a11bf87446ab4f4e09b.glb,sketchfab,glb,Creative Commons - Attribution,b24a2cd00e6183c440385e63751993e59f96575be08842c0f4d49b4fa921470e
https://sketchfab.com/3d-models/f6f08eea89364e62972e9cb044a29358,/workspace/data/objaverse_xl/hf-objaverse-v1/glbs/000-080/f6f08eea89364e62972e9cb044a29358.glb,sketchfab,glb,Creative Commons - Attribution,409fcb85fba1c9e1f994d6ea726ce3964556f6a582997c42a56b680180e51abf
https://sketchfab.com/3d-models/eb8b6ec93ad4479c929d6d355b41680c,/workspace/data/objaverse_xl/hf-objaverse-v1/glbs/000-119/eb8b6ec93ad4479c929d6d355b41680c.glb,sketchfab,glb,Creative Commons - Attribution,ed7292c815f8c53ad77940b5b21ca49d3ff693083eda3d14d25e999981a6cb93
https://sketchfab.com/3d-models/33377dbd4bba4d6489a1165b25a90fb9,/workspace/data/objaverse_xl/hf-objaverse-v1/glbs/000-142/33377dbd4bba4d6489a1165b25a90fb9.glb,sketchfab,glb,Creative Commons - Attribution,a5abdfed975af3e7efb1da26547a9ee09e6dd93789460ece816a95d97dbd884d
https://sketchfab.com/3d-models/db512b51ce2d4e758a38709c24663036,/workspace/data/objaverse_xl/hf-objaverse-v1/glbs/000-005/db512b51ce2d4e758a38709c24663036.glb,sketchfab,glb,Creative Commons - Attribution,92214a50e6c5fa436b8a14b96260d584b8da0f57fa41117921b1b5e434a4e012
https://sketchfab.com/3d-models/21af7c221d8348459e78eb26dbc812ce,/workspace/data/objaverse_xl/hf-objaverse-v1/glbs/000-115/21af7c221d8348459e78eb26dbc812ce.glb,sketchfab,glb,Creative Commons - Attribution,e7913c77a9ed6bd4593e427d579f11cc7078ac8493988c679fb68180c503128c
https://sketchfab.com/3d-models/a344ed5fbb004574a8edc4b3e806ff0f,/workspace/data/objaverse_xl/hf-objaverse-v1/glbs/000-091/a344ed5fbb004574a8edc4b3e806ff0f.glb,sketchfab,glb,Creative Commons - Attribution,3953de40c64ca737415a92e3ec1054cf4846e5409e93678edfb70aa151be84c7
https://sketchfab.com/3d-models/9de239460c5240ac99fe6774c9103752,/workspace/data/objaverse_xl/hf-objaverse-v1/glbs/000-052/9de239460c5240ac99fe6774c9103752.glb,sketchfab,glb,Creative Commons - Attribution,cb1eba5bb6f6466377b85685e9b965f8959b7a38ed8d0b5d9c558288363e8a82
https://sketchfab.com/3d-models/ae5d87ce30404b2380c9b505ac672b2f,/workspace/data/objaverse_xl/hf-objaverse-v1/glbs/000-050/ae5d87ce30404b2380c9b505ac672b2f.glb,sketchfab,glb,Creative Commons - Attribution - Non-Commercial - Share Alike,9741a84fbed271c49528c146d3524bfbe303fcf178393b3011f3e03ea6ab7832
https://sketchfab.com/3d-models/a330bec533614f978e0576b1e5de3ca7,/workspace/data/objaverse_xl/hf-objaverse-v1/glbs/000-158/a330bec533614f978e0576b1e5de3ca7.glb,sketchfab,glb,Creative Commons - Attribution,95a4d5c947a35ab54c31d1208107597bba56d0c454c81da609bcbdba854b7586
https://sketchfab.com/3d-models/dcb1d021de9f445d81cf680fb4e755ba,/workspace/data/objaverse_xl/hf-objaverse-v1/glbs/000-037/dcb1d021de9f445d81cf680fb4e755ba.glb,sketchfab,glb,Creative Commons - Attribution,bfb3851b6429d8034e9f8eda00527317e97c6defd5332b29bfcfd1c5c8f412dc
https://sketchfab.com/3d-models/ca6bcdf088ad421288f0a860e2bb5a2f,/workspace/data/objaverse_xl/hf-objaverse-v1/glbs/000-036/ca6bcdf088ad421288f0a860e2bb5a2f.glb,sketchfab,glb,Creative Commons - Attribution,ee6a03dfb6aeb8fac272bf0efdd9e5e942cd2edb182900ebe07dde744eeb4d27
https://sketchfab.com/3d-models/453f3e4c2bb14ec9a06fae05900ea0e2,/workspace/data/objaverse_xl/hf-objaverse-v1/glbs/000-104/453f3e4c2bb14ec9a06fae05900ea0e2.glb,sketchfab,glb,Creative Commons - Attribution,9ef3374fddb1ca6f64d103722cbb439ceae530518fd8ac2d5cad8d996a6bf7e9
https://sketchfab.com/3d-models/9d3af2cdfea94a378a52443d7eab1df0,/workspace/data/objaverse_xl/hf-objaverse-v1/glbs/000-145/9d3af2cdfea94a378a52443d7eab1df0.glb,sketchfab,glb,Creative Commons - Attribution,06bfd71293f4bbf0e5b26a821ebe822f9d864aabd889b85449739170a94e275d
https://sketchfab.com/3d-models/1666f7bc0ac14889988ca3bf3db4584a,/workspace/data/objaverse_xl/hf-objaverse-v1/glbs/000-156/1666f7bc0ac14889988ca3bf3db4584a.glb,sketchfab,glb,Creative Commons - Attribution,920304022e14f59a1436d5db04cab825361b91d15747fe0f031435a170098dcd
https://sketchfab.com/3d-models/1f7b4b762e1f4b42a67c2a69ba880c6d,/workspace/data/objaverse_xl/hf-objaverse-v1/glbs/000-012/1f7b4b762e1f4b42a67c2a69ba880c6d.glb,sketchfab,glb,Creative Commons - Attribution,e961ff42e7b94935b53c9677dab9da081e3e837e7be4fe6c161c3109874637f2
https://sketchfab.com/3d-models/f6a75d8283e34dc9838fdea298105697,/workspace/data/objaverse_xl/hf-objaverse-v1/glbs/000-001/f6a75d8283e34dc9838fdea298105697.glb,sketchfab,glb,Creative Commons - Attribution,e71e8436c6acc67d9eddf0c4a6c0726a45a249c875f7b3528e00bf0cf9f29039
https://sketchfab.com/3d-models/fd30a56452b84522b811cce2c3bcbfbf,/workspace/data/objaverse_xl/hf-objaverse-v1/glbs/000-153/fd30a56452b84522b811cce2c3bcbfbf.glb,sketchfab,glb,Creative Commons - Attribution,531b2ee1474f8e1b5d6b3b9a033868a3156ada040beee5c9e92f02ad4c2996a2
https://sketchfab.com/3d-models/793e12604e16443d97af95b80ef77133,/workspace/data/objaverse_xl/hf-objaverse-v1/glbs/000-058/793e12604e16443d97af95b80ef77133.glb,sketchfab,glb,Creative Commons - Attribution,0cbfdf9efd7880e56b9ef61a02ad366b90adc7a103acf7ac6567fce05137e724
https://sketchfab.com/3d-models/cc341b971b704c5ebdc4a0a627917ef6,/workspace/data/objaverse_xl/hf-objaverse-v1/glbs/000-023/cc341b971b704c5ebdc4a0a627917ef6.glb,sketchfab,glb,Creative Commons - Attribution,b732ac2ee3e70ce2417313a07a28b3eeaabd641dd2eedace26538fc7ed0b3944
https://sketchfab.com/3d-models/5fa6f7dc4a7347a9b1f95848c2c58464,/workspace/data/objaverse_xl/hf-objaverse-v1/glbs/000-000/5fa6f7dc4a7347a9b1f95848c2c58464.glb,sketchfab,glb,Creative Commons - Attribution,4c531a1a6454f09feadef3b45eec0d193a8e0592af6ac8a277eacc7a875dd835
https://sketchfab.com/3d-models/58235185e34f4685ac6865205c89e55f,/workspace/data/objaverse_xl/hf-objaverse-v1/glbs/000-135/58235185e34f4685ac6865205c89e55f.glb,sketchfab,glb,Creative Commons - Attribution,fabd79fbd76cad78f528c219703373008b8863d4a0b69dcb5ea80284467167a3
https://sketchfab.com/3d-models/0bca800344224b57970554d23702f5e5,/workspace/data/objaverse_xl/hf-objaverse-v1/glbs/000-003/0bca800344224b57970554d23702f5e5.glb,sketchfab,glb,Creative Commons - Attribution,1e5733a1d23dc3cbcaef7012ad2b98c9a4023af71f3a3f9aab6bbea22bf23d0f
https://sketchfab.com/3d-models/c320a613392c4efabd610bc78619a566,/workspace/data/objaverse_xl/hf-objaverse-v1/glbs/000-140/c320a613392c4efabd610bc78619a566.glb,sketchfab,glb,Creative Commons - Attribution,201247e346c14114222c712a633598d2f19a66194c429866071abe878c440d14
https://sketchfab.com/3d-models/d95bca43f3094766beedda0d00119648,/workspace/data/objaverse_xl/hf-objaverse-v1/glbs/000-104/d95bca43f3094766beedda0d00119648.glb,sketchfab,glb,Creative Commons - Attribution - Non-Commercial,5ad2584eea5c13fed906de96ede5c9170b757846a520b6bb69df2de85194d607
https://sketchfab.com/3d-models/2b572a7d9d8a4a1a8f14fd593fca1cff,/workspace/data/objaverse_xl/hf-objaverse-v1/glbs/000-141/2b572a7d9d8a4a1a8f14fd593fca1cff.glb,sketchfab,glb,Creative Commons - Attribution,93dbfa000bf0627149a32ca793b0b7d06b688b0e3144cb5534756544f00fc31b
https://sketchfab.com/3d-models/5fc352f2237147a897758f3d57a2ab48,/workspace/data/objaverse_xl/hf-objaverse-v1/glbs/000-155/5fc352f2237147a897758f3d57a2ab48.glb,sketchfab,glb,Creative Commons - Attribution,a4cba1425fab5b440c2fa57c6bb288d366cdbfb45e18751e8f0d649dd00282a4
https://sketchfab.com/3d-models/faf0f2154151480c94c6cbbaae62279b,/workspace/data/objaverse_xl/hf-objaverse-v1/glbs/000-089/faf0f2154151480c94c6cbbaae62279b.glb,sketchfab,glb,Creative Commons - Attribution,3a120989198c517093b22e1b18ed114b49381a7fca265dc4101082ae0f111597
https://sketchfab.com/3d-models/bd3302c4cdca4c49a39c134b94266996,/workspace/data/objaverse_xl/hf-objaverse-v1/glbs/000-110/bd3302c4cdca4c49a39c134b94266996.glb,sketchfab,glb,Creative Commons - Attribution,666794d00c5984a55d4b7d3a5916929a037b0ee55c5783f0135574e896ac9a59
https://sketchfab.com/3d-models/9b80b4a806de4a8f86b4ab077da14ed3,/workspace/data/objaverse_xl/hf-objaverse-v1/glbs/000-072/9b80b4a806de4a8f86b4ab077da14ed3.glb,sketchfab,glb,Creative Commons - Attribution,4f630fd2ea275ba2880e547724059c3d5b4cf13ceddeba618b1c96764bae0832
https://sketchfab.com/3d-models/0fad83790dcf4e50a1790e167e4a764c,/workspace/data/objaverse_xl/hf-objaverse-v1/glbs/000-058/0fad83790dcf4e50a1790e167e4a764c.glb,sketchfab,glb,Creative Commons - Attribution,606d1617dc832fd21fc7a2347c84bc2247607d0b9d6676f617f8beaffd4d11fa
https://sketchfab.com/3d-models/6511914d1dea44d7a3ddb829fe7b267a,/workspace/data/objaverse_xl/hf-objaverse-v1/glbs/000-098/6511914d1dea44d7a3ddb829fe7b267a.glb,sketchfab,glb,Creative Commons - Attribution,fa9ca8af69ffb85a2432c512feb2b6cb57cc623074c68699b27b2f0069756c6a
https://sketchfab.com/3d-models/883f0b0cba374545a11f807d1146c990,/workspace/data/objaverse_xl/hf-objaverse-v1/glbs/000-137/883f0b0cba374545a11f807d1146c990.glb,sketchfab,glb,Creative Commons - Attribution,880e9f55b65a8cd31cf0d94a5f30f27fdbe7d2b618518c3c8ba6be8c49eed563
https://sketchfab.com/3d-models/7613cd31be404757aa0003643ee8f794,/workspace/data/objaverse_xl/hf-objaverse-v1/glbs/000-083/7613cd31be404757aa0003643ee8f794.glb,sketchfab,glb,Creative Commons - Attribution,528e30232dfb74d32f4ab21df9b5fa923599f42af9637e37ee62b74e66523d2c
https://sketchfab.com/3d-models/de3c912efea743e5b546b26d29048ddb,/workspace/data/objaverse_xl/hf-objaverse-v1/glbs/000-086/de3c912efea743e5b546b26d29048ddb.glb,sketchfab,glb,Creative Commons - Attribution,ced4df080c21b187d2c99fa17cd858470b2992b5e54358e9a24016e6b2128868
https://sketchfab.com/3d-models/8b23fcfd3d8f414cb600083e0afeada6,/workspace/data/objaverse_xl/hf-objaverse-v1/glbs/000-098/8b23fcfd3d8f414cb600083e0afeada6.glb,sketchfab,glb,Creative Commons - Attribution,56ec5d44a9da3d0ccf5be93a5125c66d126d4d4844e756eaa37f294b64b14573
https://sketchfab.com/3d-models/7338e7e8eea1442696cacbdab069b1c8,/workspace/data/objaverse_xl/hf-objaverse-v1/glbs/000-085/7338e7e8eea1442696cacbdab069b1c8.glb,sketchfab,glb,Creative Commons - Attribution,8f28a85c8d342a0c612e772ba8ab59cc4460925b20962f433c99c39c8b832f66
https://sketchfab.com/3d-models/6ec2983ed1c949bab31ef2cee2671af1,/workspace/data/objaverse_xl/hf-objaverse-v1/glbs/000-119/6ec2983ed1c949bab31ef2cee2671af1.glb,sketchfab,glb,Creative Commons - Attribution,534e3e3191a2b2cbbe77b587011f3ae41a4f0b9cbf3fd81a16562cfa91f4cf9b
https://sketchfab.com/3d-models/3cd2b47b6083445a8fcb6b45bc5bb297,/workspace/data/objaverse_xl/hf-objaverse-v1/glbs/000-118/3cd2b47b6083445a8fcb6b45bc5bb297.glb,sketchfab,glb,Creative Commons - Attribution,89d5b92d4881dfacd897764a0f7ce8bddc0f091b57dabb24d957766d6bab44d9
https://sketchfab.com/3d-models/c83fd657e71a40f58c849a807176f5af,/workspace/data/objaverse_xl/hf-objaverse-v1/glbs/000-029/c83fd657e71a40f58c849a807176f5af.glb,sketchfab,glb,Creative Commons - Attribution,4f1de75d41723c0229da7761b544729ee4af5194956cf4fe8869ddd0e21930f2
https://sketchfab.com/3d-models/07709e66976c4a73a53557c078587fc1,/workspace/data/objaverse_xl/hf-objaverse-v1/glbs/000-061/07709e66976c4a73a53557c078587fc1.glb,sketchfab,glb,Creative Commons - Attribution,9b9e439945c19456fbf1e29e045838c48580c96dae686d040ed94fd7d0602107
https://sketchfab.com/3d-models/65cd64ef5fc347258944f6a8cdec2c6d,/workspace/data/objaverse_xl/hf-objaverse-v1/glbs/000-136/65cd64ef5fc347258944f6a8cdec2c6d.glb,sketchfab,glb,Creative Commons - Attribution,4ae3c704cef3507f5a2f827737f2f6ddc10382d5a23b391d1b9d9de60b57dd5e
https://sketchfab.com/3d-models/53606203c36f407d9c20cdbefdb280cb,/workspace/data/objaverse_xl/hf-objaverse-v1/glbs/000-142/53606203c36f407d9c20cdbefdb280cb.glb,sketchfab,glb,Creative Commons - Attribution,8ff99ab3f5f95e91cd5007f86c698151b6d9e390fdb26fdf2f4f4fb25af0b2d1
https://sketchfab.com/3d-models/793795224a6149e1a332ec6a52ea886b,/workspace/data/objaverse_xl/hf-objaverse-v1/glbs/000-112/793795224a6149e1a332ec6a52ea886b.glb,sketchfab,glb,Creative Commons - Attribution,41d427f692674eab8a899525ac78d956f4683a1819a913cc75cdf285fecc7ef5
https://sketchfab.com/3d-models/8965c1681d3544efa79bec9132b6fc1f,/workspace/data/objaverse_xl/hf-objaverse-v1/glbs/000-110/8965c1681d3544efa79bec9132b6fc1f.glb,sketchfab,glb,Creative Commons - Attribution,4dc98cb0f8fc1af08a1819a19cdc73c750b1324c43b8730578ae5d8c62abec97
https://sketchfab.com/3d-models/5bb8bef4cea64c55a0412ca2ff2f1af0,/workspace/data/objaverse_xl/hf-objaverse-v1/glbs/000-024/5bb8bef4cea64c55a0412ca2ff2f1af0.glb,sketchfab,glb,Creative Commons - Attribution,db08862e4b7d1f678251c91a24a5f412971993d4ff03ad6d1dbc5fca6804a3f1
https://sketchfab.com/3d-models/b45e8da0f71945bc9a5d9b4fd42a1487,/workspace/data/objaverse_xl/hf-objaverse-v1/glbs/000-077/b45e8da0f71945bc9a5d9b4fd42a1487.glb,sketchfab,glb,Creative Commons - Attribution,836c28b82d95f296fb152b97746ffc6c80e6ebb81f7b51601bde58c5a120d8bd
https://sketchfab.com/3d-models/b27eaa571da14c3b93bf664fe7d950c8,/workspace/data/objaverse_xl/hf-objaverse-v1/glbs/000-018/b27eaa571da14c3b93bf664fe7d950c8.glb,sketchfab,glb,Creative Commons - Attribution - Share Alike,5b139ca5a03aaa356cfcb77229e27465b8af07b6b45418858da9a1aa3cbd8dc7
https://sketchfab.com/3d-models/3ca3a6fc0635423b8c047a1290104892,/workspace/data/objaverse_xl/hf-objaverse-v1/glbs/000-136/3ca3a6fc0635423b8c047a1290104892.glb,sketchfab,glb,Creative Commons - Attribution,eec5df3f442805b50e3982e8652fcac5e785fa4e28a0f951b3becaa29177a180
https://sketchfab.com/3d-models/3d7e9705612d4058982004abc58ffe5d,/workspace/data/objaverse_xl/hf-objaverse-v1/glbs/000-033/3d7e9705612d4058982004abc58ffe5d.glb,sketchfab,glb,Creative Commons - Attribution,973efa1aa0f1cb30ae3fab9d3d9447b182a4cb20ba005637804cc866cb176600
https://sketchfab.com/3d-models/856a6e868a4b46efa51058a14184d419,/workspace/data/objaverse_xl/hf-objaverse-v1/glbs/000-024/856a6e868a4b46efa51058a14184d419.glb,sketchfab,glb,Creative Commons - Attribution,ba8650b6c10068d4806713f4636a9348031be90cecf6b13bbddce25072690b4f
https://sketchfab.com/3d-models/69556454619442ae8f4ed5ae100cd26a,/workspace/data/objaverse_xl/hf-objaverse-v1/glbs/000-147/69556454619442ae8f4ed5ae100cd26a.glb,sketchfab,glb,Creative Commons - Attribution,8f19b5faf8893a2ad0571bec97f14f944b0bafe9644d10a2f621f3767f33f265
https://sketchfab.com/3d-models/93ee7864e51c4c28bfd137ce0a965457,/workspace/data/objaverse_xl/hf-objaverse-v1/glbs/000-124/93ee7864e51c4c28bfd137ce0a965457.glb,sketchfab,glb,Creative Commons - Attribution,45bcdbd838ad2fedceba743deee88a316623db8ab4ea25c8ce93e0a725f3b9c4
https://sketchfab.com/3d-models/bb2d17c305984623b9bad29e9df84559,/workspace/data/objaverse_xl/hf-objaverse-v1/glbs/000-017/bb2d17c305984623b9bad29e9df84559.glb,sketchfab,glb,Creative Commons - Attribution,a4f7764f0ca9df3fa6df5c487766d5a53b52bcf9e7e9b80728abf683e77a0706
https://sketchfab.com/3d-models/7ed14c4537cc437d996bdef95a2de3c7,/workspace/data/objaverse_xl/hf-objaverse-v1/glbs/000-134/7ed14c4537cc437d996bdef95a2de3c7.glb,sketchfab,glb,Creative Commons - Attribution,87c8a491a7e647cfb1af56e2ef482cb1a6d85cefa4a5242cf8bfde207ec07907
https://sketchfab.com/3d-models/356cd6648b3444a282e6726bb8e71cba,/workspace/data/objaverse_xl/hf-objaverse-v1/glbs/000-020/356cd6648b3444a282e6726bb8e71cba.glb,sketchfab,glb,Creative Commons - Attribution,7968dc433d69c3f971955d7e76a825d6839e5249a62ea1ce09ca0999ca8d8e06
https://sketchfab.com/3d-models/206fcb2246824f24a86f5241980e2257,/workspace/data/objaverse_xl/hf-objaverse-v1/glbs/000-049/206fcb2246824f24a86f5241980e2257.glb,sketchfab,glb,Creative Commons - Attribution,72839941e279881c72a5688828f413c07ddbbccaa9e4e125da72c6327011a764
https://sketchfab.com/3d-models/b621ec8894734bc79c04338edff3cd0d,/workspace/data/objaverse_xl/hf-objaverse-v1/glbs/000-113/b621ec8894734bc79c04338edff3cd0d.glb,sketchfab,glb,Creative Commons - Attribution,c7f4f721da4d42542207725bf9d86bc48d2e371f7dc11179dc0a7970baa4b8b3
https://sketchfab.com/3d-models/42b56f1da7304a39a4b247ffb6be7c45,/workspace/data/objaverse_xl/hf-objaverse-v1/glbs/000-128/42b56f1da7304a39a4b247ffb6be7c45.glb,sketchfab,glb,Creative Commons - Attribution,1bedf02e39f4c3115d894eda5922fc87b57ce59090a62eada93ae3e6a87273d8
https://sketchfab.com/3d-models/ef110efd89694d99b605f7009b022b68,/workspace/data/objaverse_xl/hf-objaverse-v1/glbs/000-108/ef110efd89694d99b605f7009b022b68.glb,sketchfab,glb,Creative Commons - Attribution,e5da35af8ecd399315db16488e4437748647eb99b2e90a6599d25327e24c1aa5
https://sketchfab.com/3d-models/d1bd47944b604c9b93e65bd271d4d2af,/workspace/data/objaverse_xl/hf-objaverse-v1/glbs/000-052/d1bd47944b604c9b93e65bd271d4d2af.glb,sketchfab,glb,Creative Commons - Attribution,1650deccfb74cb6a7936e77c432f23c65e063b17e7704367c73da5d96042d6b0
https://sketchfab.com/3d-models/13dc8ef30c314cc6b82e106753a7f771,/workspace/data/objaverse_xl/hf-objaverse-v1/glbs/000-000/13dc8ef30c314cc6b82e106753a7f771.glb,sketchfab,glb,Creative Commons - Attribution - Non-Commercial - Share Alike,7a4dcfb8e0f99899821074de2127f16bef7c3feb8792ea085fcf8f29fc849670
https://sketchfab.com/3d-models/cdd16377d1bc41aaa9fedac477bac075,/workspace/data/objaverse_xl/hf-objaverse-v1/glbs/000-016/cdd16377d1bc41aaa9fedac477bac075.glb,sketchfab,glb,Creative Commons - Attribution - Non-Commercial - Share Alike,440ce464fdd8db165c77fa87ed90fcace08483c13650a5d3ff76d16065fa3a01
https://sketchfab.com/3d-models/43c5cc87f581425db953bd9da514773b,/workspace/data/objaverse_xl/hf-objaverse-v1/glbs/000-087/43c5cc87f581425db953bd9da514773b.glb,sketchfab,glb,Creative Commons - Attribution - Non-Commercial - Share Alike,001a4b11e40f08b3cce3fc91c2dea61c5db158de29e4659571e27bcc06aba60a
https://sketchfab.com/3d-models/9862500ce5734d869c63296c8c88fbe4,/workspace/data/objaverse_xl/hf-objaverse-v1/glbs/000-084/9862500ce5734d869c63296c8c88fbe4.glb,sketchfab,glb,Creative Commons - Attribution,2932fc5357c990d543b12a5f22ceee5bd62007fe221fe96bbfa6a6ab144eca01
https://sketchfab.com/3d-models/755289c510884403a39a2d8ed1a64174,/workspace/data/objaverse_xl/hf-objaverse-v1/glbs/000-120/755289c510884403a39a2d8ed1a64174.glb,sketchfab,glb,Creative Commons - Attribution,5791ca3e80a54c3b3dd8862e2fe2f2646686e38440732f519732048d76495071
https://sketchfab.com/3d-models/ac0e15c2ea224fb688e9ebd2aaa8db0c,/workspace/data/objaverse_xl/hf-objaverse-v1/glbs/000-136/ac0e15c2ea224fb688e9ebd2aaa8db0c.glb,sketchfab,glb,Creative Commons Zero v1.0 Universal,4c2041aa149870a537e0f2b4798d2456af8d8d6dacc243ca97dae10f287745b9
https://sketchfab.com/3d-models/d170ef75c0624c20abe212ae72099dce,/workspace/data/objaverse_xl/hf-objaverse-v1/glbs/000-013/d170ef75c0624c20abe212ae72099dce.glb,sketchfab,glb,Creative Commons - Attribution,84e250c7ca5dcf47a9875081ef540cb0f2e67ad6d91c79b03c2297177fc9c5cf
https://sketchfab.com/3d-models/4c2d9dc79f6741ed957f8da3b2529563,/workspace/data/objaverse_xl/hf-objaverse-v1/glbs/000-012/4c2d9dc79f6741ed957f8da3b2529563.glb,sketchfab,glb,Creative Commons - Attribution,8eee863904b9e099224b1f47de221cdde836180456033c2014416368d2d1c08d
https://sketchfab.com/3d-models/da28aa9d3ff943f0b5469f7adaa77a70,/workspace/data/objaverse_xl/hf-objaverse-v1/glbs/000-071/da28aa9d3ff943f0b5469f7adaa77a70.glb,sketchfab,glb,Creative Commons - Attribution,4f24b94144822ca651a9d3d6da679353dab225327ff6b631de56710de3b7f542
https://sketchfab.com/3d-models/d42ab0d452fb4eeea167c17ea835147e,/workspace/data/objaverse_xl/hf-objaverse-v1/glbs/000-076/d42ab0d452fb4eeea167c17ea835147e.glb,sketchfab,glb,Creative Commons - Attribution,a9a7fe364a5ebee3658896912c989c26d4f76c8f61964eb25332c4a896b373fc
https://sketchfab.com/3d-models/24b9047f199d45f6b56050a7b49c1c9f,/workspace/data/objaverse_xl/hf-objaverse-v1/glbs/000-112/24b9047f199d45f6b56050a7b49c1c9f.glb,sketchfab,glb,Creative Commons - Attribution,d1f24a5845f5bc0ded8cb0ae3e6707702fd0d2037995e04dc7ea2b2b684af04b
https://sketchfab.com/3d-models/ba37eb6f6f20495391e3eba598cb70f8,/workspace/data/objaverse_xl/hf-objaverse-v1/glbs/000-120/ba37eb6f6f20495391e3eba598cb70f8.glb,sketchfab,glb,Creative Commons - Attribution,d7e35e78f28579a0d9714ec1a85f1ae9291cf93a186120f1cfbfa30bb05eb11c
https://sketchfab.com/3d-models/e916b3a83cd64cd6a1797a854eb20bf1,/workspace/data/objaverse_xl/hf-objaverse-v1/glbs/000-061/e916b3a83cd64cd6a1797a854eb20bf1.glb,sketchfab,glb,Creative Commons - Attribution - Share Alike,6f3c246e73cc9d14d7dccd0fd3fb2b136386c0d1da82e1695d21054bb560d4bf
https://sketchfab.com/3d-models/305de1dd39da45ba9c194d8d0b5f7d8f,/workspace/data/objaverse_xl/hf-objaverse-v1/glbs/000-151/305de1dd39da45ba9c194d8d0b5f7d8f.glb,sketchfab,glb,Creative Commons - Attribution,e53dd543f056ddb2931ad4eee5229c8f6d2d9731204e31e1561699472aefc3a7
https://sketchfab.com/3d-models/7350b97015884b0cb7eccd0edb5edcd2,/workspace/data/objaverse_xl/hf-objaverse-v1/glbs/000-159/7350b97015884b0cb7eccd0edb5edcd2.glb,sketchfab,glb,Creative Commons - Attribution,3ab1ffde8dbd0fac689f9a5b7947fda123c2330c97514c5c0a247f0c4f03d04d
https://sketchfab.com/3d-models/ec70b85e35664837ae7711a7f6f532cb,/workspace/data/objaverse_xl/hf-objaverse-v1/glbs/000-142/ec70b85e35664837ae7711a7f6f532cb.glb,sketchfab,glb,Creative Commons - Attribution,e564d697a0401d01f365c08c55511df5d1477c8d5acd5350c68c156f71190464
https://sketchfab.com/3d-models/d2ac51f6cf5840b5af74b96fb46fc753,/workspace/data/objaverse_xl/hf-objaverse-v1/glbs/000-087/d2ac51f6cf5840b5af74b96fb46fc753.glb,sketchfab,glb,Creative Commons - Attribution,958f05db2720fef4d032ea85ebcaceb81d69e4ee806ac0666572219e1e7526e7
https://sketchfab.com/3d-models/5d3062836bda4b1aafcc8a533b35e9e5,/workspace/data/objaverse_xl/hf-objaverse-v1/glbs/000-056/5d3062836bda4b1aafcc8a533b35e9e5.glb,sketchfab,glb,Creative Commons - Attribution,4e1f3ab8dc6fb99e21e6c32ad4cb560e22434f4dac0c600d329bb71b974ba01d
https://sketchfab.com/3d-models/28b34d3b51dc45eb9805a7eed479af63,/workspace/data/objaverse_xl/hf-objaverse-v1/glbs/000-028/28b34d3b51dc45eb9805a7eed479af63.glb,sketchfab,glb,Creative Commons - Attribution,2ce29394b03dbb03e1ada2226ba818480e62d0738451802cd9e1da0c3789075b
https://sketchfab.com/3d-models/8b2c010d022541b8875b69b2b20537ae,/workspace/data/objaverse_xl/hf-objaverse-v1/glbs/000-039/8b2c010d022541b8875b69b2b20537ae.glb,sketchfab,glb,Creative Commons - Attribution,c30c47d40f03ede474126a87fdf923924588898a9593d60fa0166677b9bdd97f
https://sketchfab.com/3d-models/1e1cbbef562a447dbb30a9c4e0815b48,/workspace/data/objaverse_xl/hf-objaverse-v1/glbs/000-001/1e1cbbef562a447dbb30a9c4e0815b48.glb,sketchfab,glb,Creative Commons - Attribution,f049048efbf11f98e19f24e69eadab57a92501592202be1fc5065dc2c6361846
https://sketchfab.com/3d-models/6d1dff2af1fa4c5c8ae1e96468026ac9,/workspace/data/objaverse_xl/hf-objaverse-v1/glbs/000-130/6d1dff2af1fa4c5c8ae1e96468026ac9.glb,sketchfab,glb,Creative Commons - Attribution,3f86a01005bf80ca2d7fef7054b4b573ef89fd6529e8a830f2624b0a92f1efe9
https://sketchfab.com/3d-models/cb3d4c5144b340c59e14ff09449f19f0,/workspace/data/objaverse_xl/hf-objaverse-v1/glbs/000-153/cb3d4c5144b340c59e14ff09449f19f0.glb,sketchfab,glb,Creative Commons - Attribution,b45429d1d15c416873995f7a51f8ff71ab97583b02fa8f46a93cf89db3f9e795
https://sketchfab.com/3d-models/dc34524953874f26af19a48f45ef44b6,/workspace/data/objaverse_xl/hf-objaverse-v1/glbs/000-150/dc34524953874f26af19a48f45ef44b6.glb,sketchfab,glb,Creative Commons - Attribution,63be2388eaaf26f50ad8c30602a6c78b1706b2aad8384628562763a9c4f07348
https://sketchfab.com/3d-models/43906b2487d54d4bac8bf216cddf7387,/workspace/data/objaverse_xl/hf-objaverse-v1/glbs/000-054/43906b2487d54d4bac8bf216cddf7387.glb,sketchfab,glb,Creative Commons - Attribution,bd4e7d2f3d32bae8323472125c1dee11131d7d31b63499949d35b0bfe184425a
https://sketchfab.com/3d-models/1c2c4345cc18478eac1cfe69f28d9325,/workspace/data/objaverse_xl/hf-objaverse-v1/glbs/000-029/1c2c4345cc18478eac1cfe69f28d9325.glb,sketchfab,glb,Creative Commons - Attribution - Non-Commercial - Share Alike,9942e56283274ee63b8467e013891a3a8c26718c29eab64417ba31845339fff4
https://sketchfab.com/3d-models/5fa82920a45845e386c2a7d778c0972c,/workspace/data/objaverse_xl/hf-objaverse-v1/glbs/000-059/5fa82920a45845e386c2a7d778c0972c.glb,sketchfab,glb,Creative Commons - Attribution,698b1488cb8c741976c4b2f3b3881128bba7966a807b811cff90c67298efc6e0
https://sketchfab.com/3d-models/212d4349ae1f43f7911e03fe085c9f73,/workspace/data/objaverse_xl/hf-objaverse-v1/glbs/000-154/212d4349ae1f43f7911e03fe085c9f73.glb,sketchfab,glb,Creative Commons - Attribution,6ee0af6d7e1c0243ab8fb076958071d96858eabff16f870ba0ad7d1088d755fc
https://sketchfab.com/3d-models/5871e46316d24209a8a8b24ea15535d5,/workspace/data/objaverse_xl/hf-objaverse-v1/glbs/000-046/5871e46316d24209a8a8b24ea15535d5.glb,sketchfab,glb,Creative Commons - Attribution,c599cd10d2b7e7be9d92acb752feee0e2885282a5aac415ecce01b0f60a5a7fe
https://sketchfab.com/3d-models/e0e83374cfc34c3489394fa8914626c8,/workspace/data/objaverse_xl/hf-objaverse-v1/glbs/000-112/e0e83374cfc34c3489394fa8914626c8.glb,sketchfab,glb,Creative Commons - Attribution,c8b3052148eac318c728c8c9da60c3d7abe9953fe5aa4191709c4695dbd7994f
https://sketchfab.com/3d-models/d528c69035444a6b810d5a7fef64f809,/workspace/data/objaverse_xl/hf-objaverse-v1/glbs/000-056/d528c69035444a6b810d5a7fef64f809.glb,sketchfab,glb,Creative Commons - Attribution,c5d8de511e231ae85a41bfc8b6737e8435955885a47acbc9856b1bbf39ecceb4
https://sketchfab.com/3d-models/02e50ee6abc2456985944989a26d89b7,/workspace/data/objaverse_xl/hf-objaverse-v1/glbs/000-116/02e50ee6abc2456985944989a26d89b7.glb,sketchfab,glb,Creative Commons - Attribution,d3f83244a82563776e0b3e6d28902225a386a7c13542edd2ddd12d894ddc4c94
https://sketchfab.com/3d-models/8b98f232243f4646b3c2df572da1741f,/workspace/data/objaverse_xl/hf-objaverse-v1/glbs/000-136/8b98f232243f4646b3c2df572da1741f.glb,sketchfab,glb,Creative Commons - Attribution,8e1f727f36e6dede59669d0dff19f49d6212387de5ad13dc97b556577bd78fb9
https://sketchfab.com/3d-models/70c282ead1fb4d27b1008850f5310fcc,/workspace/data/objaverse_xl/hf-objaverse-v1/glbs/000-050/70c282ead1fb4d27b1008850f5310fcc.glb,sketchfab,glb,Creative Commons - Attribution,7deea88e5b9cc7fc2a82e7d310aa0eafa87a009d894cb3b0ba471a268169ed21
https://sketchfab.com/3d-models/e56548b2cfd348b29bf5752627e9ee5f,/workspace/data/objaverse_xl/hf-objaverse-v1/glbs/000-125/e56548b2cfd348b29bf5752627e9ee5f.glb,sketchfab,glb,Creative Commons - Attribution,05e69e62914f874d4842e8e6c06564e6451817dd6be3f0cb189481f7e9df31a4
https://sketchfab.com/3d-models/5089f212fcca417ba31f93ec456fb78b,/workspace/data/objaverse_xl/hf-objaverse-v1/glbs/000-150/5089f212fcca417ba31f93ec456fb78b.glb,sketchfab,glb,Creative Commons - Attribution,1f8ab30ccda9025286779fb313068b7136bbf42b666a1e4f79e10c88fe3b555b
https://sketchfab.com/3d-models/a9ebfee4c7724b99b08dce8feb1779b3,/workspace/data/objaverse_xl/hf-objaverse-v1/glbs/000-035/a9ebfee4c7724b99b08dce8feb1779b3.glb,sketchfab,glb,Creative Commons - Attribution,45a993559782bed80e025b7ef83fbf1e621fc8efc16e23b24f2492aec40c57bc
https://sketchfab.com/3d-models/6f8f079fb86b47a88a69b9621d21ac59,/workspace/data/objaverse_xl/hf-objaverse-v1/glbs/000-066/6f8f079fb86b47a88a69b9621d21ac59.glb,sketchfab,glb,Creative Commons - Attribution,1b4e71b00360296775ed7fbdd76523bc69457b6cfd6ed8287ad1a0ef7640eedd
https://sketchfab.com/3d-models/a0b9de05905e419590144437202f3052,/workspace/data/objaverse_xl/hf-objaverse-v1/glbs/000-042/a0b9de05905e419590144437202f3052.glb,sketchfab,glb,Creative Commons - Attribution,e7d2eece9d0f273e858d54ff63d1b76f5be589f88fbcf9101a1f67b194923289
https://sketchfab.com/3d-models/6cab69d05eac48d5acca5b6ac07ce906,/workspace/data/objaverse_xl/hf-objaverse-v1/glbs/000-009/6cab69d05eac48d5acca5b6ac07ce906.glb,sketchfab,glb,Creative Commons - Attribution,f33bc5efb3f46302997d3a442fd075c3cb0498e96a2ac2242379f083ba877a28
https://sketchfab.com/3d-models/846ac2932793467fbaa7c03a61a42826,/workspace/data/objaverse_xl/hf-objaverse-v1/glbs/000-149/846ac2932793467fbaa7c03a61a42826.glb,sketchfab,glb,Creative Commons - Attribution,4a1b76f1cffab814cc12f9cf330128bb71c8ca12338c926e70b45bc799f1ceda
https://sketchfab.com/3d-models/25ae599c00ee4264a09868ad3ab3aeac,/workspace/data/objaverse_xl/hf-objaverse-v1/glbs/000-074/25ae599c00ee4264a09868ad3ab3aeac.glb,sketchfab,glb,Creative Commons - Attribution,861f7320c71f36551e3e0c3f578ba0e7e91e0df1e7c9be965df7051d4965e007
https://sketchfab.com/3d-models/4f60b8cc6c044a269f2a7014972f4851,/workspace/data/objaverse_xl/hf-objaverse-v1/glbs/000-158/4f60b8cc6c044a269f2a7014972f4851.glb,sketchfab,glb,Creative Commons - Attribution,c53602f65014d163bd7fc3e7a76d196d05d51f5c330cca280eceaaab1314e0f1
https://sketchfab.com/3d-models/3443fae6cfea49cbb20492240ffadcea,/workspace/data/objaverse_xl/hf-objaverse-v1/glbs/000-064/3443fae6cfea49cbb20492240ffadcea.glb,sketchfab,glb,Creative Commons - Attribution,b63693ee245fae3a03edab5841cff2372c753deaa5d208d084ac5faf1b1e2797
https://sketchfab.com/3d-models/a9c5f2530638421aac7afa782c7a9df4,/workspace/data/objaverse_xl/hf-objaverse-v1/glbs/000-023/a9c5f2530638421aac7afa782c7a9df4.glb,sketchfab,glb,Creative Commons - Attribution,2e4bdaaedeac548a8f829a999a1361454112581bfb09af34be71ac54873a751f
https://sketchfab.com/3d-models/ed0afde32a194337ba1a18b1018f2d2e,/workspace/data/objaverse_xl/hf-objaverse-v1/glbs/000-130/ed0afde32a194337ba1a18b1018f2d2e.glb,sketchfab,glb,Creative Commons - Attribution,acd005d80f29994420dfefb668cefa76abf4b45122aaf9f0a12b1df9b340a987
https://sketchfab.com/3d-models/d678acd79a3e48c7a390922192a3cc2f,/workspace/data/objaverse_xl/hf-objaverse-v1/glbs/000-157/d678acd79a3e48c7a390922192a3cc2f.glb,sketchfab,glb,Creative Commons - Attribution,e3b6352e06d9d67d379e65807bba9baec6aa892e7058dac8736fb8413244f0ee
https://sketchfab.com/3d-models/74955a983b7040279dff553dcb8532f4,/workspace/data/objaverse_xl/hf-objaverse-v1/glbs/000-037/74955a983b7040279dff553dcb8532f4.glb,sketchfab,glb,Creative Commons - Attribution,4645040b2fa683fcce630a40946feb6e677bec121285989ce32e56cda252cbe0
https://sketchfab.com/3d-models/657572f4db194bc5817e4a959e30269b,/workspace/data/objaverse_xl/hf-objaverse-v1/glbs/000-105/657572f4db194bc5817e4a959e30269b.glb,sketchfab,glb,Creative Commons - Attribution,7f3776daad6dd4e3e761bd97f1911bc5d1a509b056a3eafbea9185595d4b5f8c
https://sketchfab.com/3d-models/0c35abba6b8546479fb8aa25ce2a1b4f,/workspace/data/objaverse_xl/hf-objaverse-v1/glbs/000-016/0c35abba6b8546479fb8aa25ce2a1b4f.glb,sketchfab,glb,Creative Commons - Attribution,c659036846eb95db113403cb38a13bca4e25eeca6402ab8bbf9aff12c8d52d14
https://sketchfab.com/3d-models/fdf77fd28a504cae825bd146ae88f811,/workspace/data/objaverse_xl/hf-objaverse-v1/glbs/000-070/fdf77fd28a504cae825bd146ae88f811.glb,sketchfab,glb,Creative Commons - Attribution,7959e17aeb10d53995753ffa5f982ca8b0f59241909c4c40fcebec2adac6c282
https://sketchfab.com/3d-models/1e89711b8e684e99925c9e2728c9f70b,/workspace/data/objaverse_xl/hf-objaverse-v1/glbs/000-121/1e89711b8e684e99925c9e2728c9f70b.glb,sketchfab,glb,Creative Commons - Attribution,fe12bdedaead3dccee9c594ea9ec7a0c03a5e120c5d5e62b2114a84cbeb937af
https://sketchfab.com/3d-models/62c3f4bb1b8145828db40473d4bcbb26,/workspace/data/objaverse_xl/hf-objaverse-v1/glbs/000-057/62c3f4bb1b8145828db40473d4bcbb26.glb,sketchfab,glb,Creative Commons - Attribution,112248c1ac4f6505b26fff45d3d6eef3fa5abccf2c53168cc382edd7aeeb9b82
https://sketchfab.com/3d-models/e10e5509f44d4a8685f74f0b1d26df85,/workspace/data/objaverse_xl/hf-objaverse-v1/glbs/000-113/e10e5509f44d4a8685f74f0b1d26df85.glb,sketchfab,glb,Creative Commons - Attribution,74689012572c404d1a5d27e91f50907a6ae0c619746648fef7c0712dcf0e1ccc
https://sketchfab.com/3d-models/6cec79b33da44288b4c82332e3df092c,/workspace/data/objaverse_xl/hf-objaverse-v1/glbs/000-127/6cec79b33da44288b4c82332e3df092c.glb,sketchfab,glb,Creative Commons - Attribution - Non-Commercial,4f630c9caece709ff7ac4ac75944dd9547b475ab21b29d6ce9d01fc5d2edc38c
https://sketchfab.com/3d-models/145f84295bdd4c14bce23a5d79e404bf,/workspace/data/objaverse_xl/hf-objaverse-v1/glbs/000-048/145f84295bdd4c14bce23a5d79e404bf.glb,sketchfab,glb,Creative Commons - Attribution - Non-Commercial,150afa7853f25a7ebd3c7a4dafa3d8312a0680049cd6b171557f1afe0e937357
https://sketchfab.com/3d-models/142cd0af58a2445f9d42c266cffee72f,/workspace/data/objaverse_xl/hf-objaverse-v1/glbs/000-072/142cd0af58a2445f9d42c266cffee72f.glb,sketchfab,glb,Creative Commons - Attribution,4c158c6122c5e3acb67c2f27e1fd1da94d202761ee0d27134ebfbbd381aeeb1f
https://sketchfab.com/3d-models/79365747509c4805ad711b0c5c04a921,/workspace/data/objaverse_xl/hf-objaverse-v1/glbs/000-013/79365747509c4805ad711b0c5c04a921.glb,sketchfab,glb,Creative Commons - Attribution,9a3830d3e6b490303c5491c439372ca536f00fc896ffd60f1f7f7481a5900b36
https://sketchfab.com/3d-models/c66c130cfd1643a5b5f794fa84d79494,/workspace/data/objaverse_xl/hf-objaverse-v1/glbs/000-133/c66c130cfd1643a5b5f794fa84d79494.glb,sketchfab,glb,Creative Commons - Attribution,8d65e72df07c625b4c406f1744ebad36de0b86efcb27c04a47dff7da3663f47c
https://sketchfab.com/3d-models/8e110d322bab4556b683190be9fbd149,/workspace/data/objaverse_xl/hf-objaverse-v1/glbs/000-132/8e110d322bab4556b683190be9fbd149.glb,sketchfab,glb,Creative Commons - Attribution,0b3a993e7225d9f2088a4865a230b80c63dbef69afdf2dbd117d73dc46c3c1f2
https://sketchfab.com/3d-models/4e9922fb13df45b3801ac901a9830c63,/workspace/data/objaverse_xl/hf-objaverse-v1/glbs/000-084/4e9922fb13df45b3801ac901a9830c63.glb,sketchfab,glb,Creative Commons - Attribution,1009bea6ca51c887b8adcb6d109b5bc82a1aa57467208ee634f526deaa33fb79
https://sketchfab.com/3d-models/6e891060ca8f42deac9f66fbd0458457,/workspace/data/objaverse_xl/hf-objaverse-v1/glbs/000-071/6e891060ca8f42deac9f66fbd0458457.glb,sketchfab,glb,Creative Commons - Attribution,e9fe087e6c9e4926ce5a70c644918b1765ec139c0f5ca40a3d0430d6c3239ac1
https://sketchfab.com/3d-models/77d17280c48742a9925c8789b603a531,/workspace/data/objaverse_xl/hf-objaverse-v1/glbs/000-077/77d17280c48742a9925c8789b603a531.glb,sketchfab,glb,Creative Commons - Attribution,7d74e6cbe2d38dfaf6bd40ed3aa204465ba7b1cf5d1e2c5219317c292af3d53c
https://sketchfab.com/3d-models/0e330b151b6d4cc69ada0a84281c85a5,/workspace/data/objaverse_xl/hf-objaverse-v1/glbs/000-065/0e330b151b6d4cc69ada0a84281c85a5.glb,sketchfab,glb,Creative Commons - Attribution,290276fb44af50375bb73d5aee7b7331ae72055c82bf2c985db1a83003669f1e
https://sketchfab.com/3d-models/0b265a4b25184730801e45c1e35adf98,/workspace/data/objaverse_xl/hf-objaverse-v1/glbs/000-004/0b265a4b25184730801e45c1e35adf98.glb,sketchfab,glb,Creative Commons - Attribution,730e8e9ef41209acea9b32f33c56d2120383922db6adefde34145745cd052f75
https://sketchfab.com/3d-models/b93d716807604e40adb804485473eb24,/workspace/data/objaverse_xl/hf-objaverse-v1/glbs/000-028/b93d716807604e40adb804485473eb24.glb,sketchfab,glb,Creative Commons - Attribution,74284234bf67a4dcc9ced2b98b3bd265bad0ccbf54da3a4d59cfec69875bb756
https://sketchfab.com/3d-models/2c51a0ec9dd3495d955d102521474535,/workspace/data/objaverse_xl/hf-objaverse-v1/glbs/000-091/2c51a0ec9dd3495d955d102521474535.glb,sketchfab,glb,Creative Commons - Attribution - Share Alike,1ef9b74a73e8d5082fcab0d96685e300b594e9c2132b2b6fa3fc284bb5f9e34e
https://sketchfab.com/3d-models/dbec5aaa532740be9851d8719c15d8e5,/workspace/data/objaverse_xl/hf-objaverse-v1/glbs/000-053/dbec5aaa532740be9851d8719c15d8e5.glb,sketchfab,glb,Creative Commons - Attribution,33a9ce0d90d060a89edde7dfa4ca6c7435facf8d74242f9b62a79bc87050d9c7
https://sketchfab.com/3d-models/7d3b1d2cf5b3416b8a725f64caf33ff1,/workspace/data/objaverse_xl/hf-objaverse-v1/glbs/000-000/7d3b1d2cf5b3416b8a725f64caf33ff1.glb,sketchfab,glb,Creative Commons - Attribution - Non-Commercial,5ea7b07c7aa7b9d3e4a6378be823b1d8be7749c7c1d38f22056e392d07f64383
https://sketchfab.com/3d-models/4e9912d16be749458760a6380b057be1,/workspace/data/objaverse_xl/hf-objaverse-v1/glbs/000-106/4e9912d16be749458760a6380b057be1.glb,sketchfab,glb,Creative Commons - Attribution,e10e3790eca1b3d831b38b66e6bf61fa5a1377dccd31ddd25976e5336059e767
https://sketchfab.com/3d-models/3ab8df1886074771a971d054317ca6a6,/workspace/data/objaverse_xl/hf-objaverse-v1/glbs/000-133/3ab8df1886074771a971d054317ca6a6.glb,sketchfab,glb,Creative Commons - Attribution,adfd2c9f37b4a99cba6a2bef87e908c5179921005ed275dc5f9ddadbf3dad463
https://sketchfab.com/3d-models/00646edb63064ae18fe39134255909d1,/workspace/data/objaverse_xl/hf-objaverse-v1/glbs/000-103/00646edb63064ae18fe39134255909d1.glb,sketchfab,glb,Creative Commons - Attribution,cd92b1e7328e9ddffd49963262a343dd92ac54659d3f5b1d61cb719924545f63
https://sketchfab.com/3d-models/c008f5847d19464bbd12e6928a35cc05,/workspace/data/objaverse_xl/hf-objaverse-v1/glbs/000-150/c008f5847d19464bbd12e6928a35cc05.glb,sketchfab,glb,Creative Commons - Attribution,89ead34e15ce159f59ebdf326f9d164b2a4ba95754d834f88f68516ba67f5d2a
https://sketchfab.com/3d-models/edf5f7a360194c39badedefd4d3f3748,/workspace/data/objaverse_xl/hf-objaverse-v1/glbs/000-100/edf5f7a360194c39badedefd4d3f3748.glb,sketchfab,glb,Creative Commons - Attribution - Share Alike,546451a40286009c01ece86326dd3efb35f16ef07f0a28ac9efa9b972dfd0701
https://sketchfab.com/3d-models/f9b916ddd398445b832bdaf768a298db,/workspace/data/objaverse_xl/hf-objaverse-v1/glbs/000-078/f9b916ddd398445b832bdaf768a298db.glb,sketchfab,glb,Creative Commons - Attribution,aaf096d2c0c650ee1cac7a3a30bb09cd49095d224cc6756bd82e18a615503ddc
https://sketchfab.com/3d-models/c5541fb092f247ccb24c4360e7026530,/workspace/data/objaverse_xl/hf-objaverse-v1/glbs/000-042/c5541fb092f247ccb24c4360e7026530.glb,sketchfab,glb,Creative Commons - Attribution,f635ce4fb1ea8e855fe447c15430e3030c289e4ed9183fe5560862ec1429c06e
https://sketchfab.com/3d-models/3b3c428602474d16b120863dc995dd20,/workspace/data/objaverse_xl/hf-objaverse-v1/glbs/000-133/3b3c428602474d16b120863dc995dd20.glb,sketchfab,glb,Creative Commons - Attribution,1e83c74a8ac5e88bd6739dff341e8c3f2894edf3d69090d992d7e30513070438
https://sketchfab.com/3d-models/b02c767c112b4d90af8169a7c30233de,/workspace/data/objaverse_xl/hf-objaverse-v1/glbs/000-094/b02c767c112b4d90af8169a7c30233de.glb,sketchfab,glb,Creative Commons - Attribution,d97e81b314a13677376079b8022380f447fd99fe7fad45cc95c215e3c5601b14
https://sketchfab.com/3d-models/964bce1a024c44e5a9ccf4f88f6aec65,/workspace/data/objaverse_xl/hf-objaverse-v1/glbs/000-064/964bce1a024c44e5a9ccf4f88f6aec65.glb,sketchfab,glb,Creative Commons - Attribution,9c3a334eeeed130c9bccc3583465d4f30de3fc36e58bb9685918ab2efcc45f62
https://sketchfab.com/3d-models/819bcd0d505a465586df8dfdb1da7c0a,/workspace/data/objaverse_xl/hf-objaverse-v1/glbs/000-135/819bcd0d505a465586df8dfdb1da7c0a.glb,sketchfab,glb,Creative Commons - Attribution - Share Alike,8514421cb2a7422eed9a96d2148f0ea4fcd40b1d01f0fa4a3ac7c2d52e4a9abd
https://sketchfab.com/3d-models/efd2f1de867b44be932cb1f5a2367ee9,/workspace/data/objaverse_xl/hf-objaverse-v1/glbs/000-094/efd2f1de867b44be932cb1f5a2367ee9.glb,sketchfab,glb,Creative Commons - Attribution,5c4f6ab310b504126836f21eb2077ccb3d298832ae00487bdbd46f30d7cf4dba
https://sketchfab.com/3d-models/17719ca193164d8f8b4fb0f2074d4137,/workspace/data/objaverse_xl/hf-objaverse-v1/glbs/000-010/17719ca193164d8f8b4fb0f2074d4137.glb,sketchfab,glb,Creative Commons - Attribution - Share Alike,a02dcc3f8f9ea92f1b158b475d4b3637b1213cad4068da7b43abb1bc60a53351
https://sketchfab.com/3d-models/84e1b4e8310b48c5b6940f245413e353,/workspace/data/objaverse_xl/hf-objaverse-v1/glbs/000-096/84e1b4e8310b48c5b6940f245413e353.glb,sketchfab,glb,Creative Commons - Attribution,0c318d52951ceaa41757ef7d565144310fa31dade643ef75d94280fbc4da89e8
https://sketchfab.com/3d-models/243cd2c469984313b1522dca099eefd3,/workspace/data/objaverse_xl/hf-objaverse-v1/glbs/000-003/243cd2c469984313b1522dca099eefd3.glb,sketchfab,glb,Creative Commons Zero v1.0 Universal,65414b36849f86852dec042331404e02b996af937d9b15762793efb3d16b25ba
https://sketchfab.com/3d-models/f8a63ac6858e4a82a8fb1a0dc433bb36,/workspace/data/objaverse_xl/hf-objaverse-v1/glbs/000-031/f8a63ac6858e4a82a8fb1a0dc433bb36.glb,sketchfab,glb,Creative Commons - Attribution,998b68c42ac873a90f4fd30eeb005ebf206b27980974646c7e70570bd033f874
https://sketchfab.com/3d-models/e7f1f407c17d404abb342c660fcb7e6f,/workspace/data/objaverse_xl/hf-objaverse-v1/glbs/000-060/e7f1f407c17d404abb342c660fcb7e6f.glb,sketchfab,glb,Creative Commons - Attribution,5573b1ddf6e65d373e74cf3d94a2e71b31752ac7c1f3384032b2d6a1a129dcc7
https://sketchfab.com/3d-models/044dfcc6565b4fc09edea19865a01dce,/workspace/data/objaverse_xl/hf-objaverse-v1/glbs/000-006/044dfcc6565b4fc09edea19865a01dce.glb,sketchfab,glb,Creative Commons - Attribution,70edae88967184af3c3265bcb2f081ba712e3378db642e3dd7275907333a865b
https://sketchfab.com/3d-models/0d739eebeff94d848edb507c10470aae,/workspace/data/objaverse_xl/hf-objaverse-v1/glbs/000-108/0d739eebeff94d848edb507c10470aae.glb,sketchfab,glb,Creative Commons - Attribution,a37af3a3d002706766c1c6976c7273095db7b5b32a2f710792207aa9c3419ed2
https://sketchfab.com/3d-models/2c3379f8126743c0b6e564c70ff859bc,/workspace/data/objaverse_xl/hf-objaverse-v1/glbs/000-023/2c3379f8126743c0b6e564c70ff859bc.glb,sketchfab,glb,Creative Commons - Attribution,8a784c4a068239e24666b84acd05083ea7cb5092e3c0bc7550c2e13e5798786f
https://sketchfab.com/3d-models/863d33a12900480eb81eb8eb3c8401a4,/workspace/data/objaverse_xl/hf-objaverse-v1/glbs/000-149/863d33a12900480eb81eb8eb3c8401a4.glb,sketchfab,glb,Creative Commons - Attribution,b7d9227b4550da80e9e643b67195746ce5104c5036777c1b664f7d405990c889
https://sketchfab.com/3d-models/1d38f581286c4e0a8e143f9b43b60b8b,/workspace/data/objaverse_xl/hf-objaverse-v1/glbs/000-001/1d38f581286c4e0a8e143f9b43b60b8b.glb,sketchfab,glb,Creative Commons - Attribution,00f52b2186ef2a3e7b39a7bccf475feffe4e4957ab8e12c87d4a9ccc54acf781
https://sketchfab.com/3d-models/75f0454fbcf8410c886951282591f26c,/workspace/data/objaverse_xl/hf-objaverse-v1/glbs/000-086/75f0454fbcf8410c886951282591f26c.glb,sketchfab,glb,Creative Commons - Attribution,db9f75bf180078da4e17dc4666ce0ba4d3cac9609dc1ee6536d4ee3a147fd343
https://sketchfab.com/3d-models/86f6d464cb3c4e71b1d516278e645d63,/workspace/data/objaverse_xl/hf-objaverse-v1/glbs/000-044/86f6d464cb3c4e71b1d516278e645d63.glb,sketchfab,glb,Creative Commons - Attribution,f2047b4250bb540b1fd96bf97439ab6a4b535c5e358f2e1e5824ae25b170b2e8
https://sketchfab.com/3d-models/97acaf4f044d4379bfe1f99e16cc9112,/workspace/data/objaverse_xl/hf-objaverse-v1/glbs/000-138/97acaf4f044d4379bfe1f99e16cc9112.glb,sketchfab,glb,Creative Commons - Attribution,b69d34350465774e1a215a72e39cad364e0bbee88c8852ae4482ebcad7b52798
https://sketchfab.com/3d-models/d4c7ece3a881485eb71d39e270d9e184,/workspace/data/objaverse_xl/hf-objaverse-v1/glbs/000-052/d4c7ece3a881485eb71d39e270d9e184.glb,sketchfab,glb,Creative Commons - Attribution,a6cd64b5b60f06b8b4e9c063121b9e8d8be29a62c62d48af9345a654569f2980
https://sketchfab.com/3d-models/82e2314147cd485783f86bac8471c291,/workspace/data/objaverse_xl/hf-objaverse-v1/glbs/000-081/82e2314147cd485783f86bac8471c291.glb,sketchfab,glb,Creative Commons - Attribution,e49110e068aba6908364f645dde4f4e1b09cb341d089418cbbdb2d13371eef49
https://sketchfab.com/3d-models/6f75a845a6e34a2c9543b178f1f70d19,/workspace/data/objaverse_xl/hf-objaverse-v1/glbs/000-151/6f75a845a6e34a2c9543b178f1f70d19.glb,sketchfab,glb,Creative Commons - Attribution,b2c41a71718e10ff892efc3fdc24b35b36ec5700e06e9fbb6c988617e38604fa
https://sketchfab.com/3d-models/bbfa225c59824b9e9672c2d29aa5d9d9,/workspace/data/objaverse_xl/hf-objaverse-v1/glbs/000-052/bbfa225c59824b9e9672c2d29aa5d9d9.glb,sketchfab,glb,Creative Commons - Attribution,efa723f442b5030342d31a8e11afa71fd2a3e0d802a09b46fd4f05e5fdba1a6a
https://sketchfab.com/3d-models/b1aa9affc15f4fe8868f5120e16ed6c3,/workspace/data/objaverse_xl/hf-objaverse-v1/glbs/000-036/b1aa9affc15f4fe8868f5120e16ed6c3.glb,sketchfab,glb,Creative Commons - Attribution,15574d7cce62ca4f92056a32d8ff3b828d17a192bd48d007300b0cf6eb352b4a
https://sketchfab.com/3d-models/66b4c9448e264aa893c6ab1f5d515545,/workspace/data/objaverse_xl/hf-objaverse-v1/glbs/000-014/66b4c9448e264aa893c6ab1f5d515545.glb,sketchfab,glb,Creative Commons - Attribution,2f038d00aa5c3816246bc85f45d680f5f7cad5d02b93aa8472bb60a3743fcda1
https://sketchfab.com/3d-models/869cd2a4676446478f9e638f2b521cfc,/workspace/data/objaverse_xl/hf-objaverse-v1/glbs/000-148/869cd2a4676446478f9e638f2b521cfc.glb,sketchfab,glb,Creative Commons - Attribution,9c73caabce9eae0eb4bb3b405c973448e4fa22c251f375b2215b14f3f187707e
https://sketchfab.com/3d-models/1e412cfad9804ef89ec09b6a635d88f8,/workspace/data/objaverse_xl/hf-objaverse-v1/glbs/000-142/1e412cfad9804ef89ec09b6a635d88f8.glb,sketchfab,glb,Creative Commons - Attribution,699be9668e8121fa21a629ff8bf418b253b7e3adf52d515b3062c57e0c4c5a1e
https://sketchfab.com/3d-models/fcfc7c401ace4b89b2d13a2255631266,/workspace/data/objaverse_xl/hf-objaverse-v1/glbs/000-144/fcfc7c401ace4b89b2d13a2255631266.glb,sketchfab,glb,Creative Commons - Attribution,af6b83043d84cddf2c1deaa08472904bb3ccb40267594f4ade5b55182f8803fa
https://sketchfab.com/3d-models/a7982fb9a108442babce6a22702bd17e,/workspace/data/objaverse_xl/hf-objaverse-v1/glbs/000-155/a7982fb9a108442babce6a22702bd17e.glb,sketchfab,glb,Creative Commons - Attribution,a0b17426c18abac934e403351d22d5c55ff937a78c842a8b08010afa37d41afc
https://sketchfab.com/3d-models/a1c4babd690a4f7281ae53d495e7434c,/workspace/data/objaverse_xl/hf-objaverse-v1/glbs/000-083/a1c4babd690a4f7281ae53d495e7434c.glb,sketchfab,glb,Creative Commons - Attribution,31ad4fd466a464280f1b5196f66d6cc8bcfe0a80bdca6973b2ac334d726344f9
https://sketchfab.com/3d-models/d8cce92007534a1199347f8d2b1a6f2c,/workspace/data/objaverse_xl/hf-objaverse-v1/glbs/000-028/d8cce92007534a1199347f8d2b1a6f2c.glb,sketchfab,glb,Creative Commons - Attribution,9fc338943058abc80be131e624f605493c31a081d1ff0f0a61f14a75d58c29a8
https://sketchfab.com/3d-models/063ceb75b220463fa2dde8df4154ba2e,/workspace/data/objaverse_xl/hf-objaverse-v1/glbs/000-159/063ceb75b220463fa2dde8df4154ba2e.glb,sketchfab,glb,Creative Commons - Attribution,cf52e67ed8db6a78f26d9e04ce91735c96d848fc977e4983e9cf32ffdba6d946
https://sketchfab.com/3d-models/30f855abc7cb4c058ffda853d66178be,/workspace/data/objaverse_xl/hf-objaverse-v1/glbs/000-063/30f855abc7cb4c058ffda853d66178be.glb,sketchfab,glb,Creative Commons - Attribution,7e3504b21328f58e7e5926122c4bf1a556129ea26bf4813744f5bc99f7ff7cfd
https://sketchfab.com/3d-models/a4626b2f6c754079bf9b5b9419f94c3c,/workspace/data/objaverse_xl/hf-objaverse-v1/glbs/000-104/a4626b2f6c754079bf9b5b9419f94c3c.glb,sketchfab,glb,Creative Commons - Attribution,e8a616267512894e5662c86a15b05e38bf5a6cd99f068fc87f9d322be36c8201
https://sketchfab.com/3d-models/8aec6feadb6749408074d37e80590f34,/workspace/data/objaverse_xl/hf-objaverse-v1/glbs/000-016/8aec6feadb6749408074d37e80590f34.glb,sketchfab,glb,Creative Commons - Attribution,ea720fefd2cffbb7e5030e399d3abff84ad0d45a111c3e01ee491bcdd70277a0
https://sketchfab.com/3d-models/9511d9d87246409b8075cf08940bceb5,/workspace/data/objaverse_xl/hf-objaverse-v1/glbs/000-144/9511d9d87246409b8075cf08940bceb5.glb,sketchfab,glb,Creative Commons - Attribution,bc6914d0aebc91fb98bac5d8a8a33e26895c5cec20d68429c1aac19ae4d55983
https://sketchfab.com/3d-models/e235c306fa41403fad444beac4c604d8,/workspace/data/objaverse_xl/hf-objaverse-v1/glbs/000-142/e235c306fa41403fad444beac4c604d8.glb,sketchfab,glb,Creative Commons - Attribution,b8b5de4174b65918509d2bcd6fbfe43b31f2d87ba8bf82f3c1e36ca295d755ba
https://sketchfab.com/3d-models/0a314ac3ee704c1eb850e933960fb085,/workspace/data/objaverse_xl/hf-objaverse-v1/glbs/000-085/0a314ac3ee704c1eb850e933960fb085.glb,sketchfab,glb,Creative Commons - Attribution,b38adcc546a618914dd64a0d6309c7360b1f1824a2685ff331fc7f8f144a8524
https://sketchfab.com/3d-models/61c478f77ea14759b61dd8938e4015a6,/workspace/data/objaverse_xl/hf-objaverse-v1/glbs/000-013/61c478f77ea14759b61dd8938e4015a6.glb,sketchfab,glb,Creative Commons - Attribution,d2df7880dfa1cc4ca66a800c6e40264bb91b9dc42fd71f892089b97e0ab20958
https://sketchfab.com/3d-models/fd2d616a061b46839ad5f7b22157830e,/workspace/data/objaverse_xl/hf-objaverse-v1/glbs/000-052/fd2d616a061b46839ad5f7b22157830e.glb,sketchfab,glb,Creative Commons - Attribution,a87f8c6ca3960e8d26f9d99e455dd530d474d41826b0133213ed6793a13ff500
https://sketchfab.com/3d-models/a9193ccddef24944bef81c85ce99b7cb,/workspace/data/objaverse_xl/hf-objaverse-v1/glbs/000-002/a9193ccddef24944bef81c85ce99b7cb.glb,sketchfab,glb,Creative Commons - Attribution - Non-Commercial - Share Alike,9482230caa37400fdc680e1b685f60b1c10a1f3d59d5b7b0cd148a0715bddf23
https://sketchfab.com/3d-models/d5a2973acbd74227b5d3d15c2155a9d5,/workspace/data/objaverse_xl/hf-objaverse-v1/glbs/000-031/d5a2973acbd74227b5d3d15c2155a9d5.glb,sketchfab,glb,Creative Commons - Attribution,33a21f094d7bc28c5d4d4dd43b1962eafcf0035614e195ce85754f52ed9cf0ca
https://sketchfab.com/3d-models/a146bcf26b6a42028d841a9e77fc8f32,/workspace/data/objaverse_xl/hf-objaverse-v1/glbs/000-065/a146bcf26b6a42028d841a9e77fc8f32.glb,sketchfab,glb,Creative Commons - Attribution,8363dc214c92d3570b074f2fef18ffbef0ce46ed389041b3849bf26932619a20
https://sketchfab.com/3d-models/784264c2a5be428c8fb3df30804ffd98,/workspace/data/objaverse_xl/hf-objaverse-v1/glbs/000-121/784264c2a5be428c8fb3df30804ffd98.glb,sketchfab,glb,Creative Commons - Attribution,65295fbd499b822a8d7fbcefd6eec20b8ec5ae9bac518a68a8f94d283d2f32af
https://sketchfab.com/3d-models/7b863e9c3fda4147a35a2b5e4421dee2,/workspace/data/objaverse_xl/hf-objaverse-v1/glbs/000-150/7b863e9c3fda4147a35a2b5e4421dee2.glb,sketchfab,glb,Creative Commons - Attribution,9b6d9073be705fc6a1683bc1abe43ee99aa17378592920b22e7752c95fe35355
https://sketchfab.com/3d-models/f03625bf6606494fa7924f9d5d3282be,/workspace/data/objaverse_xl/hf-objaverse-v1/glbs/000-158/f03625bf6606494fa7924f9d5d3282be.glb,sketchfab,glb,Creative Commons - Attribution,d1243b2c6b2069d53efb2cf60a758317aa9034bb7602beebc7ccdde632ecf368
https://sketchfab.com/3d-models/9e7d6098f93e4e38b36ece86f83b388f,/workspace/data/objaverse_xl/hf-objaverse-v1/glbs/000-044/9e7d6098f93e4e38b36ece86f83b388f.glb,sketchfab,glb,Creative Commons - Attribution,e79c6d79205da8023ea29187822692661c3b30fc99f5e4d2addbd1fffae1389b
https://sketchfab.com/3d-models/175d517607c245f0b5005c0b3e875bd3,/workspace/data/objaverse_xl/hf-objaverse-v1/glbs/000-030/175d517607c245f0b5005c0b3e875bd3.glb,sketchfab,glb,Creative Commons - Attribution,15d5ef90058b0512877907c83685ab8c4400790ca625d21af5c27822453e7381
https://sketchfab.com/3d-models/57ff956f593942158afd6353266743f7,/workspace/data/objaverse_xl/hf-objaverse-v1/glbs/000-035/57ff956f593942158afd6353266743f7.glb,sketchfab,glb,Creative Commons - Attribution - Non-Commercial - Share Alike,ff9a98e4aa8fbfbdccbbb3f71840c970dbd270c31bdeca0a9a863cb9e30a22e3
https://sketchfab.com/3d-models/a714397b2f8e48d3b824296489b22a11,/workspace/data/objaverse_xl/hf-objaverse-v1/glbs/000-126/a714397b2f8e48d3b824296489b22a11.glb,sketchfab,glb,Creative Commons - Attribution,2d7a48a62a025fb74f42d7e936b30571f30265bfe5783eb71aca6ce29a1fd6eb
https://sketchfab.com/3d-models/35001eab7ea344789c38aa2a394a1c85,/workspace/data/objaverse_xl/hf-objaverse-v1/glbs/000-010/35001eab7ea344789c38aa2a394a1c85.glb,sketchfab,glb,Creative Commons - Attribution,1fe902f62c58ce65373f0389650822798baf22cc1cd7f055f116450f02e741fb
https://sketchfab.com/3d-models/f9b4af38f22a495ba2aeb557cea6158b,/workspace/data/objaverse_xl/hf-objaverse-v1/glbs/000-035/f9b4af38f22a495ba2aeb557cea6158b.glb,sketchfab,glb,Creative Commons - Attribution,637be0899901468ecb49c2dc2dddad8e16c124541ea4ab26060a5822192e02eb
https://sketchfab.com/3d-models/75c722d279594dc08c35fd5b2c879d60,/workspace/data/objaverse_xl/hf-objaverse-v1/glbs/000-130/75c722d279594dc08c35fd5b2c879d60.glb,sketchfab,glb,Creative Commons - Attribution,f4caf6ebd4e8a7b79a550983ff024005ab5c7e12095e58446c6e3ee87fe5a2f9
https://sketchfab.com/3d-models/d6815020ce8b4958bd68855ea0d23400,/workspace/data/objaverse_xl/hf-objaverse-v1/glbs/000-128/d6815020ce8b4958bd68855ea0d23400.glb,sketchfab,glb,Creative Commons - Attribution,3e9a73ad90d0c70c5d83f0ca882bbcf2adde95fbfbe9d803334bd0b33c421f80
https://sketchfab.com/3d-models/58dbb09691ca4f4181406af702182ec2,/workspace/data/objaverse_xl/hf-objaverse-v1/glbs/000-056/58dbb09691ca4f4181406af702182ec2.glb,sketchfab,glb,Creative Commons - Attribution,37858cb9e5a77ddee176aaaf25e488366e840cd1ea8cfc43684344a4bfbaf598
https://sketchfab.com/3d-models/45bf207099bb42118f53995f8d50ab5d,/workspace/data/objaverse_xl/hf-objaverse-v1/glbs/000-121/45bf207099bb42118f53995f8d50ab5d.glb,sketchfab,glb,Creative Commons - Attribution,c27f01e02f27bcaed702e745fd519788796f069e31078af8bc719d360b998e69
https://sketchfab.com/3d-models/34b3c3f7fa8a40039f39ef0538c3399b,/workspace/data/objaverse_xl/hf-objaverse-v1/glbs/000-100/34b3c3f7fa8a40039f39ef0538c3399b.glb,sketchfab,glb,Creative Commons - Attribution,24e919b38db49eaaf73679cc4a372ecf6917fc9ebc9e782667767da21937fe72
https://sketchfab.com/3d-models/f4298ed2084047d79d30e8876620ad78,/workspace/data/objaverse_xl/hf-objaverse-v1/glbs/000-133/f4298ed2084047d79d30e8876620ad78.glb,sketchfab,glb,Creative Commons - Attribution,3d104663d93f797b40e4e50159e8b287a3cdd773d88715a54eecf0bdb153f469
https://sketchfab.com/3d-models/961d44f110fb4aa8bc9b912edf32b176,/workspace/data/objaverse_xl/hf-objaverse-v1/glbs/000-115/961d44f110fb4aa8bc9b912edf32b176.glb,sketchfab,glb,Creative Commons - Attribution,33b4ce12d5a55379663a598b5fa3f53a66ebc373ba62020bd443bf997d22f4b0
https://sketchfab.com/3d-models/383eda3d133f41b78356d57b1969c0b6,/workspace/data/objaverse_xl/hf-objaverse-v1/glbs/000-093/383eda3d133f41b78356d57b1969c0b6.glb,sketchfab,glb,Creative Commons - Attribution,52f4ae9498faeb99799a5a4a4f3e9a0a18956bdf958205597feb3ce352eae6f2
https://sketchfab.com/3d-models/2df63dee280949cc8ae7d869686d5d88,/workspace/data/objaverse_xl/hf-objaverse-v1/glbs/000-027/2df63dee280949cc8ae7d869686d5d88.glb,sketchfab,glb,Creative Commons - Attribution,c4aa5c3c92f12857d87b591c5cfd5604dd92b2166b333822bd07ad36c173f028
https://sketchfab.com/3d-models/3a9147cb2b3c47f69c022942f9f21360,/workspace/data/objaverse_xl/hf-objaverse-v1/glbs/000-101/3a9147cb2b3c47f69c022942f9f21360.glb,sketchfab,glb,Creative Commons - Attribution,c6601210b0e868a024ca6841d3b4c8bbde466ccac3ec213c559584856669a60e
https://sketchfab.com/3d-models/f087530aecaf4f3c9b60c4e3a11b1dab,/workspace/data/objaverse_xl/hf-objaverse-v1/glbs/000-067/f087530aecaf4f3c9b60c4e3a11b1dab.glb,sketchfab,glb,Creative Commons - Attribution,9f6245a4f80ac0e8232977568624e095139cb617b0d2ee07226141d666f6bef0
https://sketchfab.com/3d-models/d05e7fae4ec44640851f9a85236b5240,/workspace/data/objaverse_xl/hf-objaverse-v1/glbs/000-056/d05e7fae4ec44640851f9a85236b5240.glb,sketchfab,glb,Creative Commons - Attribution,06025c596d08ccd68e621c59c1be5be210ca5dfeb8ea6b7302e296b12383c06a
https://sketchfab.com/3d-models/0e965eb0fe4b427ea5026d24bcefca4b,/workspace/data/objaverse_xl/hf-objaverse-v1/glbs/000-028/0e965eb0fe4b427ea5026d24bcefca4b.glb,sketchfab,glb,Creative Commons - Attribution,54799471ef5ae11dc9191506538bd7ceceff78748f83f4271c438b479053e08f
https://sketchfab.com/3d-models/9a804773229f4f52a5dc008fd161ece4,/workspace/data/objaverse_xl/hf-objaverse-v1/glbs/000-115/9a804773229f4f52a5dc008fd161ece4.glb,sketchfab,glb,Creative Commons - Attribution - Non-Commercial,eeb0e50a469ad761ca2ae64ca358c68934b67b641762dcdbae4b2db05bb9db20
https://sketchfab.com/3d-models/278f2f9d7652423b8b1ebc03e8a9c39b,/workspace/data/objaverse_xl/hf-objaverse-v1/glbs/000-103/278f2f9d7652423b8b1ebc03e8a9c39b.glb,sketchfab,glb,Creative Commons - Attribution,96c60eaeab880e132943d99841936dd3b3698941fc4168c56458b67c57877962
https://sketchfab.com/3d-models/122d125fdf5d4f38b87d75da62cf80e4,/workspace/data/objaverse_xl/hf-objaverse-v1/glbs/000-000/122d125fdf5d4f38b87d75da62cf80e4.glb,sketchfab,glb,Creative Commons - Attribution,2da2b3e6882553a4d6d9f8e6f67cc59d77774b56149f0ddaa826c70b7e5c9260
https://sketchfab.com/3d-models/21779cfdabb44a9a83aad24229928dc1,/workspace/data/objaverse_xl/hf-objaverse-v1/glbs/000-012/21779cfdabb44a9a83aad24229928dc1.glb,sketchfab,glb,Creative Commons - Attribution - Non-Commercial - Share Alike,400b1bb89afa9bd8c88cec455028568ed5687178f8385aca02f8ab0a797dc7b9
https://sketchfab.com/3d-models/5a5e1acb95eb4f658d91c461d1c99bda,/workspace/data/objaverse_xl/hf-objaverse-v1/glbs/000-045/5a5e1acb95eb4f658d91c461d1c99bda.glb,sketchfab,glb,Creative Commons - Attribution,3bf8ed930027e428aa36e622bb97ee27d8ef6f43f755de78a2c8be91c8f286bc
https://sketchfab.com/3d-models/6439b4d6042e423ab628f4b76b9213e0,/workspace/data/objaverse_xl/hf-objaverse-v1/glbs/000-154/6439b4d6042e423ab628f4b76b9213e0.glb,sketchfab,glb,Creative Commons - Attribution,e96eb753caaf5db8bb9a8802e29a2663a2138d96f4036a1cbec75ce907a2ef86
https://sketchfab.com/3d-models/efd12ef4565c4df8ac7b809bc28672f8,/workspace/data/objaverse_xl/hf-objaverse-v1/glbs/000-153/efd12ef4565c4df8ac7b809bc28672f8.glb,sketchfab,glb,Creative Commons - Attribution,1d2cd3cad36bef0824fd61b35d406ee96d3c25502810b8a85c3d2f1deb1f4dbd
https://sketchfab.com/3d-models/5b224dbcca864d43b4540dcb6cb4e273,/workspace/data/objaverse_xl/hf-objaverse-v1/glbs/000-139/5b224dbcca864d43b4540dcb6cb4e273.glb,sketchfab,glb,Creative Commons - Attribution,882bacdff62e6cfff1ca1d0f9730d034dfdd25d1a04b1e577a0d6279ab53f504
https://sketchfab.com/3d-models/865964d32efd49c4a9ce811b89739977,/workspace/data/objaverse_xl/hf-objaverse-v1/glbs/000-069/865964d32efd49c4a9ce811b89739977.glb,sketchfab,glb,Creative Commons - Attribution,a829ffbef0cda9230e607aa7f7e36f3208db7657812503f17d5bccce186dc70a
https://sketchfab.com/3d-models/5ae7f06a5fb745dbb7f100531241754b,/workspace/data/objaverse_xl/hf-objaverse-v1/glbs/000-044/5ae7f06a5fb745dbb7f100531241754b.glb,sketchfab,glb,Creative Commons - Attribution,fe5af8c055e44cd88cfcacc58c64409aadb2c248ff18197e3ce52133cddfda3f
https://sketchfab.com/3d-models/2ae9ed4de96f4164996fae315ae7f931,/workspace/data/objaverse_xl/hf-objaverse-v1/glbs/000-109/2ae9ed4de96f4164996fae315ae7f931.glb,sketchfab,glb,Creative Commons - Attribution,97f20936655e245eb033edc3a87a9349ead0c83d0eef509aea3c7c63ad833a7c
https://sketchfab.com/3d-models/5e90b946fa9a4a42ad8c6dbbdc8f8852,/workspace/data/objaverse_xl/hf-objaverse-v1/glbs/000-086/5e90b946fa9a4a42ad8c6dbbdc8f8852.glb,sketchfab,glb,Creative Commons - Attribution,eb61480d06be293220b45aec1b1a261e9c7acdc324106449836638b169309813
https://sketchfab.com/3d-models/7f788ba7ac0847b0a19ee2ff0d10da93,/workspace/data/objaverse_xl/hf-objaverse-v1/glbs/000-134/7f788ba7ac0847b0a19ee2ff0d10da93.glb,sketchfab,glb,Creative Commons - Attribution,bb589f0f25f530b78722664c8fdcd0684a96feac00504c88ee83283f574d6e4e
https://sketchfab.com/3d-models/54ad49f669c347629e5100a9e04a3962,/workspace/data/objaverse_xl/hf-objaverse-v1/glbs/000-159/54ad49f669c347629e5100a9e04a3962.glb,sketchfab,glb,Creative Commons - Attribution,054c289ec172543a2a06357f596ccc4e8dd877f53d4811c5b590f3a895472ac0
https://sketchfab.com/3d-models/78ac0b3dc900422da52e3dc4a10ff0ee,/workspace/data/objaverse_xl/hf-objaverse-v1/glbs/000-134/78ac0b3dc900422da52e3dc4a10ff0ee.glb,sketchfab,glb,Creative Commons - Attribution,8e8a461814f11e228e6754fdbbf392a627b0bffa0dcea88570099338a4f36036
https://sketchfab.com/3d-models/70583f5df06448c1bba076df3afcdbbb,/workspace/data/objaverse_xl/hf-objaverse-v1/glbs/000-154/70583f5df06448c1bba076df3afcdbbb.glb,sketchfab,glb,Creative Commons - Attribution,39ccad9118884c8e416005646d85d1f668c91c944adbc6187262a829ab2d14e3
https://sketchfab.com/3d-models/06cbdd8cb737497ab022f9fc6e59b8dc,/workspace/data/objaverse_xl/hf-objaverse-v1/glbs/000-114/06cbdd8cb737497ab022f9fc6e59b8dc.glb,sketchfab,glb,Creative Commons - Attribution,9b2d21e8963f8c5ab92c0948b0e6e5b0e0d8433a25160cfe8b9aa3bfebfe1c02
https://sketchfab.com/3d-models/02b4a5595911408293ee53f3052932e8,/workspace/data/objaverse_xl/hf-objaverse-v1/glbs/000-074/02b4a5595911408293ee53f3052932e8.glb,sketchfab,glb,Creative Commons - Attribution - Non-Commercial - Share Alike,8b1aa77e0be6c7ff9cc39fe984fc024112e129641bfcf07d44fe859f9e22e428
https://sketchfab.com/3d-models/82ab1bb22a22407e8ebd86cae46dc9d3,/workspace/data/objaverse_xl/hf-objaverse-v1/glbs/000-031/82ab1bb22a22407e8ebd86cae46dc9d3.glb,sketchfab,glb,Creative Commons - Attribution,3dc7a207a9b59fa26c356445976f983aa14b1288662230c799471210611951a6
https://sketchfab.com/3d-models/270a3d34ba95407ca7546e440fead241,/workspace/data/objaverse_xl/hf-objaverse-v1/glbs/000-001/270a3d34ba95407ca7546e440fead241.glb,sketchfab,glb,Creative Commons - Attribution - Non-Commercial - Share Alike,356421aba53ebf9f7dd032e3ffbd07e132d5a371eb28170a8f402d257415d158
https://sketchfab.com/3d-models/986f01996a254a73bda013d0fdb44339,/workspace/data/objaverse_xl/hf-objaverse-v1/glbs/000-012/986f01996a254a73bda013d0fdb44339.glb,sketchfab,glb,Creative Commons - Attribution,b54a58a9220fe82f0dbe6902359c2aa6161e43d609bc6c30878873ad5245c047
https://sketchfab.com/3d-models/7a31ef7f1fe74596bcb87047d84ca89c,/workspace/data/objaverse_xl/hf-objaverse-v1/glbs/000-002/7a31ef7f1fe74596bcb87047d84ca89c.glb,sketchfab,glb,Creative Commons - Attribution,646b9b47517e10834400f6c719ab276dbd2f94c97fc749d79e0a3ae0d76299ea
https://sketchfab.com/3d-models/f22297a998cf431f8789d0090a2eda6d,/workspace/data/objaverse_xl/hf-objaverse-v1/glbs/000-047/f22297a998cf431f8789d0090a2eda6d.glb,sketchfab,glb,Creative Commons - Attribution,3b7cef3ead3e50605d8c4aa684833003eabf7086cdb022e8ecab42e1e18ca77f
https://sketchfab.com/3d-models/95142408ba684dafbf190470146029b7,/workspace/data/objaverse_xl/hf-objaverse-v1/glbs/000-156/95142408ba684dafbf190470146029b7.glb,sketchfab,glb,Creative Commons - Attribution,634e0cbe8451c00749c3311e198aa68db76b6e3676df74b6e711441db1bd9c56
https://sketchfab.com/3d-models/cda832b601ce4c5d821237393fd7d980,/workspace/data/objaverse_xl/hf-objaverse-v1/glbs/000-099/cda832b601ce4c5d821237393fd7d980.glb,sketchfab,glb,Creative Commons - Attribution,ff8a7b57ebeed64fa41f6bdd6f3e3207de5635116109837655a2f20f5c177373
https://sketchfab.com/3d-models/55e60bf2514448a09f95544272a30d16,/workspace/data/objaverse_xl/hf-objaverse-v1/glbs/000-038/55e60bf2514448a09f95544272a30d16.glb,sketchfab,glb,Creative Commons - Attribution,e656b4e0b12b2dc420106c1d5878a5bcea5221f374d847861d39d21c967f5516
https://sketchfab.com/3d-models/df91025680a5433eb5917a466211dba1,/workspace/data/objaverse_xl/hf-objaverse-v1/glbs/000-080/df91025680a5433eb5917a466211dba1.glb,sketchfab,glb,Creative Commons - Attribution,8d633aeafc80fc228ab884be7940d01b03a390033da6ae4c48cca69d6a1de777
https://sketchfab.com/3d-models/bcbeec0560444391b09467182b031283,/workspace/data/objaverse_xl/hf-objaverse-v1/glbs/000-096/bcbeec0560444391b09467182b031283.glb,sketchfab,glb,Creative Commons - Attribution,9707c69bd386007225d16da956e859860c02b72ae49d96efa754c4d38d6afcf5
https://sketchfab.com/3d-models/146d2d78811149ffba673160055a2aec,/workspace/data/objaverse_xl/hf-objaverse-v1/glbs/000-034/146d2d78811149ffba673160055a2aec.glb,sketchfab,glb,Creative Commons - Attribution,8f4717cfe754bb8898a7b459d310781f08fabbb149e6a8cdead8da125866185c
https://sketchfab.com/3d-models/85742c11527a48a4b5cb4cec8c74f5c0,/workspace/data/objaverse_xl/hf-objaverse-v1/glbs/000-008/85742c11527a48a4b5cb4cec8c74f5c0.glb,sketchfab,glb,Creative Commons - Attribution,d02dcb85f8f67ae4a0eb352d1f2261a4d181d76721f5d52c24dd94605f101ff5
https://sketchfab.com/3d-models/7c0342a47e434b25a5f249b0004aaeaf,/workspace/data/objaverse_xl/hf-objaverse-v1/glbs/000-115/7c0342a47e434b25a5f249b0004aaeaf.glb,sketchfab,glb,Creative Commons - Attribution,0f2e7b010bed98f24e7eb5647cb4285e3affbc0d79a1654fede4d6c8c898f43e
https://sketchfab.com/3d-models/45b49e0f812f4ab283140da5461f37ca,/workspace/data/objaverse_xl/hf-objaverse-v1/glbs/000-063/45b49e0f812f4ab283140da5461f37ca.glb,sketchfab,glb,Creative Commons - Attribution,1fdabc8407a895227fc08c27f4aa30382f7e0977dff16b477774adaec47f9ef6
https://sketchfab.com/3d-models/1f7aed813e454970b716afed37bc415b,/workspace/data/objaverse_xl/hf-objaverse-v1/glbs/000-132/1f7aed813e454970b716afed37bc415b.glb,sketchfab,glb,Creative Commons - Attribution,c7f5a23325ec092cf61e3060d850ca744e9b9a5070a8a10d8db2dc352648ef00
https://sketchfab.com/3d-models/f7286c23c3524eee8fec631e18fe8a55,/workspace/data/objaverse_xl/hf-objaverse-v1/glbs/000-108/f7286c23c3524eee8fec631e18fe8a55.glb,sketchfab,glb,Creative Commons - Attribution,a4795cbce9129a327081275f23f228ff5e5ba5518505350cceade26dc41b2a6b
https://sketchfab.com/3d-models/36e0aefdd9774003ac57498d2b5f1e56,/workspace/data/objaverse_xl/hf-objaverse-v1/glbs/000-141/36e0aefdd9774003ac57498d2b5f1e56.glb,sketchfab,glb,Creative Commons - Attribution,cf3ad2eaee4676e5aa3146b304aa83418c29a1514031a20cff914a82d44845fb
https://sketchfab.com/3d-models/d53d4663ca7943c881a9a6d20cdc7e91,/workspace/data/objaverse_xl/hf-objaverse-v1/glbs/000-020/d53d4663ca7943c881a9a6d20cdc7e91.glb,sketchfab,glb,Creative Commons - Attribution,60dfaa683ff78a2dd7f3f04c33bb709c790a4fe42451a58cd33b19ff5fdf130b
https://sketchfab.com/3d-models/864d8b47cea2463cb65638337ec99e25,/workspace/data/objaverse_xl/hf-objaverse-v1/glbs/000-090/864d8b47cea2463cb65638337ec99e25.glb,sketchfab,glb,Creative Commons - Attribution,c4bad4187471ec40dcc04aadb2d9b7806cef3993b6bcb617a949199b804884e2
https://sketchfab.com/3d-models/dbd7ac16d05c4accb4b7eb9093ab04f9,/workspace/data/objaverse_xl/hf-objaverse-v1/glbs/000-022/dbd7ac16d05c4accb4b7eb9093ab04f9.glb,sketchfab,glb,Creative Commons - Attribution,e957275d8ae428e68556a59ca0cf76c25882791d07b0de12816e150c3f1d5abc
https://sketchfab.com/3d-models/32ca72d433204065a3e2bf73aa7ab8aa,/workspace/data/objaverse_xl/hf-objaverse-v1/glbs/000-070/32ca72d433204065a3e2bf73aa7ab8aa.glb,sketchfab,glb,Creative Commons - Attribution,56c95979568fe2c46ffe09e1169aa91963e17d7bb0a5f07fd57e4f192acbffe8
https://sketchfab.com/3d-models/dd78b5542f464bb98fa7211a1a51ebf3,/workspace/data/objaverse_xl/hf-objaverse-v1/glbs/000-124/dd78b5542f464bb98fa7211a1a51ebf3.glb,sketchfab,glb,Creative Commons - Attribution,97e84524475cbe5b178c0614bb8bca86299203f555c99a86c67ae36931908199
https://sketchfab.com/3d-models/ef137b1e3e9b43d2a6054c65e6d3f8e5,/workspace/data/objaverse_xl/hf-objaverse-v1/glbs/000-027/ef137b1e3e9b43d2a6054c65e6d3f8e5.glb,sketchfab,glb,Creative Commons - Attribution,13a5e47e0c5b347bd5e2a8ef3435ccb87dd76861b49acf534aeccd3d133a7947
https://sketchfab.com/3d-models/fc059d873c894691a7831a3b2965c942,/workspace/data/objaverse_xl/hf-objaverse-v1/glbs/000-156/fc059d873c894691a7831a3b2965c942.glb,sketchfab,glb,Creative Commons - Attribution,997b17323854362aa64191657235d5d3dc76e235ddf6e6069d00c268599101e0
https://sketchfab.com/3d-models/04342898e09c4b82a037b2830fd8ddd6,/workspace/data/objaverse_xl/hf-objaverse-v1/glbs/000-120/04342898e09c4b82a037b2830fd8ddd6.glb,sketchfab,glb,Creative Commons - Attribution,b85532724f340dc0b967c5022c00e9bda1cf707cbf329156b32a2c1417791fe3
https://sketchfab.com/3d-models/97eaff17044e4f42b1f58b9aa4fdb083,/workspace/data/objaverse_xl/hf-objaverse-v1/glbs/000-127/97eaff17044e4f42b1f58b9aa4fdb083.glb,sketchfab,glb,Creative Commons - Attribution,a6baac217b120bc70734b826af4a1280e5c0e2fb275e8bf60f43a14ac2fde0fb
https://sketchfab.com/3d-models/a38036d6b1fe470f9bd5b73a018ed1f7,/workspace/data/objaverse_xl/hf-objaverse-v1/glbs/000-142/a38036d6b1fe470f9bd5b73a018ed1f7.glb,sketchfab,glb,Creative Commons - Attribution - Non-Commercial - Share Alike,c54b93d6b1d78277d0d1a29433345716b21d9539d4a84065b595e0ad035cf70a
https://sketchfab.com/3d-models/bcf3a4e49ee14eeda2faca7c7455161d,/workspace/data/objaverse_xl/hf-objaverse-v1/glbs/000-111/bcf3a4e49ee14eeda2faca7c7455161d.glb,sketchfab,glb,Creative Commons - Attribution,c4e345c63efe903fc42dcc206f1e74fc62e2baabded8ffb44730e158ab9e6858
https://sketchfab.com/3d-models/5c316119e51d4cd2b98d79f29eab8326,/workspace/data/objaverse_xl/hf-objaverse-v1/glbs/000-000/5c316119e51d4cd2b98d79f29eab8326.glb,sketchfab,glb,Creative Commons - Attribution,26d7f2a659bb5708cb425845c75a7d315042d25df765d59754eec64486313569
https://sketchfab.com/3d-models/501a401493c04a409f073f6b9c3d7343,/workspace/data/objaverse_xl/hf-objaverse-v1/glbs/000-064/501a401493c04a409f073f6b9c3d7343.glb,sketchfab,glb,Creative Commons - Attribution - Non-Commercial - Share Alike,f383e67c0739c23ca18f4745d5029942f35ddc644549657ef703d878732b31be
https://sketchfab.com/3d-models/36f3e013a1644d039b9cb5d215a81b38,/workspace/data/objaverse_xl/hf-objaverse-v1/glbs/000-056/36f3e013a1644d039b9cb5d215a81b38.glb,sketchfab,glb,Creative Commons - Attribution,852f9c47aedb10257a98c1b489e2b023a9d739c81430414821b3799b3a970d49
https://sketchfab.com/3d-models/85646a2cdc63404dbb380d35143d5d45,/workspace/data/objaverse_xl/hf-objaverse-v1/glbs/000-020/85646a2cdc63404dbb380d35143d5d45.glb,sketchfab,glb,Creative Commons - Attribution,acd9235f91d4cd8d9d4b725aa4da22b75843be747263e312d94d2bbba30060f9
https://sketchfab.com/3d-models/2e14c7f700cf47c08481103b7a17e6de,/workspace/data/objaverse_xl/hf-objaverse-v1/glbs/000-110/2e14c7f700cf47c08481103b7a17e6de.glb,sketchfab,glb,Creative Commons - Attribution,1fbdcf16c40ce2361a6cd9bb153ee79a978b8f24a2396f7e9a0698fea63c27c4
https://sketchfab.com/3d-models/81b68d6553a0402087c8302ae1b94f66,/workspace/data/objaverse_xl/hf-objaverse-v1/glbs/000-026/81b68d6553a0402087c8302ae1b94f66.glb,sketchfab,glb,Creative Commons - Attribution,71b45763524712f3492520fdb85bccee7c50023e64dc326df3bbddbdc59f292b
https://sketchfab.com/3d-models/e89bf10fb2834845927f87f722fa4630,/workspace/data/objaverse_xl/hf-objaverse-v1/glbs/000-139/e89bf10fb2834845927f87f722fa4630.glb,sketchfab,glb,Creative Commons - Attribution,22d32168eb8ee1886d2b37f6381fbda0f94d57d6731a5076afb7e02cc3efc1f8
https://sketchfab.com/3d-models/35bc825b2db4492f85da2560d44748ab,/workspace/data/objaverse_xl/hf-objaverse-v1/glbs/000-159/35bc825b2db4492f85da2560d44748ab.glb,sketchfab,glb,Creative Commons - Attribution,d7da93401ed505cc60a34e09c0ac60ce024ff369a2d7c2469b4d01d06a7807f7
https://sketchfab.com/3d-models/9fceda333ddf44c4a7de2dc580ce68ca,/workspace/data/objaverse_xl/hf-objaverse-v1/glbs/000-064/9fceda333ddf44c4a7de2dc580ce68ca.glb,sketchfab,glb,Creative Commons - Attribution,23875a0101b2237a5a4f3cbf6f58bef8561cfe60436ce772f23464ee0ec8c59c
https://sketchfab.com/3d-models/2cb3cb4d73644817848dc8faa4713f19,/workspace/data/objaverse_xl/hf-objaverse-v1/glbs/000-155/2cb3cb4d73644817848dc8faa4713f19.glb,sketchfab,glb,Creative Commons - Attribution,9eb673d6e0293e6ec9b30a5bab219307815f52c82ce64c06edc7b40d45d17564
https://sketchfab.com/3d-models/eccfcfbb86c84b5094693bbe0d24c791,/workspace/data/objaverse_xl/hf-objaverse-v1/glbs/000-094/eccfcfbb86c84b5094693bbe0d24c791.glb,sketchfab,glb,Creative Commons - Attribution,15fe3f94dda007f7a964db50a1615b62ec45d6082a9fa1228ca131c4bd202816
https://sketchfab.com/3d-models/ad75b540e3b24ef8a7f803084b630c58,/workspace/data/objaverse_xl/hf-objaverse-v1/glbs/000-099/ad75b540e3b24ef8a7f803084b630c58.glb,sketchfab,glb,Creative Commons - Attribution,7a30f9cfa283937bcc318c42bb63d75fb7c36de5f5d5053e1d622f224364a331
https://sketchfab.com/3d-models/8ff44be6bbc24a44a73d57517cab9249,/workspace/data/objaverse_xl/hf-objaverse-v1/glbs/000-099/8ff44be6bbc24a44a73d57517cab9249.glb,sketchfab,glb,Creative Commons - Attribution,0e47849c11c80a34cc4859571e3ecece796548114b180a55954b39d1f5eea842
https://sketchfab.com/3d-models/e5c8a77b1e0440908adc3e5521e676a4,/workspace/data/objaverse_xl/hf-objaverse-v1/glbs/000-127/e5c8a77b1e0440908adc3e5521e676a4.glb,sketchfab,glb,Creative Commons - Attribution,9192861c5cfbd62b2aeeecd49c2ac8614555c8e3d1cd3203bef2fed30d5b8e6f
https://sketchfab.com/3d-models/686c71ef72f04b50aa522325651e3222,/workspace/data/objaverse_xl/hf-objaverse-v1/glbs/000-034/686c71ef72f04b50aa522325651e3222.glb,sketchfab,glb,Creative Commons - Attribution,5f92530cfd793c2b92f018003416a1af9a16ee39f7a1c0f1a0a1e7a316607aab
https://sketchfab.com/3d-models/2225b79b12794f748d7f106fe60d1710,/workspace/data/objaverse_xl/hf-objaverse-v1/glbs/000-069/2225b79b12794f748d7f106fe60d1710.glb,sketchfab,glb,Creative Commons - Attribution,97873afe4672e60701672e6a13089bdf2bd0e1261b98490dd6acc315a5c5c0c4
https://sketchfab.com/3d-models/ce4c291942bc476cb6c7e9f8b7d776f6,/workspace/data/objaverse_xl/hf-objaverse-v1/glbs/000-142/ce4c291942bc476cb6c7e9f8b7d776f6.glb,sketchfab,glb,Creative Commons - Attribution,977ec62be2b0efa0ca410b3c5a5e7428aba81255080fd5eb7e3c117b201a4352
https://sketchfab.com/3d-models/a1e9c0648b2d44c3b3b849ba258ae609,/workspace/data/objaverse_xl/hf-objaverse-v1/glbs/000-097/a1e9c0648b2d44c3b3b849ba258ae609.glb,sketchfab,glb,Creative Commons - Attribution,1767d18d0dbe01c0ffe74a85084fa8b4dbd59670402d11a4f4b477eae964dc7c
https://sketchfab.com/3d-models/b8e939f935e44f44bce00256bca3d673,/workspace/data/objaverse_xl/hf-objaverse-v1/glbs/000-037/b8e939f935e44f44bce00256bca3d673.glb,sketchfab,glb,Creative Commons - Attribution,4791ff44ddc69b2bced5eac45f266a8c4b4b1ca297e0f236c1a6b419b0e6737c
https://sketchfab.com/3d-models/5bbd0ce791744a06a1d77912123a07fa,/workspace/data/objaverse_xl/hf-objaverse-v1/glbs/000-127/5bbd0ce791744a06a1d77912123a07fa.glb,sketchfab,glb,Creative Commons - Attribution,96366710bbc753c79cf1bb13427dcdfd983c28c1b425241865953286db1317d8
https://sketchfab.com/3d-models/3b1d8c37c5c94054a0c0f0619cc7a148,/workspace/data/objaverse_xl/hf-objaverse-v1/glbs/000-098/3b1d8c37c5c94054a0c0f0619cc7a148.glb,sketchfab,glb,Creative Commons - Attribution,0af7677d851c7c77035d860c86cda1632702ae1f373bdcc16ec8ad4208ea6963
https://sketchfab.com/3d-models/c7832626b7a9420a8585dc248247db57,/workspace/data/objaverse_xl/hf-objaverse-v1/glbs/000-123/c7832626b7a9420a8585dc248247db57.glb,sketchfab,glb,Creative Commons - Attribution,93ced615f9c6bffca7aa4411e2473dc1964f6e4889fba305970b52232580b7ae
https://sketchfab.com/3d-models/9ba0a29ce9fa45f8bb1f28d22f274ede,/workspace/data/objaverse_xl/hf-objaverse-v1/glbs/000-106/9ba0a29ce9fa45f8bb1f28d22f274ede.glb,sketchfab,glb,Creative Commons - Attribution,f8be843b9e5366a7017121fd3d0a1576b510c095957877e63cf05dd08fc5bb2a
https://sketchfab.com/3d-models/6dbf4f2763514e028fd27bd7440d81de,/workspace/data/objaverse_xl/hf-objaverse-v1/glbs/000-108/6dbf4f2763514e028fd27bd7440d81de.glb,sketchfab,glb,Creative Commons - Attribution,e3a775abe4bf1be64ab9e1e9341af1d90d8d107733fa54ac1aec2cd8131781f7
https://sketchfab.com/3d-models/e535666a929840eb93b8fc9003ad3aec,/workspace/data/objaverse_xl/hf-objaverse-v1/glbs/000-048/e535666a929840eb93b8fc9003ad3aec.glb,sketchfab,glb,Creative Commons - Attribution,980bc73dc09cee145a1ea65ac30e145f0b9aee808238ae2f0832a6d1079aa5ee
https://sketchfab.com/3d-models/1a0610d2638c48108871bd2ced28ab21,/workspace/data/objaverse_xl/hf-objaverse-v1/glbs/000-058/1a0610d2638c48108871bd2ced28ab21.glb,sketchfab,glb,Creative Commons - Attribution,876cd16eab63b6620d3b6a8fdf4c7007473743bc6c25018d0ae879e8587771aa
https://sketchfab.com/3d-models/8fabd12452514f14bade74896dd4025a,/workspace/data/objaverse_xl/hf-objaverse-v1/glbs/000-070/8fabd12452514f14bade74896dd4025a.glb,sketchfab,glb,Creative Commons - Attribution,1179cd037694e899f4b1892ba8fbf1adc8191b5abe98f513c00c8bc69f7fd6b3
https://sketchfab.com/3d-models/e6f81ca10ce64049a31ff9fda6e365d0,/workspace/data/objaverse_xl/hf-objaverse-v1/glbs/000-027/e6f81ca10ce64049a31ff9fda6e365d0.glb,sketchfab,glb,Creative Commons - Attribution,b80a56f7eeff8cc58e0e1fa40eb6835c408c1bcd02a5d7be64d0214a890335bf
https://sketchfab.com/3d-models/518bced52be34ebc8f1bf64212c149c4,/workspace/data/objaverse_xl/hf-objaverse-v1/glbs/000-132/518bced52be34ebc8f1bf64212c149c4.glb,sketchfab,glb,Creative Commons - Attribution,899ae615c0bd9df73ce017529fe44a187a52dc45d06426a1fa501b64ee112377
https://sketchfab.com/3d-models/13034282b9144f8f9aaa8a9473366f2b,/workspace/data/objaverse_xl/hf-objaverse-v1/glbs/000-159/13034282b9144f8f9aaa8a9473366f2b.glb,sketchfab,glb,Creative Commons - Attribution,5dacc2f8bab7282b930ceb726b7a26f4cecea61412c0015fe00a9fd428d24446
https://sketchfab.com/3d-models/1c3475a922624e62b957db4caa556d67,/workspace/data/objaverse_xl/hf-objaverse-v1/glbs/000-143/1c3475a922624e62b957db4caa556d67.glb,sketchfab,glb,Creative Commons - Attribution,3dc19f8bd2200e232f1b619f079e56723108dbd7850a35ab8d1082c6e1e349ed
https://sketchfab.com/3d-models/632abbeda14d4274bd180f4a7d3f3e35,/workspace/data/objaverse_xl/hf-objaverse-v1/glbs/000-092/632abbeda14d4274bd180f4a7d3f3e35.glb,sketchfab,glb,Creative Commons - Attribution,bddf003fc4e326b3895909610229e2454d345abb23913e4582b896b5b7f8bb20
https://sketchfab.com/3d-models/6d884a29d95d4a3cac0f292d1239acf7,/workspace/data/objaverse_xl/hf-objaverse-v1/glbs/000-101/6d884a29d95d4a3cac0f292d1239acf7.glb,sketchfab,glb,Creative Commons - Attribution,2c4fd2498642eb6846ffb66f6503d6323ce2595c2a4b40bce84b2270f1cc71ca
https://sketchfab.com/3d-models/6aaa344a8d014225ad4cc4953ec3cfa8,/workspace/data/objaverse_xl/hf-objaverse-v1/glbs/000-079/6aaa344a8d014225ad4cc4953ec3cfa8.glb,sketchfab,glb,Creative Commons - Attribution,0fda1763104e10072176099b45897df71caf991834f22905b508feb7e81eb22a
https://sketchfab.com/3d-models/9590ca9bbe8444fab91b347fff0675bb,/workspace/data/objaverse_xl/hf-objaverse-v1/glbs/000-016/9590ca9bbe8444fab91b347fff0675bb.glb,sketchfab,glb,Creative Commons - Attribution,06c946fd8b1f34e491b9a48feb463d64980a94ab039d3ca63e2afc84e78289a7
https://sketchfab.com/3d-models/1ad7a04098614e03bec03c2672dd301f,/workspace/data/objaverse_xl/hf-objaverse-v1/glbs/000-107/1ad7a04098614e03bec03c2672dd301f.glb,sketchfab,glb,Creative Commons - Attribution - Non-Commercial,630e6f5356fa022949626591b7dd004c3086649ff8a20de1d33ab1ce4e8d8986
https://sketchfab.com/3d-models/b3a95cb8ca9e47e2aa49a667f5441c3a,/workspace/data/objaverse_xl/hf-objaverse-v1/glbs/000-019/b3a95cb8ca9e47e2aa49a667f5441c3a.glb,sketchfab,glb,Creative Commons - Attribution,84a383067b4d04d26036ae0b10d20382abea62c7480ed89fae42075bf51d17b3
https://sketchfab.com/3d-models/dbc45e0f057d46dd94c771511d952c47,/workspace/data/objaverse_xl/hf-objaverse-v1/glbs/000-055/dbc45e0f057d46dd94c771511d952c47.glb,sketchfab,glb,Creative Commons - Attribution,843a5ddf02e87ec6be6ad81d0a33018fe9e332947dbf4e61a399eb44def19b9c
https://sketchfab.com/3d-models/cabecb1172bb4941a98bf5b984ecf407,/workspace/data/objaverse_xl/hf-objaverse-v1/glbs/000-084/cabecb1172bb4941a98bf5b984ecf407.glb,sketchfab,glb,Creative Commons - Attribution,1b55ceff60433d6ef5c21e4074cd111a52a3443306418e9a7d0a088bfbeb402c
https://sketchfab.com/3d-models/44b802de041c487cb1da052984afe29f,/workspace/data/objaverse_xl/hf-objaverse-v1/glbs/000-137/44b802de041c487cb1da052984afe29f.glb,sketchfab,glb,Creative Commons - Attribution,434eccc7afcd1f6b0a81fb6f2d75e2f14308d840d1971c7636e104646339effb
https://sketchfab.com/3d-models/a998193b59e5467b9ff4797898224afa,/workspace/data/objaverse_xl/hf-objaverse-v1/glbs/000-048/a998193b59e5467b9ff4797898224afa.glb,sketchfab,glb,Creative Commons - Attribution,e527c2f1751a374b7ad686fee8565577410bbd977816670f1e522006cc7f1340
https://sketchfab.com/3d-models/4758817084774fcdaa1f37ee74397ca3,/workspace/data/objaverse_xl/hf-objaverse-v1/glbs/000-072/4758817084774fcdaa1f37ee74397ca3.glb,sketchfab,glb,Creative Commons - Attribution,ce833c3d62045de2483b581d1f0e98de797d0d679f87b9982151961f20fad072
https://sketchfab.com/3d-models/ed7f888cc1114364ad4fe5994c91f978,/workspace/data/objaverse_xl/hf-objaverse-v1/glbs/000-042/ed7f888cc1114364ad4fe5994c91f978.glb,sketchfab,glb,Creative Commons - Attribution,0b9e4f7943e6a7ceeb0ca41cd7cb9b4590198a62fc9a903e869f8f49c4caae92
https://sketchfab.com/3d-models/9f42a1d72ced4001b846734d91cbeb27,/workspace/data/objaverse_xl/hf-objaverse-v1/glbs/000-137/9f42a1d72ced4001b846734d91cbeb27.glb,sketchfab,glb,Creative Commons - Attribution,029a40a75f58378aaaab1f2aba7b8165a92d7a49bc8adb69abf20a6c9ace11af
https://sketchfab.com/3d-models/3eade0be0c5f41038fb71e62fb4ddf4c,/workspace/data/objaverse_xl/hf-objaverse-v1/glbs/000-063/3eade0be0c5f41038fb71e62fb4ddf4c.glb,sketchfab,glb,Creative Commons - Attribution,b2380f2637592946d5577a1746a2a34bf52a8216d1288916fdce5404adbc6c11
https://sketchfab.com/3d-models/ea30a8d9b45644ab9a00d7c850c759c4,/workspace/data/objaverse_xl/hf-objaverse-v1/glbs/000-114/ea30a8d9b45644ab9a00d7c850c759c4.glb,sketchfab,glb,Creative Commons - Attribution,209948a46eb08d6b4a843f68cabaa42d5af83d027b8052dc4653906fa87d82cd
https://sketchfab.com/3d-models/e53e6ae3b68047a3a63b5177499da8ad,/workspace/data/objaverse_xl/hf-objaverse-v1/glbs/000-032/e53e6ae3b68047a3a63b5177499da8ad.glb,sketchfab,glb,Creative Commons - Attribution,dd01109259d13a47dc62b7d0203f18a73616d52a7f96b93606b2b3eaa3a544dc
https://sketchfab.com/3d-models/083af94cfaf9466ab5ef405c4f2737e5,/workspace/data/objaverse_xl/hf-objaverse-v1/glbs/000-066/083af94cfaf9466ab5ef405c4f2737e5.glb,sketchfab,glb,Creative Commons - Attribution - Non-Commercial - Share Alike,07c51e47d52f308b60407c4471685c066aad17604dc05bcdac7abb958780b0ae
https://sketchfab.com/3d-models/68e16638bfc1404fb12d7e5acf9a7c71,/workspace/data/objaverse_xl/hf-objaverse-v1/glbs/000-111/68e16638bfc1404fb12d7e5acf9a7c71.glb,sketchfab,glb,Creative Commons - Attribution,47003ab5a1350e11c77872d0c4edb3d3b4f6d31fec81c498cb4b35676228077a
https://sketchfab.com/3d-models/a9725adb90074f1a83c1d313e41ed9c1,/workspace/data/objaverse_xl/hf-objaverse-v1/glbs/000-014/a9725adb90074f1a83c1d313e41ed9c1.glb,sketchfab,glb,Creative Commons - Attribution,320ddc8f2e3ea92c9f0f9ef7df8308a8a8e7dbee5b074bd944c33396996e09de
https://sketchfab.com/3d-models/0d06e19ae8e34ebd84abcc58fd632642,/workspace/data/objaverse_xl/hf-objaverse-v1/glbs/000-002/0d06e19ae8e34ebd84abcc58fd632642.glb,sketchfab,glb,Creative Commons - Attribution,3708c662cee08143c3744b1a646481a2000cdd2f36c17a0069869a366c6c8a97
https://sketchfab.com/3d-models/3e8882813f7342919eb174873b0ba2f3,/workspace/data/objaverse_xl/hf-objaverse-v1/glbs/000-017/3e8882813f7342919eb174873b0ba2f3.glb,sketchfab,glb,Creative Commons - Attribution,08a65c44946a547aa0258c8e7bb88950e43c6f866a98d658e3a74b994ff0a11f
https://sketchfab.com/3d-models/d3cfc74714a74262859cb78fb7e58fde,/workspace/data/objaverse_xl/hf-objaverse-v1/glbs/000-155/d3cfc74714a74262859cb78fb7e58fde.glb,sketchfab,glb,Creative Commons - Attribution,7037ed289ea4dfb45be21cca473654aa9c25b1755d29f00a4e6470a8c64831f6
https://sketchfab.com/3d-models/16f087ef9d2f4bdeb57ef8110e48c2e6,/workspace/data/objaverse_xl/hf-objaverse-v1/glbs/000-151/16f087ef9d2f4bdeb57ef8110e48c2e6.glb,sketchfab,glb,Creative Commons - Attribution,4aa4e6781f120a949a885f21a2dc16068b9a75c3d7bdfdc158ccdfad2f8d624b
https://sketchfab.com/3d-models/08e9f6ce8e1349fca275747c842a80e3,/workspace/data/objaverse_xl/hf-objaverse-v1/glbs/000-024/08e9f6ce8e1349fca275747c842a80e3.glb,sketchfab,glb,Creative Commons - Attribution,5331e95ba9bfeb39206cc5bb8cbc86d61fbd1f732113cfd94a763c29466ac19a
https://sketchfab.com/3d-models/f865bd988a4e402aa199c47df96d1943,/workspace/data/objaverse_xl/hf-objaverse-v1/glbs/000-115/f865bd988a4e402aa199c47df96d1943.glb,sketchfab,glb,Creative Commons - Attribution,ef6aabf59dcbddb858bcb824a9cc1a496c7c26aa5480e3cb52143c8f15428d70
https://sketchfab.com/3d-models/046d3ad0750a42c392c6b612be89ef25,/workspace/data/objaverse_xl/hf-objaverse-v1/glbs/000-020/046d3ad0750a42c392c6b612be89ef25.glb,sketchfab,glb,Creative Commons - Attribution,85fb189806609524fed8416f5d9e791f0940a4a62675f2be41bfe4242a1a76f8
https://sketchfab.com/3d-models/86370edec53242b7b3805ebaab2d36d6,/workspace/data/objaverse_xl/hf-objaverse-v1/glbs/000-005/86370edec53242b7b3805ebaab2d36d6.glb,sketchfab,glb,Creative Commons - Attribution,b32e60a80e393d856894fc05ef891b29977f962ca9ed0a229533fe39c701bcf3
https://sketchfab.com/3d-models/2f1c112f6ccb456fa633e9902056d488,/workspace/data/objaverse_xl/hf-objaverse-v1/glbs/000-048/2f1c112f6ccb456fa633e9902056d488.glb,sketchfab,glb,Creative Commons - Attribution,fac73c4126ab958ba1a76d706187411d490639ff6156487bc262f21e35872e37
https://sketchfab.com/3d-models/0a9a88c509ef47d49877122eb5e3d59b,/workspace/data/objaverse_xl/hf-objaverse-v1/glbs/000-114/0a9a88c509ef47d49877122eb5e3d59b.glb,sketchfab,glb,Creative Commons - Attribution,30f69fe7dae673f9b34b8c3a393a90e44eaaf216d2a8198c2c0d7bc62de7f0d7
https://sketchfab.com/3d-models/5ac49a8894d74daca8c27f93a089e480,/workspace/data/objaverse_xl/hf-objaverse-v1/glbs/000-107/5ac49a8894d74daca8c27f93a089e480.glb,sketchfab,glb,Creative Commons - Attribution,e810b08a81af2f100b44c76c0a61adf8771ab527e94493c63dd20db10ae173cf
https://sketchfab.com/3d-models/3324eb07f15b445096b92c7abe7182b0,/workspace/data/objaverse_xl/hf-objaverse-v1/glbs/000-043/3324eb07f15b445096b92c7abe7182b0.glb,sketchfab,glb,Creative Commons - Attribution,5eb2542eb44d49fb70286e7a9a445a7f48e90a8b6bb65d3c823f2f27835c93d6
https://sketchfab.com/3d-models/ad62a7c8378f44d5988707147ad588a7,/workspace/data/objaverse_xl/hf-objaverse-v1/glbs/000-061/ad62a7c8378f44d5988707147ad588a7.glb,sketchfab,glb,Creative Commons - Attribution,e31b4a3dcc9db02bc3d78ae399bc18a4ede773bdbef76fdc4a9b2c54fb7fbabc
https://sketchfab.com/3d-models/a3fbdab829b444dc908533313cc2b2af,/workspace/data/objaverse_xl/hf-objaverse-v1/glbs/000-099/a3fbdab829b444dc908533313cc2b2af.glb,sketchfab,glb,Creative Commons - Attribution,7da1da0fdca805622c9b615efbe9f58af1e0df11c2f49650a8698ec4b6de5b40
https://sketchfab.com/3d-models/4d63712dcf6648b19a57e01f0974999b,/workspace/data/objaverse_xl/hf-objaverse-v1/glbs/000-018/4d63712dcf6648b19a57e01f0974999b.glb,sketchfab,glb,Creative Commons - Attribution,708dca859ea44fb9a1176cb7831c63a540a20daec27db3283037e92121ef2337
https://sketchfab.com/3d-models/ab53fd317f73487bb1a19f3c7e30dd05,/workspace/data/objaverse_xl/hf-objaverse-v1/glbs/000-101/ab53fd317f73487bb1a19f3c7e30dd05.glb,sketchfab,glb,Creative Commons - Attribution,4e24ca05e5689a12a7da1d8140d96784262436c78f931c0dcb43307b5e5a5739
https://sketchfab.com/3d-models/4a09d9b9b8ff44b9ace7b23216286bdb,/workspace/data/objaverse_xl/hf-objaverse-v1/glbs/000-052/4a09d9b9b8ff44b9ace7b23216286bdb.glb,sketchfab,glb,Creative Commons - Attribution - Share Alike,7c721912ef38d5a6e8f4cfd56b12ccf1901c95049472b9c7966458e35cb584f4
https://sketchfab.com/3d-models/b4a26331ca0545adb4f5860e904db33f,/workspace/data/objaverse_xl/hf-objaverse-v1/glbs/000-047/b4a26331ca0545adb4f5860e904db33f.glb,sketchfab,glb,Creative Commons - Attribution,46d803df1cb5e97bee3ca7921f5dc83357fc66c8668ddcadfd2f7316700ca66c
https://sketchfab.com/3d-models/3466f8a1692f414e872250c700b351e7,/workspace/data/objaverse_xl/hf-objaverse-v1/glbs/000-058/3466f8a1692f414e872250c700b351e7.glb,sketchfab,glb,Creative Commons - Attribution,7cb84a92912de0f7af0eef15849940ffc041a49e1974205709df91da04173bbe
https://sketchfab.com/3d-models/5936cc86d1bf4443b87a0d9d3956c5cc,/workspace/data/objaverse_xl/hf-objaverse-v1/glbs/000-054/5936cc86d1bf4443b87a0d9d3956c5cc.glb,sketchfab,glb,Creative Commons - Attribution,d00b0ed51e15f3d8664b2496c80e1391c76cd084a3b520d4647b3cedd79d3983
https://sketchfab.com/3d-models/715ded68b5cb4bdb9ddfc52df1a0ba67,/workspace/data/objaverse_xl/hf-objaverse-v1/glbs/000-004/715ded68b5cb4bdb9ddfc52df1a0ba67.glb,sketchfab,glb,Creative Commons - Attribution,bc7cdcb7b9e4e20890a1dfd9706bd8d83c3c1d3ac5531ec250d1990daeaa4771
https://sketchfab.com/3d-models/5308ebd7b1364195a7fcba993189a69f,/workspace/data/objaverse_xl/hf-objaverse-v1/glbs/000-092/5308ebd7b1364195a7fcba993189a69f.glb,sketchfab,glb,Creative Commons - Attribution,b797492f1a2d612c3a66795ec7f4cb03c2b77759a8db35b92543b4590e30e2ea
https://sketchfab.com/3d-models/3ade75f2aaaa474ea7ef96f9622a5d2b,/workspace/data/objaverse_xl/hf-objaverse-v1/glbs/000-068/3ade75f2aaaa474ea7ef96f9622a5d2b.glb,sketchfab,glb,Creative Commons - Attribution,c8a7cc9b160d9c210be509aa39e2ef863a682c0dd38940e6403df2ca0f38c4ca
https://sketchfab.com/3d-models/e3641db036394e9dbbf3f1aa2321b942,/workspace/data/objaverse_xl/hf-objaverse-v1/glbs/000-039/e3641db036394e9dbbf3f1aa2321b942.glb,sketchfab,glb,Creative Commons - Attribution - Non-Commercial,473ca120ceda0ea116dc46f227fe42fca9276cb872ea9ab48688b95aca8433b3
https://sketchfab.com/3d-models/429446f0fe6d463a89aa2af1b96c1f79,/workspace/data/objaverse_xl/hf-objaverse-v1/glbs/000-041/429446f0fe6d463a89aa2af1b96c1f79.glb,sketchfab,glb,Creative Commons - Attribution,bf0f1b39e0844a44dd9fce99a74d0c9026c47e4968d29d6d0eb212a8c50ebcba
https://sketchfab.com/3d-models/36b67a5da8a94a84afd65cffe872050b,/workspace/data/objaverse_xl/hf-objaverse-v1/glbs/000-048/36b67a5da8a94a84afd65cffe872050b.glb,sketchfab,glb,Creative Commons - Attribution,7e2d6cad572867af561d1c619f43b5775f2c7f1cf77144d2374c21de0867fb9f
https://sketchfab.com/3d-models/b7ecc8cc78ae48dfaf10441dcc304cd2,/workspace/data/objaverse_xl/hf-objaverse-v1/glbs/000-067/b7ecc8cc78ae48dfaf10441dcc304cd2.glb,sketchfab,glb,Creative Commons - Attribution,fe6cefeff0b862ddcca80e59f4b102e0bc7777aaf6678ada196fb5a678b81b6b
https://sketchfab.com/3d-models/ffacc6e148d346b492da2a85fc23d144,/workspace/data/objaverse_xl/hf-objaverse-v1/glbs/000-034/ffacc6e148d346b492da2a85fc23d144.glb,sketchfab,glb,Creative Commons - Attribution,ec7fd284aee9059afc604941cb2b5d164c41aa26aafbcefdb21973f5fd7c72d8
https://sketchfab.com/3d-models/6373aacc21bc4bd9abcc9830b88a9d7d,/workspace/data/objaverse_xl/hf-objaverse-v1/glbs/000-103/6373aacc21bc4bd9abcc9830b88a9d7d.glb,sketchfab,glb,Creative Commons - Attribution,621c605f76dd0f9651932e3ee1b6a4fa0974bd4d8eff91c2e6dfb18abeb9be37
https://sketchfab.com/3d-models/a02d0c95772b48ceb8046373dd705770,/workspace/data/objaverse_xl/hf-objaverse-v1/glbs/000-101/a02d0c95772b48ceb8046373dd705770.glb,sketchfab,glb,Creative Commons - Attribution,a949baebe31865255d2b57133b723eb861806f8fb99cfb92fdbf539f29a5cb2c
https://sketchfab.com/3d-models/fd77f444820c4173b30e6926476881b7,/workspace/data/objaverse_xl/hf-objaverse-v1/glbs/000-064/fd77f444820c4173b30e6926476881b7.glb,sketchfab,glb,Creative Commons - Attribution,4a03d2187e99074dad8337b55bc60229d5c73a97b6aa7b01cafde9970a0d58f4
https://sketchfab.com/3d-models/1577bb16ccbc44e59abe9b95f1e13601,/workspace/data/objaverse_xl/hf-objaverse-v1/glbs/000-018/1577bb16ccbc44e59abe9b95f1e13601.glb,sketchfab,glb,Creative Commons - Attribution,fbaddc604cea1cf6726134b896149231f3052e014acfd733132e660792d244f8
https://sketchfab.com/3d-models/31a8434d4650434a9682204a5ff5c383,/workspace/data/objaverse_xl/hf-objaverse-v1/glbs/000-056/31a8434d4650434a9682204a5ff5c383.glb,sketchfab,glb,Creative Commons - Attribution,a397b5d5b5d04573bca629d85ea81e37d4af2305e7832f4f47b583755f67b473
https://sketchfab.com/3d-models/d595b87c10d8405c96920dccbae45b17,/workspace/data/objaverse_xl/hf-objaverse-v1/glbs/000-002/d595b87c10d8405c96920dccbae45b17.glb,sketchfab,glb,Creative Commons - Attribution,eafbf22a3c97f46f7110432d13052f68985e18670205d395612899a2051be37b
https://sketchfab.com/3d-models/cd010cb4fb8e4364bb074b9325cb2fa2,/workspace/data/objaverse_xl/hf-objaverse-v1/glbs/000-028/cd010cb4fb8e4364bb074b9325cb2fa2.glb,sketchfab,glb,Creative Commons - Attribution,8c60dce96b31328436c5743d4a526c87ea04f61f92f37861c2701a60f3136025
https://sketchfab.com/3d-models/ca6df241759a4a92b8df3dec7a923030,/workspace/data/objaverse_xl/hf-objaverse-v1/glbs/000-025/ca6df241759a4a92b8df3dec7a923030.glb,sketchfab,glb,Creative Commons - Attribution,ca0e7dd579398b7973384d419a19beb23c5f450d17b15987ca4f2095e12abb51
https://sketchfab.com/3d-models/4c99ca497b38464099e648d69a01b56b,/workspace/data/objaverse_xl/hf-objaverse-v1/glbs/000-031/4c99ca497b38464099e648d69a01b56b.glb,sketchfab,glb,Creative Commons - Attribution,c5c12d73281178c3a33127d2f06991c30155649ff04c40c63d13a6c5f48a0658
https://sketchfab.com/3d-models/0e9499f17c21428980e4bb2ff695803f,/workspace/data/objaverse_xl/hf-objaverse-v1/glbs/000-078/0e9499f17c21428980e4bb2ff695803f.glb,sketchfab,glb,Creative Commons - Attribution - Non-Commercial - Share Alike,82e4e0083aeab0dc484887c42b6a2b269bee43aea4c4a24037901ca47c160f40
https://sketchfab.com/3d-models/1ad12121f371444cb82961c9b5ad868c,/workspace/data/objaverse_xl/hf-objaverse-v1/glbs/000-019/1ad12121f371444cb82961c9b5ad868c.glb,sketchfab,glb,Creative Commons - Attribution - Share Alike,0a2ee6fd408522264a53ed89d8b00d02ddd5eaba7e81c4306e5f5eaded4ee25b
https://sketchfab.com/3d-models/e1abd053141b498eabac7a35504fabf4,/workspace/data/objaverse_xl/hf-objaverse-v1/glbs/000-082/e1abd053141b498eabac7a35504fabf4.glb,sketchfab,glb,Creative Commons - Attribution,9ff090c5d486017afa5c93ebbb586dffc3377ecde66f7bafb26a9a7f04e00c7b
https://sketchfab.com/3d-models/f35e8f23daad4a7fafd4e24c892aab03,/workspace/data/objaverse_xl/hf-objaverse-v1/glbs/000-117/f35e8f23daad4a7fafd4e24c892aab03.glb,sketchfab,glb,Creative Commons - Attribution,c828ea0ccf3bd45f6b7dfa9d6a98e3be497005b98bf2eeed64a8eaa4c499ee15
https://sketchfab.com/3d-models/7badaa740d874b23970dfecd46359834,/workspace/data/objaverse_xl/hf-objaverse-v1/glbs/000-074/7badaa740d874b23970dfecd46359834.glb,sketchfab,glb,Creative Commons - Attribution,f2232b2f0dc0a4f40470bf2f034fe7b0f3bb209ad7846892936d683aa2687011
https://sketchfab.com/3d-models/492abad65cbd454e8cbef3639bd207a5,/workspace/data/objaverse_xl/hf-objaverse-v1/glbs/000-126/492abad65cbd454e8cbef3639bd207a5.glb,sketchfab,glb,Creative Commons - Attribution,aae90bd6b5aabff147d1cfbf150dfe4b68cfc5c9cd09b8ddbcd0d7bf21e72058
https://sketchfab.com/3d-models/1b4674817c354b37a1bac6a3f22b97c2,/workspace/data/objaverse_xl/hf-objaverse-v1/glbs/000-124/1b4674817c354b37a1bac6a3f22b97c2.glb,sketchfab,glb,Creative Commons - Attribution,8a9d28a5aeae0dc78253e48f004ac9df565bc7081f4280713dc301fad5afa8a6
https://sketchfab.com/3d-models/1a064b7efec14dbbbf420affccbcc08e,/workspace/data/objaverse_xl/hf-objaverse-v1/glbs/000-085/1a064b7efec14dbbbf420affccbcc08e.glb,sketchfab,glb,Creative Commons - Attribution,f94f0cc6cfa8ed7cf145b57a22dd1a3cd05089d1c9fec0b47f32562beac9146b
https://sketchfab.com/3d-models/7b02f2f3bb30490d8a6ec4d0353df35d,/workspace/data/objaverse_xl/hf-objaverse-v1/glbs/000-089/7b02f2f3bb30490d8a6ec4d0353df35d.glb,sketchfab,glb,Creative Commons - Attribution,28307e5fa9606b8fa8c1dc2331642728cde9e47a2a543ffc9c587b38481daa94
https://sketchfab.com/3d-models/6d6896323de74187b1f1627b78bea200,/workspace/data/objaverse_xl/hf-objaverse-v1/glbs/000-155/6d6896323de74187b1f1627b78bea200.glb,sketchfab,glb,Creative Commons - Attribution,1f0ed07092f91ea0ca9d9da4b1aac7d6934ec51988b8fd94c90c77961707710d
https://sketchfab.com/3d-models/44bef3f629a14fb2b337844be03665f0,/workspace/data/objaverse_xl/hf-objaverse-v1/glbs/000-082/44bef3f629a14fb2b337844be03665f0.glb,sketchfab,glb,Creative Commons - Attribution,46a4e136fd394468172137541b86a387fdec73c5a2d4679f81d6547975ec47cd
https://sketchfab.com/3d-models/9155824965ac4cb8819e3d2212903c1e,/workspace/data/objaverse_xl/hf-objaverse-v1/glbs/000-137/9155824965ac4cb8819e3d2212903c1e.glb,sketchfab,glb,Creative Commons - Attribution,cd95f7f3cd075de177b1dcce87a5c2d07ceea3b7d7d285720f393455e9c17226
https://sketchfab.com/3d-models/3d1cfe7961d1486bbe245c927d9804bd,/workspace/data/objaverse_xl/hf-objaverse-v1/glbs/000-024/3d1cfe7961d1486bbe245c927d9804bd.glb,sketchfab,glb,Creative Commons - Attribution,81a5a024b17436c98b06fc3eda9f721ac9ec804a01aed5b342b510e7d8eedc28
https://sketchfab.com/3d-models/959a020d131f4f28ac3be19c7ae0ef2a,/workspace/data/objaverse_xl/hf-objaverse-v1/glbs/000-107/959a020d131f4f28ac3be19c7ae0ef2a.glb,sketchfab,glb,Creative Commons - Attribution,184d6db31d14361b3875bea2d9ac6cd405b937dfb061f8e86545e4d1799e1b17
https://sketchfab.com/3d-models/08771a1077b446b79f3c2634829b6296,/workspace/data/objaverse_xl/hf-objaverse-v1/glbs/000-045/08771a1077b446b79f3c2634829b6296.glb,sketchfab,glb,Creative Commons - Attribution,8153c2a892f6d9128e9b2cc32d1ae7c90da933ca63ca43b58e55a1ad2028c317
https://sketchfab.com/3d-models/19709c0918394a68bdeea12722dcb091,/workspace/data/objaverse_xl/hf-objaverse-v1/glbs/000-064/19709c0918394a68bdeea12722dcb091.glb,sketchfab,glb,Creative Commons - Attribution,382b9ac3d499d9b2cf2a365aa8cf94d787e765d7e4eb05b38191d4d3cf3ada49
https://sketchfab.com/3d-models/ee2316e26c3a426b8b7e101b61eb995f,/workspace/data/objaverse_xl/hf-objaverse-v1/glbs/000-045/ee2316e26c3a426b8b7e101b61eb995f.glb,sketchfab,glb,Creative Commons - Attribution,70b23e37071c27ab889711070ac97e51791f15abfaf64ed75749f6444992436f
https://sketchfab.com/3d-models/c8d8042389544dc79f73228ed6df0605,/workspace/data/objaverse_xl/hf-objaverse-v1/glbs/000-003/c8d8042389544dc79f73228ed6df0605.glb,sketchfab,glb,Creative Commons - Attribution,984e387f9ba5b9618a3503d5ef292f1d94c4d04251c3b49983ba1a49a0e88bf1
https://sketchfab.com/3d-models/b0cb5cd2fdca4bd5bdf96dd5c0cc13b5,/workspace/data/objaverse_xl/hf-objaverse-v1/glbs/000-144/b0cb5cd2fdca4bd5bdf96dd5c0cc13b5.glb,sketchfab,glb,Creative Commons - Attribution,cafe646bbea8f1e835c6be1ab2a9be6f092a7edebf936a2fa978387646a585b2
https://sketchfab.com/3d-models/1656b5f1b55a4f708329a3323727317d,/workspace/data/objaverse_xl/hf-objaverse-v1/glbs/000-115/1656b5f1b55a4f708329a3323727317d.glb,sketchfab,glb,Creative Commons - Attribution,f3847e47ba7f1e05770f20b5700731b82b021b74d7a415ae327802ab994db7da
https://sketchfab.com/3d-models/9be26ea1d5624a848e8ea773d347cb4c,/workspace/data/objaverse_xl/hf-objaverse-v1/glbs/000-104/9be26ea1d5624a848e8ea773d347cb4c.glb,sketchfab,glb,Creative Commons - Attribution,748375cf02574fadecf65ccd21058efe6bc881094c9c04e8eee38dabde88e1de
https://sketchfab.com/3d-models/bf8c4f9ba75844ed96e53ce3da018cc8,/workspace/data/objaverse_xl/hf-objaverse-v1/glbs/000-130/bf8c4f9ba75844ed96e53ce3da018cc8.glb,sketchfab,glb,Creative Commons - Attribution,2555ba0683d8d68be7d41882fea33e8c683ae8e1b5f1f20ba5b8b9e0dd130341
https://sketchfab.com/3d-models/088828cecd57457a8c678c7b48406f5a,/workspace/data/objaverse_xl/hf-objaverse-v1/glbs/000-104/088828cecd57457a8c678c7b48406f5a.glb,sketchfab,glb,Creative Commons - Attribution - Non-Commercial - Share Alike,cfc39645e026e06e50e64392a809eed1463fe9c90ece8c2f206175fec75f6945
https://sketchfab.com/3d-models/14a316ea715043b1a5f4dc4f59c2f0ef,/workspace/data/objaverse_xl/hf-objaverse-v1/glbs/000-091/14a316ea715043b1a5f4dc4f59c2f0ef.glb,sketchfab,glb,Creative Commons - Attribution,a271780ba9cc34457f85455904d1034873008fec879d8a58ccb41081d6afbe05
https://sketchfab.com/3d-models/27ab6d7fd01e4d99aa1abeec462c18e0,/workspace/data/objaverse_xl/hf-objaverse-v1/glbs/000-040/27ab6d7fd01e4d99aa1abeec462c18e0.glb,sketchfab,glb,Creative Commons - Attribution,b22a6eebbaee36fc743fac74510bd8c18b2276011fc440b3a6f559b14ee0fc4f
https://sketchfab.com/3d-models/2f716f19c0ff4be1b9509b33a863bf8f,/workspace/data/objaverse_xl/hf-objaverse-v1/glbs/000-073/2f716f19c0ff4be1b9509b33a863bf8f.glb,sketchfab,glb,Creative Commons - Attribution,b4a2d6ada9ae329577ecfadbb0f19edc05bd909e05d84b9003a17c9f416c1078
https://sketchfab.com/3d-models/e9e6ef6531fe4e9ab8a16357e020c3c4,/workspace/data/objaverse_xl/hf-objaverse-v1/glbs/000-078/e9e6ef6531fe4e9ab8a16357e020c3c4.glb,sketchfab,glb,Creative Commons - Attribution,93697049bb665e074cb6d6854a089ffc191f64038ee5b5d721990682896999ae
https://sketchfab.com/3d-models/5559545f39684610a3dab97c821040f1,/workspace/data/objaverse_xl/hf-objaverse-v1/glbs/000-052/5559545f39684610a3dab97c821040f1.glb,sketchfab,glb,Creative Commons - Attribution,bc980e23bf8cf820ded4a28d97e8afdbd5d31a99b204ac3c563e81542450f76d
https://sketchfab.com/3d-models/35b40b26353e4ca0a1ef62f5957ea02e,/workspace/data/objaverse_xl/hf-objaverse-v1/glbs/000-075/35b40b26353e4ca0a1ef62f5957ea02e.glb,sketchfab,glb,Creative Commons - Attribution,a614c80c73c94430308aa289c378ce952c8cf3a9c5e583e29e63cadbfb735333
https://sketchfab.com/3d-models/c3e93ccf0cca41a787ba582e16568210,/workspace/data/objaverse_xl/hf-objaverse-v1/glbs/000-005/c3e93ccf0cca41a787ba582e16568210.glb,sketchfab,glb,Creative Commons - Attribution,7ac86c22688aa1b3196a92fdf2f9ca8f9fab3b10fb0f498f07a954025b94ffc2
https://sketchfab.com/3d-models/ecd7c9cfcdaa4d639230716a4ea01917,/workspace/data/objaverse_xl/hf-objaverse-v1/glbs/000-090/ecd7c9cfcdaa4d639230716a4ea01917.glb,sketchfab,glb,Creative Commons - Attribution,e189b3f5eabf5f0b208252635814f6367efa8edc344014f04d935fa4bfed98ad
https://sketchfab.com/3d-models/617367b06c9d438d81c6a883df9c4014,/workspace/data/objaverse_xl/hf-objaverse-v1/glbs/000-149/617367b06c9d438d81c6a883df9c4014.glb,sketchfab,glb,Creative Commons - Attribution,2fdfc9d0dfe5801a2ed09945606171fe52a8f3cdc627b69b9caf4219a06ff8c1
https://sketchfab.com/3d-models/9710d76ec38245ef9e773e86c665b4be,/workspace/data/objaverse_xl/hf-objaverse-v1/glbs/000-089/9710d76ec38245ef9e773e86c665b4be.glb,sketchfab,glb,Creative Commons - Attribution,0ca9805f8f98bcc26263523b8a067302c93a4ece3bdac539c9476745946b345e
https://sketchfab.com/3d-models/dd8c47717cb5414c9b40a7a50cbbdad4,/workspace/data/objaverse_xl/hf-objaverse-v1/glbs/000-086/dd8c47717cb5414c9b40a7a50cbbdad4.glb,sketchfab,glb,Creative Commons - Attribution - Share Alike,3608de9ef43ae7db96d464c6a9db7ecb07273c2ff8ab5fd988240cb4153a5c51
https://sketchfab.com/3d-models/add5eb729c3246e295a0d1d7af757329,/workspace/data/objaverse_xl/hf-objaverse-v1/glbs/000-083/add5eb729c3246e295a0d1d7af757329.glb,sketchfab,glb,Creative Commons - Attribution,98263873db9aef01552f8e2ef8eb37868b580034e5649df278af084765feaf2c
https://sketchfab.com/3d-models/588c217bce984bb8b82ef64584a358e4,/workspace/data/objaverse_xl/hf-objaverse-v1/glbs/000-042/588c217bce984bb8b82ef64584a358e4.glb,sketchfab,glb,Creative Commons - Attribution - Share Alike,bdd930f71928b2567101f479e8ed4e233bbdbd1f400babee2355b1507ec8ff0d
https://sketchfab.com/3d-models/e01dd97902d84b7497374b179aefd094,/workspace/data/objaverse_xl/hf-objaverse-v1/glbs/000-004/e01dd97902d84b7497374b179aefd094.glb,sketchfab,glb,Creative Commons - Attribution,a8be14b0c49c3c483a4e93cce0109edbdf0b9ca46dc9993bdbd06fb893ad2a3f
https://sketchfab.com/3d-models/69251a4d6b30461597f859fd6616e7e8,/workspace/data/objaverse_xl/hf-objaverse-v1/glbs/000-064/69251a4d6b30461597f859fd6616e7e8.glb,sketchfab,glb,Creative Commons - Attribution,86fbf79739b37cf9acf5cab1d34a9948a37a4b9cf1ce6f5a9f1246f7d5fdce6f
https://sketchfab.com/3d-models/43b086dfaed343e1ba5b23416c260325,/workspace/data/objaverse_xl/hf-objaverse-v1/glbs/000-091/43b086dfaed343e1ba5b23416c260325.glb,sketchfab,glb,Creative Commons - Attribution,d10481ffa85df7c4aa8b09166f45442f44340498d5b5668a325fac87bc331a5c
https://sketchfab.com/3d-models/2131cc78d057449f9781aceefd84b628,/workspace/data/objaverse_xl/hf-objaverse-v1/glbs/000-142/2131cc78d057449f9781aceefd84b628.glb,sketchfab,glb,Creative Commons - Attribution,4d178ed524ea92e1fe680343637e8b702fe17bbd6577be73d58026957bc7e793
https://sketchfab.com/3d-models/2f1ce8444a0b45f3a011de795d319d26,/workspace/data/objaverse_xl/hf-objaverse-v1/glbs/000-140/2f1ce8444a0b45f3a011de795d319d26.glb,sketchfab,glb,Creative Commons - Attribution,a9c680c4a51511e934b3a23770e9447c728094151defff736759a58e774c92d0
https://sketchfab.com/3d-models/51ed6bc6a3be42dc8ff50ec9a425a142,/workspace/data/objaverse_xl/hf-objaverse-v1/glbs/000-120/51ed6bc6a3be42dc8ff50ec9a425a142.glb,sketchfab,glb,Creative Commons - Attribution,e1a554c1416accbc381b1a92685291c8c8bf7143ab04acae10e7d98a14d75cf8
https://sketchfab.com/3d-models/6570b22ebd5f46789c797d6af0a720d4,/workspace/data/objaverse_xl/hf-objaverse-v1/glbs/000-113/6570b22ebd5f46789c797d6af0a720d4.glb,sketchfab,glb,Creative Commons - Attribution,3fe33d723279c5297991dc5e5b443e5e4ab92bb9f75e62a25a513540cef7d45e
https://sketchfab.com/3d-models/c667b570c6064415a18fabe0aa79dd8c,/workspace/data/objaverse_xl/hf-objaverse-v1/glbs/000-051/c667b570c6064415a18fabe0aa79dd8c.glb,sketchfab,glb,Creative Commons - Attribution,7cb683e882fb73c2ed1c44faa561b087e1ccfc81c03a20106b0c151e2afd908c
https://sketchfab.com/3d-models/48d5da44562648a8a3b4559e4f3e7e30,/workspace/data/objaverse_xl/hf-objaverse-v1/glbs/000-036/48d5da44562648a8a3b4559e4f3e7e30.glb,sketchfab,glb,Creative Commons - Attribution,6a9706edc0d0ad1bb3281c8c28e4fe87c9418a70bc1d02d30730cedc27ada4be
https://sketchfab.com/3d-models/0ed314b2267f4c0db7c8ae798b98e292,/workspace/data/objaverse_xl/hf-objaverse-v1/glbs/000-106/0ed314b2267f4c0db7c8ae798b98e292.glb,sketchfab,glb,Creative Commons - Attribution,9f5473413b60e032510846f0c1caf59ca3d28865e9d30c3ee97d225e778c5534
https://sketchfab.com/3d-models/e3b7b6cc2fe24ecb87be64797db5eccb,/workspace/data/objaverse_xl/hf-objaverse-v1/glbs/000-027/e3b7b6cc2fe24ecb87be64797db5eccb.glb,sketchfab,glb,Creative Commons - Attribution - Non-Commercial,2d4a574e06cc4dae5ff2427ee3808ea7a61c83daa26836938b408be9dad60d19
https://sketchfab.com/3d-models/f7f4f4848f17461fabc1ba6357f3aa20,/workspace/data/objaverse_xl/hf-objaverse-v1/glbs/000-049/f7f4f4848f17461fabc1ba6357f3aa20.glb,sketchfab,glb,Creative Commons - Attribution,bafab6e0b6c1b253caf7f583dd758b183655ec8004e3ffd8d6dffc767fd5b89d
https://sketchfab.com/3d-models/986802da12364b7a92dfdb53e91ba6c2,/workspace/data/objaverse_xl/hf-objaverse-v1/glbs/000-089/986802da12364b7a92dfdb53e91ba6c2.glb,sketchfab,glb,Creative Commons - Attribution,b52358c66b7fca6f8912fac47c40e4f2a3d0d0b0e187deff2b497b7a58f4d411
https://sketchfab.com/3d-models/cb361a735e764178b68591f789998818,/workspace/data/objaverse_xl/hf-objaverse-v1/glbs/000-040/cb361a735e764178b68591f789998818.glb,sketchfab,glb,Creative Commons - Attribution,5b47ce27f6699394b4cb1a53c2190b5fdb0fa1e9aa4c448edd51a297083a1129
https://sketchfab.com/3d-models/5ed362f16c474c1b98e96de0e51c93e6,/workspace/data/objaverse_xl/hf-objaverse-v1/glbs/000-028/5ed362f16c474c1b98e96de0e51c93e6.glb,sketchfab,glb,Creative Commons - Attribution,603f3d8e07cbd91f21ae77fd20fc43310f7da3b6e9b486d9fe8e9c282ff30d27
https://sketchfab.com/3d-models/6536bff3212642b1815d977efed3c86d,/workspace/data/objaverse_xl/hf-objaverse-v1/glbs/000-060/6536bff3212642b1815d977efed3c86d.glb,sketchfab,glb,Creative Commons - Attribution,a128c652700132140cd3cfbaa52f14f786c2a206cef4a4ba8017c96e80cf033d
https://sketchfab.com/3d-models/b6452e7e86fc4270b7ef471329a640eb,/workspace/data/objaverse_xl/hf-objaverse-v1/glbs/000-012/b6452e7e86fc4270b7ef471329a640eb.glb,sketchfab,glb,Creative Commons - Attribution,0ffdee889d8e66fa568449825fb01fa68dda41d81889c24d90eb2e914cdd7d20
https://sketchfab.com/3d-models/af20f67a89a64208a5fbc01eecdd3001,/workspace/data/objaverse_xl/hf-objaverse-v1/glbs/000-011/af20f67a89a64208a5fbc01eecdd3001.glb,sketchfab,glb,Creative Commons - Attribution,ff0615b408be33db148aebdf63912adcd3cd98dc2ea255252f679f9faaffc0b1
https://sketchfab.com/3d-models/a52808e1f3cb4c1aab12405c37e6f23c,/workspace/data/objaverse_xl/hf-objaverse-v1/glbs/000-082/a52808e1f3cb4c1aab12405c37e6f23c.glb,sketchfab,glb,Creative Commons - Attribution,5976d6bcf7ebb774d9dde412f4d2859064238253f6f827d4857f6b88eccd2bdc
https://sketchfab.com/3d-models/d0778c87c0264451ae7eee98c2bc2be8,/workspace/data/objaverse_xl/hf-objaverse-v1/glbs/000-115/d0778c87c0264451ae7eee98c2bc2be8.glb,sketchfab,glb,Creative Commons - Attribution,32e8dc30ed3d188ae350faf98df8082ff1de25702d44688c1b6b25d70bf74c21
https://sketchfab.com/3d-models/5028f6f19d75433c9091a89b72fa66e8,/workspace/data/objaverse_xl/hf-objaverse-v1/glbs/000-080/5028f6f19d75433c9091a89b72fa66e8.glb,sketchfab,glb,Creative Commons - Attribution,02e35526dad183f6566edab348c33bd29d30639d75a42f0302ca125920ccd110
https://sketchfab.com/3d-models/34df2f8ed156454e8657a28f1bb875c9,/workspace/data/objaverse_xl/hf-objaverse-v1/glbs/000-005/34df2f8ed156454e8657a28f1bb875c9.glb,sketchfab,glb,Creative Commons - Attribution,5bb6e64d6b7534d5e7b8c1a3f92c53d963a593ce3757d6be9e9a4b1f57ccd5b9
https://sketchfab.com/3d-models/1f0730859e3341aaa5f493d188b3fa59,/workspace/data/objaverse_xl/hf-objaverse-v1/glbs/000-023/1f0730859e3341aaa5f493d188b3fa59.glb,sketchfab,glb,Creative Commons - Attribution,97c5d406a53ada18afad643c214cb7697129a5b24ad013fdf1cd56e3cc43793b
https://sketchfab.com/3d-models/ac9de608431f4e3c956b46163677e991,/workspace/data/objaverse_xl/hf-objaverse-v1/glbs/000-062/ac9de608431f4e3c956b46163677e991.glb,sketchfab,glb,Creative Commons - Attribution,851c20f5e0754ef8ddee8c813e084160329b8be25a1fa3efd75a260e1f171306
https://sketchfab.com/3d-models/00162f93ecb040ffb0ed910b40ac7e44,/workspace/data/objaverse_xl/hf-objaverse-v1/glbs/000-085/00162f93ecb040ffb0ed910b40ac7e44.glb,sketchfab,glb,Creative Commons - Attribution,e4a525d38777f27acb694846a7aed84297cfd9a73244de8be14eeb01ae126122
https://sketchfab.com/3d-models/4eb687a650d94d82bc6653022ede062a,/workspace/data/objaverse_xl/hf-objaverse-v1/glbs/000-158/4eb687a650d94d82bc6653022ede062a.glb,sketchfab,glb,Creative Commons - Attribution,be399299d755b8d5876acf276ed902c7f8034d8a25e0aa6504c25c6b84c2e6ec
https://sketchfab.com/3d-models/bd9ee50568d649d5bf0cf711d0d9605a,/workspace/data/objaverse_xl/hf-objaverse-v1/glbs/000-104/bd9ee50568d649d5bf0cf711d0d9605a.glb,sketchfab,glb,Creative Commons - Attribution,a4999e7474e1fac70231b3f046d490e98811749eae7f7f0ee51844f06c59872d
https://sketchfab.com/3d-models/da4776715ae1479186bc48f5d30d2e27,/workspace/data/objaverse_xl/hf-objaverse-v1/glbs/000-145/da4776715ae1479186bc48f5d30d2e27.glb,sketchfab,glb,Creative Commons - Attribution,9d0c86eff1247a26634dd1c95bfe6d79a8663c3a4f7d20b880ad1f5ad05b87e0
https://sketchfab.com/3d-models/c6f03e2284e049f38f118378b012c979,/workspace/data/objaverse_xl/hf-objaverse-v1/glbs/000-098/c6f03e2284e049f38f118378b012c979.glb,sketchfab,glb,Creative Commons - Attribution - Non-Commercial - Share Alike,8c3c89e89198a6035df29d70b1c839efa9b9ef3355e028013bf49f5d0761771c
https://sketchfab.com/3d-models/6ca8184ebf8848199b3ede31312ebf5f,/workspace/data/objaverse_xl/hf-objaverse-v1/glbs/000-020/6ca8184ebf8848199b3ede31312ebf5f.glb,sketchfab,glb,Creative Commons - Attribution,b8a1becef2c3aaf84b8df3ab2f6c9b3ead5de7acc3d4285b5bcec119576de5f3
https://sketchfab.com/3d-models/70e5ff83be894d9cb1b3bd115c78c72d,/workspace/data/objaverse_xl/hf-objaverse-v1/glbs/000-147/70e5ff83be894d9cb1b3bd115c78c72d.glb,sketchfab,glb,Creative Commons - Attribution,8c7d73759565d7dcd6e8230b70bc2cca25e7a3bf44a23b4d424062a165007977
https://sketchfab.com/3d-models/d326962978f84c198ee3d0e8fd7b0bec,/workspace/data/objaverse_xl/hf-objaverse-v1/glbs/000-147/d326962978f84c198ee3d0e8fd7b0bec.glb,sketchfab,glb,Creative Commons - Attribution - Non-Commercial - Share Alike,d249941c2cf754e4dcb310cda2100d4c722905587ba96c9f9e3b9ec0c97e6365
https://sketchfab.com/3d-models/a69d27a469ea4687a19aeb82da2570b9,/workspace/data/objaverse_xl/hf-objaverse-v1/glbs/000-042/a69d27a469ea4687a19aeb82da2570b9.glb,sketchfab,glb,Creative Commons - Attribution,f6147dd7008b8f7a6d7c77ce87c9d98bff20376ad8edcd13aa3994e452aa7c0f
https://sketchfab.com/3d-models/ed0f73e4c5c542958876af5ffd5ad6e1,/workspace/data/objaverse_xl/hf-objaverse-v1/glbs/000-008/ed0f73e4c5c542958876af5ffd5ad6e1.glb,sketchfab,glb,Creative Commons - Attribution - Non-Commercial - Share Alike,c7ddaba874fdd5631104612ec2ec492e624ebe5699a74993becb5d1613cac39f
https://sketchfab.com/3d-models/03bc2db0c5974a158f78f15e8208dc10,/workspace/data/objaverse_xl/hf-objaverse-v1/glbs/000-055/03bc2db0c5974a158f78f15e8208dc10.glb,sketchfab,glb,Creative Commons - Attribution,5a2c973c21372970f0fa375bcc50cd56f96d7ff51409f1f0e23e9993cc1be1fb
https://sketchfab.com/3d-models/e3391c3fee9b45ce905f2d899021bd27,/workspace/data/objaverse_xl/hf-objaverse-v1/glbs/000-053/e3391c3fee9b45ce905f2d899021bd27.glb,sketchfab,glb,Creative Commons - Attribution,55ea5cadcb381c0c1c9914ea53172720b25faaf53d51d305994c9bb4d3deed8e
https://sketchfab.com/3d-models/366337ba4dbf4344827626a0f6c41cfd,/workspace/data/objaverse_xl/hf-objaverse-v1/glbs/000-150/366337ba4dbf4344827626a0f6c41cfd.glb,sketchfab,glb,Creative Commons - Attribution - Share Alike,d0ada9620acb42133adb6dd42e572e5f874f334a87d3cb317ba68a14e22b4283
https://sketchfab.com/3d-models/269e31c6e56f444d82f8a893d3eaba4d,/workspace/data/objaverse_xl/hf-objaverse-v1/glbs/000-051/269e31c6e56f444d82f8a893d3eaba4d.glb,sketchfab,glb,Creative Commons - Attribution,0c1eaa112b78bdcbd28be6688ea99e1dbdec8477c28bd27684e5af9c9c298111
https://sketchfab.com/3d-models/a59c41ca505d46cba4b07ddffa460f78,/workspace/data/objaverse_xl/hf-objaverse-v1/glbs/000-001/a59c41ca505d46cba4b07ddffa460f78.glb,sketchfab,glb,Creative Commons - Attribution,f248d9a3d4ccd101237b36f8ed307f93b7e805a8ef6efa6e0a2c70ed308c6422
https://sketchfab.com/3d-models/8cb94307c4cd4e10a622dc4382c50f7b,/workspace/data/objaverse_xl/hf-objaverse-v1/glbs/000-115/8cb94307c4cd4e10a622dc4382c50f7b.glb,sketchfab,glb,Creative Commons - Attribution,2fde9eaa1cc211f54caddb960b47f4ce2d4cfa933b8b0116526ab080025ccaee
https://sketchfab.com/3d-models/93f8992ef428470aa096634c4e2934fe,/workspace/data/objaverse_xl/hf-objaverse-v1/glbs/000-121/93f8992ef428470aa096634c4e2934fe.glb,sketchfab,glb,Creative Commons - Attribution,3894fbea345c8173cb8589e9f2565bc9b5ea6188bd8ce3babc9c1f0f33fc946e
https://sketchfab.com/3d-models/2dd17dd348a34440ab9a3f1fb790aeef,/workspace/data/objaverse_xl/hf-objaverse-v1/glbs/000-054/2dd17dd348a34440ab9a3f1fb790aeef.glb,sketchfab,glb,Creative Commons - Attribution,f5b424fb0ab918675fa8eec58aa3d615bc3ce3d5b9f01ed7f6dcad06819781e7
https://sketchfab.com/3d-models/f54591232c3843aca5380281d715d758,/workspace/data/objaverse_xl/hf-objaverse-v1/glbs/000-142/f54591232c3843aca5380281d715d758.glb,sketchfab,glb,Creative Commons - Attribution,e311c9fa40cb00d0e4855489592ee527e4d46ab965999c0a39a2e48bed48e8ce
https://sketchfab.com/3d-models/830111c050e449dea3b238392d6a50bb,/workspace/data/objaverse_xl/hf-objaverse-v1/glbs/000-036/830111c050e449dea3b238392d6a50bb.glb,sketchfab,glb,Creative Commons - Attribution,dd5397d0f75f836d13adae680014727b37af80cc8d9a0997da762775471f7a3d
https://sketchfab.com/3d-models/244625dadbc6452796e342271e12d79f,/workspace/data/objaverse_xl/hf-objaverse-v1/glbs/000-123/244625dadbc6452796e342271e12d79f.glb,sketchfab,glb,Creative Commons - Attribution,e4321cdb0424742eab9722e6336f6f5d64ddf8dfcb2a6cc0a66111e0ae771819
https://sketchfab.com/3d-models/1487391f1cce44ba89779a454db30ca2,/workspace/data/objaverse_xl/hf-objaverse-v1/glbs/000-116/1487391f1cce44ba89779a454db30ca2.glb,sketchfab,glb,Creative Commons - Attribution,d32d4bdcd8fb2b2f61eda7606a2f1ce703a0e03a8b3099def8904bdabb034c4c
https://sketchfab.com/3d-models/4a0e35f9e95449509635fec2e72655fb,/workspace/data/objaverse_xl/hf-objaverse-v1/glbs/000-072/4a0e35f9e95449509635fec2e72655fb.glb,sketchfab,glb,Creative Commons - Attribution,c388dc66ba11d84179ca5812fa55d7b041bde81f7b0eba9aa5dbf811b46f5e71
https://sketchfab.com/3d-models/3ff3213457e74f5ebf8fc2dba40014b8,/workspace/data/objaverse_xl/hf-objaverse-v1/glbs/000-000/3ff3213457e74f5ebf8fc2dba40014b8.glb,sketchfab,glb,Creative Commons - Attribution,be37627bc167ba40149c524d0d3849ce0ad1ea4a2cca1f76d537cd5982b56dc7
https://sketchfab.com/3d-models/1ddeb59282564ab4a6fdb1c50970a9ea,/workspace/data/objaverse_xl/hf-objaverse-v1/glbs/000-033/1ddeb59282564ab4a6fdb1c50970a9ea.glb,sketchfab,glb,Creative Commons - Attribution,33d3d55da655309b859f688297524a4992349d4458b1b98380c50482a64fea3c
https://sketchfab.com/3d-models/ef40c1d9baf34902973214c2de6ea219,/workspace/data/objaverse_xl/hf-objaverse-v1/glbs/000-102/ef40c1d9baf34902973214c2de6ea219.glb,sketchfab,glb,Creative Commons - Attribution,b5578cf5f33a79b1b101a458bd63106db4f5d1a1d37eabd78b7b8ad61bfde915
https://sketchfab.com/3d-models/b6beb056c9864d69b949ec043e360dcd,/workspace/data/objaverse_xl/hf-objaverse-v1/glbs/000-070/b6beb056c9864d69b949ec043e360dcd.glb,sketchfab,glb,Creative Commons - Attribution,ee365c0bb7efd1f3b4ee0d689a2eac7ce5d7386cccaba63af610513e0f3a5395
https://sketchfab.com/3d-models/82ff54078fbc4bb1a8e3b3f51b11b1f3,/workspace/data/objaverse_xl/hf-objaverse-v1/glbs/000-035/82ff54078fbc4bb1a8e3b3f51b11b1f3.glb,sketchfab,glb,Creative Commons - Attribution,d0eee513bb51545d7d4db87891fb62c1ba125da6872a7ae987c51de5ec9aa0b8
https://sketchfab.com/3d-models/a7b4c59d16a04ee79f9b2bf9c44e89fb,/workspace/data/objaverse_xl/hf-objaverse-v1/glbs/000-084/a7b4c59d16a04ee79f9b2bf9c44e89fb.glb,sketchfab,glb,Creative Commons - Attribution,81e390ed5927accd36eebbda4793456185342a1a29de6de76f9285adb064d2bb
https://sketchfab.com/3d-models/a128f004c85046f2bca5ffbce78a6131,/workspace/data/objaverse_xl/hf-objaverse-v1/glbs/000-022/a128f004c85046f2bca5ffbce78a6131.glb,sketchfab,glb,Creative Commons - Attribution,3c8e883f7a3fac8299c97fac74b00da24cb3d16af68625d4c01c4f8cec25acb8
https://sketchfab.com/3d-models/fa78e8964481464cbd4a9aa380bdd00b,/workspace/data/objaverse_xl/hf-objaverse-v1/glbs/000-090/fa78e8964481464cbd4a9aa380bdd00b.glb,sketchfab,glb,Creative Commons - Attribution,d4bd5cd99bbf7bbbf890d0f3a30586b9cb14f6422cc5cdaaa7ea7e98f6377cd9
https://sketchfab.com/3d-models/c9245b4250b74ba393ad946564aee516,/workspace/data/objaverse_xl/hf-objaverse-v1/glbs/000-076/c9245b4250b74ba393ad946564aee516.glb,sketchfab,glb,Creative Commons - Attribution,bae60fd6420fcb8f6f585aedb77ba98bebf229967c6e44811ee96b82b17eedb8
https://sketchfab.com/3d-models/7b2d142b86314edfa1c94a5556643842,/workspace/data/objaverse_xl/hf-objaverse-v1/glbs/000-016/7b2d142b86314edfa1c94a5556643842.glb,sketchfab,glb,Creative Commons - Attribution,112e4d27f8040d043f7a6accde67cd19eb92784488ba85994f10646305818265
https://sketchfab.com/3d-models/098aaf35c480492594f9027c0048a822,/workspace/data/objaverse_xl/hf-objaverse-v1/glbs/000-141/098aaf35c480492594f9027c0048a822.glb,sketchfab,glb,Creative Commons - Attribution,7a9f9f1ad3d786ce9799b48dcd6184e24ff7a9edc811bb6e94b26eb5a42d62ff
https://sketchfab.com/3d-models/791df1c4a37c4de3b098a53a375df44c,/workspace/data/objaverse_xl/hf-objaverse-v1/glbs/000-000/791df1c4a37c4de3b098a53a375df44c.glb,sketchfab,glb,Creative Commons - Attribution,3528639702de982a62ea4f3ab20931cac35b9af91bb8220d58ad2f2e53adb667
https://sketchfab.com/3d-models/c9347275841e43ba98589038369b3398,/workspace/data/objaverse_xl/hf-objaverse-v1/glbs/000-013/c9347275841e43ba98589038369b3398.glb,sketchfab,glb,Creative Commons - Attribution - Share Alike,68111ea4f7eb44c19d029f26bafff2b32fc6661744712d4af1528e9618e677d8
https://sketchfab.com/3d-models/e16a75e16de8468bbf7f39d8f8ba5daa,/workspace/data/objaverse_xl/hf-objaverse-v1/glbs/000-108/e16a75e16de8468bbf7f39d8f8ba5daa.glb,sketchfab,glb,Creative Commons - Attribution,f5c14c7fa249242107d6f9356f66f3dd35006c7b693ad64263a238f6c478654d
https://sketchfab.com/3d-models/eb98193ece2445c0ab2e09a5a7fe29f1,/workspace/data/objaverse_xl/hf-objaverse-v1/glbs/000-060/eb98193ece2445c0ab2e09a5a7fe29f1.glb,sketchfab,glb,Creative Commons - Attribution,fad62bb90e97b3a7d00aa7428f2567c11fc8a64c426c9454af1f0f033d62f1ea
https://sketchfab.com/3d-models/815dfb2011de4ecaa4a6e78483a0fb2f,/workspace/data/objaverse_xl/hf-objaverse-v1/glbs/000-044/815dfb2011de4ecaa4a6e78483a0fb2f.glb,sketchfab,glb,Creative Commons - Attribution,2d4b26b3082e40abec06362e1bb0622110cbb4fff95076aa7d1d0b09a7f2a579
https://sketchfab.com/3d-models/02522f3c49de4e758e6900339502c331,/workspace/data/objaverse_xl/hf-objaverse-v1/glbs/000-004/02522f3c49de4e758e6900339502c331.glb,sketchfab,glb,Creative Commons - Attribution,7575a3e643d8288e50d2dce81020c38532531760674fce18209680709fd4eeb0
https://sketchfab.com/3d-models/081bbc6af697476da7f057ad89697f62,/workspace/data/objaverse_xl/hf-objaverse-v1/glbs/000-140/081bbc6af697476da7f057ad89697f62.glb,sketchfab,glb,Creative Commons - Attribution,a51eef5f5d2c485db923d6d9faa13bf1f2721b7a5f8419c660a043e367dbc28d
https://sketchfab.com/3d-models/eb0dbf5bea3340adaa01325ae1c684af,/workspace/data/objaverse_xl/hf-objaverse-v1/glbs/000-030/eb0dbf5bea3340adaa01325ae1c684af.glb,sketchfab,glb,Creative Commons - Attribution,ef5969539af306a8e9944df457ecfa3577f47d85d77849dcb3fd100209ff7061
https://sketchfab.com/3d-models/dc743eff6f054077a0e474dfdd9aaee2,/workspace/data/objaverse_xl/hf-objaverse-v1/glbs/000-075/dc743eff6f054077a0e474dfdd9aaee2.glb,sketchfab,glb,Creative Commons - Attribution - Non-Commercial,5546f42303a78aa8feb1c1c3d91ebe9fb233e22fc8c082f4673094625994216d
https://sketchfab.com/3d-models/05d96c87c39c4d83bbf94c8dab11cd78,/workspace/data/objaverse_xl/hf-objaverse-v1/glbs/000-103/05d96c87c39c4d83bbf94c8dab11cd78.glb,sketchfab,glb,Creative Commons - Attribution,79f0c804512eafd0c90d6b9d39f89ca5bdcb1446403f44b9a85620eb43ff74bd
https://sketchfab.com/3d-models/fab6dbfe090d4a1e8077c5fc0b10b844,/workspace/data/objaverse_xl/hf-objaverse-v1/glbs/000-056/fab6dbfe090d4a1e8077c5fc0b10b844.glb,sketchfab,glb,Creative Commons - Attribution,75ef2b29e5d2fca4ec42345098de03ef79abb88ff60d9ae30a58320fbbac9271
https://sketchfab.com/3d-models/7e5c3102aa7742bd97a96ed4bc6526b5,/workspace/data/objaverse_xl/hf-objaverse-v1/glbs/000-052/7e5c3102aa7742bd97a96ed4bc6526b5.glb,sketchfab,glb,Creative Commons - Attribution,ef2b9f89cbc9c92fca58dc00db0eaf081afbc7a6fa24bd21436e45921d097fdb
https://sketchfab.com/3d-models/235cefae2a6b4e2785ace14c848352af,/workspace/data/objaverse_xl/hf-objaverse-v1/glbs/000-100/235cefae2a6b4e2785ace14c848352af.glb,sketchfab,glb,Creative Commons - Attribution,fe5fc2f9008dc8e9f3bdb43a58fc5d1a9a94cfb5ea82a2366cc2c29f05928505
https://sketchfab.com/3d-models/5820815169544cfeb7c6ca4fd580cea3,/workspace/data/objaverse_xl/hf-objaverse-v1/glbs/000-095/5820815169544cfeb7c6ca4fd580cea3.glb,sketchfab,glb,Creative Commons - Attribution,7d01eab97dcec63f029ef6f4c0444372daaf0e5cf07f57d6324fd3e9d796a5b3
https://sketchfab.com/3d-models/b0270e5dc5b142d593c82669480b6736,/workspace/data/objaverse_xl/hf-objaverse-v1/glbs/000-030/b0270e5dc5b142d593c82669480b6736.glb,sketchfab,glb,Creative Commons - Attribution,9d196d35cd1cf284aac796c8dc49f0d5c9983c358b0d280faf6be7f4ed6d8204
https://sketchfab.com/3d-models/7721482275d04ce1b58b766cf3838770,/workspace/data/objaverse_xl/hf-objaverse-v1/glbs/000-147/7721482275d04ce1b58b766cf3838770.glb,sketchfab,glb,Creative Commons - Attribution,74b4a7bd1d51c8cce91ed77f8758553d4100f91e9c312b047cfad1295789bd40
https://sketchfab.com/3d-models/c96fb8165f014ad191f0a25c23ae0ac4,/workspace/data/objaverse_xl/hf-objaverse-v1/glbs/000-077/c96fb8165f014ad191f0a25c23ae0ac4.glb,sketchfab,glb,Creative Commons - Attribution,3cfafaf39e97a74b940aa3b0ff0395cbb49e3f0377a6554d559b2cba1f6fdefd
https://sketchfab.com/3d-models/465eb365d6734c5d89be1d993f079eb6,/workspace/data/objaverse_xl/hf-objaverse-v1/glbs/000-128/465eb365d6734c5d89be1d993f079eb6.glb,sketchfab,glb,Creative Commons - Attribution,d4049fd1f3a324d774298b07734f7e43ff830da1d46a4056eda0e2d82d4e5894
https://sketchfab.com/3d-models/7159dd01146946378f3ea2293ffa52d3,/workspace/data/objaverse_xl/hf-objaverse-v1/glbs/000-030/7159dd01146946378f3ea2293ffa52d3.glb,sketchfab,glb,Creative Commons - Attribution,957e3acbba73e306360567a8b4854328a29f26535cecb83982ddd88d70023414
https://sketchfab.com/3d-models/9218606ccddc47ba8f915305568614ac,/workspace/data/objaverse_xl/hf-objaverse-v1/glbs/000-076/9218606ccddc47ba8f915305568614ac.glb,sketchfab,glb,Creative Commons - Attribution,0223886aaf895c92ebe86bbfc369cdedfb7c3b61119ee8763a498931ded2c597
https://sketchfab.com/3d-models/68a61decd7594ea9a1df1b01286c0bf2,/workspace/data/objaverse_xl/hf-objaverse-v1/glbs/000-003/68a61decd7594ea9a1df1b01286c0bf2.glb,sketchfab,glb,Creative Commons - Attribution,e37fdf214887c8517ebd73d98c69b2815a1ff4b54aec06fa4298b5e8bf418cdc
https://sketchfab.com/3d-models/9c8db1ead7564495adf580cd339d1366,/workspace/data/objaverse_xl/hf-objaverse-v1/glbs/000-013/9c8db1ead7564495adf580cd339d1366.glb,sketchfab,glb,Creative Commons - Attribution,54649fa880529696c631703c64046ecc4b4c64cc8656cf2fd951b5638bbeb52e
https://sketchfab.com/3d-models/efe37227343646a99e7cd10b102451e4,/workspace/data/objaverse_xl/hf-objaverse-v1/glbs/000-003/efe37227343646a99e7cd10b102451e4.glb,sketchfab,glb,Creative Commons - Attribution,be28ec9ee2d998d080ea1e9682cae2a62c01307d85c088bb4c015ca3736ecef5
https://sketchfab.com/3d-models/c70e752d3c4045afbd8175bafcb50028,/workspace/data/objaverse_xl/hf-objaverse-v1/glbs/000-094/c70e752d3c4045afbd8175bafcb50028.glb,sketchfab,glb,Creative Commons - Attribution,0b92d05252c20c3a918d7d8ef8e5889516f96031d603e6704905b882a0b37f29
https://sketchfab.com/3d-models/fcc6569d0a6a43f28cc9eb2ae374b3d1,/workspace/data/objaverse_xl/hf-objaverse-v1/glbs/000-016/fcc6569d0a6a43f28cc9eb2ae374b3d1.glb,sketchfab,glb,Creative Commons - Attribution - Non-Commercial,414de2acbcdf1c59f74695e3d85e13e65265b359f84329e114a7ce9e8e607e09
https://sketchfab.com/3d-models/b181f59cf6224f2d857dcccaff372e26,/workspace/data/objaverse_xl/hf-objaverse-v1/glbs/000-039/b181f59cf6224f2d857dcccaff372e26.glb,sketchfab,glb,Creative Commons - Attribution,d3078b240c8756622d45e0e5f6f7b1afd2f6ae074ddf6f9911e012e35dc3daed
https://sketchfab.com/3d-models/3e6dba4d0f4c41e3baa3c1d08949b1a3,/workspace/data/objaverse_xl/hf-objaverse-v1/glbs/000-024/3e6dba4d0f4c41e3baa3c1d08949b1a3.glb,sketchfab,glb,Creative Commons - Attribution,6ff7e61818f174605112d3359b9c82f28ce8a690dac83665cac99110fefc1f78
https://sketchfab.com/3d-models/863dcd7533ae42bea407b718ec27d769,/workspace/data/objaverse_xl/hf-objaverse-v1/glbs/000-137/863dcd7533ae42bea407b718ec27d769.glb,sketchfab,glb,Creative Commons - Attribution,8ec176d5b74f7d15488c37475177584f629609f3dcfc0257d9edbd3d2b28fcc3
https://sketchfab.com/3d-models/d1f8fd5315d74b20929f72325aaa7600,/workspace/data/objaverse_xl/hf-objaverse-v1/glbs/000-152/d1f8fd5315d74b20929f72325aaa7600.glb,sketchfab,glb,Creative Commons - Attribution,7bf3995efc1aeafa33d0861fa2e535b1957d9f5090cfa592fa90ecf785a34ddb
https://sketchfab.com/3d-models/7e5e0f5636f2453cafa66172358d95ae,/workspace/data/objaverse_xl/hf-objaverse-v1/glbs/000-006/7e5e0f5636f2453cafa66172358d95ae.glb,sketchfab,glb,Creative Commons - Attribution,f19f32b48203a50e1e05581bda8728a0080e85bf04451a3931b85255cd1cee65
https://sketchfab.com/3d-models/bc1ed4e049d740229724b8d22db9cd5a,/workspace/data/objaverse_xl/hf-objaverse-v1/glbs/000-128/bc1ed4e049d740229724b8d22db9cd5a.glb,sketchfab,glb,Creative Commons - Attribution,aa0bc8aa5a79c781cb21be9e12b9ae5cc23d52c251afcd3127752da7c482d82e
https://sketchfab.com/3d-models/3c10ff21c9b84ea8a067cf8b72ba3f2a,/workspace/data/objaverse_xl/hf-objaverse-v1/glbs/000-064/3c10ff21c9b84ea8a067cf8b72ba3f2a.glb,sketchfab,glb,Creative Commons - Attribution,bd6b107f44ed03829ac3e352c5e38796c3278b6c8b8b57ea36dfa86e45cb7756
https://sketchfab.com/3d-models/8956a021e4ab4669bc7f0161f43b105d,/workspace/data/objaverse_xl/hf-objaverse-v1/glbs/000-054/8956a021e4ab4669bc7f0161f43b105d.glb,sketchfab,glb,Creative Commons - Attribution,0a3f4c7da5a2e001b5bc1e01527bb379795dd6ae27a72b1dc65ba97ca87b3a8c
https://sketchfab.com/3d-models/365eb60bb6e346e08296e0fa5a8546e8,/workspace/data/objaverse_xl/hf-objaverse-v1/glbs/000-079/365eb60bb6e346e08296e0fa5a8546e8.glb,sketchfab,glb,Creative Commons - Attribution,c2e91874b933c5f3140c09fd68f34fbf2d695fe67426f7b013c3f84ddb3c3704
https://sketchfab.com/3d-models/c20412f8c24c4ea387f18554d2120f5a,/workspace/data/objaverse_xl/hf-objaverse-v1/glbs/000-021/c20412f8c24c4ea387f18554d2120f5a.glb,sketchfab,glb,Creative Commons - Attribution,6151ec346d074b07fd45e2a3d271b0eda99045a02c815e102b8cc84cc5d48686
https://sketchfab.com/3d-models/4be878c867164365914ac3f151b955de,/workspace/data/objaverse_xl/hf-objaverse-v1/glbs/000-038/4be878c867164365914ac3f151b955de.glb,sketchfab,glb,Creative Commons - Attribution,f0ff879aca015e637b19ca74c4b84977a318b37db7bb5c5c5153bffb5fb6086a
https://sketchfab.com/3d-models/bbf06ec546aa4129be2886e6dfe5bc75,/workspace/data/objaverse_xl/hf-objaverse-v1/glbs/000-068/bbf06ec546aa4129be2886e6dfe5bc75.glb,sketchfab,glb,Creative Commons - Attribution,b29b2301e770bf0d5d79099669d58bc0cb751ba839ea799a724702aabc59177b
https://sketchfab.com/3d-models/0f836cdac86441ec93593620c71ec3d6,/workspace/data/objaverse_xl/hf-objaverse-v1/glbs/000-106/0f836cdac86441ec93593620c71ec3d6.glb,sketchfab,glb,Creative Commons - Attribution - Non-Commercial - Share Alike,1e0cc561b7dceee51677abe2446004f22e70ae287c3198ca6a9ff497983f465b
https://sketchfab.com/3d-models/9076388cf8834042bddbbe6fe575d1f8,/workspace/data/objaverse_xl/hf-objaverse-v1/glbs/000-024/9076388cf8834042bddbbe6fe575d1f8.glb,sketchfab,glb,Creative Commons - Attribution,475877e6044a6ea1851e0dd3e8c54ee195532c4ca0480f048d1747f3c1f70807
https://sketchfab.com/3d-models/fb7cdadbea754d0592eb23df12550329,/workspace/data/objaverse_xl/hf-objaverse-v1/glbs/000-143/fb7cdadbea754d0592eb23df12550329.glb,sketchfab,glb,Creative Commons - Attribution,dfd877a30e3490fb6f126cf45f136f66c120d84c92f06a66aa1dbcaa7a3fa1cb
https://sketchfab.com/3d-models/22ce7d9a12b84a4e9933421af48cf29c,/workspace/data/objaverse_xl/hf-objaverse-v1/glbs/000-022/22ce7d9a12b84a4e9933421af48cf29c.glb,sketchfab,glb,Creative Commons - Attribution,2f641cced34978d94a9b0bd6bb019bf1bc92bc15a2db7b773504cfc07e52b6fc
https://sketchfab.com/3d-models/86094afd0c7d452f92d9c9d821c9c1fc,/workspace/data/objaverse_xl/hf-objaverse-v1/glbs/000-037/86094afd0c7d452f92d9c9d821c9c1fc.glb,sketchfab,glb,Creative Commons - Attribution,aaa125ff079178287c8688ce416f04241d22debc2bbf3988cdf9fcb88e90d862
https://sketchfab.com/3d-models/dbffdcdf691345b38fb2bbe89a8b22c2,/workspace/data/objaverse_xl/hf-objaverse-v1/glbs/000-089/dbffdcdf691345b38fb2bbe89a8b22c2.glb,sketchfab,glb,Creative Commons - Attribution,01df60ec8544973ca870455a95793b4893d6cf8bab2233c0ff9291a739ff0f5a
https://sketchfab.com/3d-models/89c20e14601c46bfa3bf51c41dcdfb5c,/workspace/data/objaverse_xl/hf-objaverse-v1/glbs/000-029/89c20e14601c46bfa3bf51c41dcdfb5c.glb,sketchfab,glb,Creative Commons - Attribution,e2e845d7af47f93dd9cd371eb956b641f81ac6376f24e0a500a128ca30055704
https://sketchfab.com/3d-models/117199315763481fbe5dacbc57502071,/workspace/data/objaverse_xl/hf-objaverse-v1/glbs/000-085/117199315763481fbe5dacbc57502071.glb,sketchfab,glb,Creative Commons - Attribution,d23a49782f2be8d71324784b6bec96f83b0f70feeaf2639e7243d3d6a936d58d
https://sketchfab.com/3d-models/b23c2818968a4145b7cd1a505d6088a3,/workspace/data/objaverse_xl/hf-objaverse-v1/glbs/000-136/b23c2818968a4145b7cd1a505d6088a3.glb,sketchfab,glb,Creative Commons - Attribution,db5535d1ad4bef76bbc5a693087e48ea3429cacc88a110e875ffe8c3cae04bc3
https://sketchfab.com/3d-models/0e0347228e0347ad88b636d960b3c208,/workspace/data/objaverse_xl/hf-objaverse-v1/glbs/000-123/0e0347228e0347ad88b636d960b3c208.glb,sketchfab,glb,Creative Commons - Attribution - Non-Commercial - Share Alike,f3c3dc8f0b0f08c3ec8c05d3daf283120392d3e53725ca6f1e49f721c0f303ac
https://sketchfab.com/3d-models/77a926c4a322473ba3781413dd921f6d,/workspace/data/objaverse_xl/hf-objaverse-v1/glbs/000-075/77a926c4a322473ba3781413dd921f6d.glb,sketchfab,glb,Creative Commons - Attribution,790927d97ab5f60dde4fa04300e70e316e2cc1cdf1a46a8411ec50e41d6bf452
https://sketchfab.com/3d-models/4e70ac1a2a164cd3a0467c672066610e,/workspace/data/objaverse_xl/hf-objaverse-v1/glbs/000-112/4e70ac1a2a164cd3a0467c672066610e.glb,sketchfab,glb,Creative Commons - Attribution,77d393bf00f5a1f4e8107c3250aff4ac80721ec0fa055f82fef4f3c3e0dfc9ad
https://sketchfab.com/3d-models/cd2b81eed57942c6b1c22049c4b036f2,/workspace/data/objaverse_xl/hf-objaverse-v1/glbs/000-046/cd2b81eed57942c6b1c22049c4b036f2.glb,sketchfab,glb,Creative Commons - Attribution,252431ea58ffed5e07ccb19b07d2e34b9703ca893fa1a7fb9b2ea9611f192bd6
https://sketchfab.com/3d-models/b1f87fd6e459420eb8ded9f511db83f9,/workspace/data/objaverse_xl/hf-objaverse-v1/glbs/000-134/b1f87fd6e459420eb8ded9f511db83f9.glb,sketchfab,glb,Creative Commons - Attribution - Non-Commercial - Share Alike,406f1f067d5d571d1ab984df591686998e243d501dcd3c5b5b9589c224c0b023
https://sketchfab.com/3d-models/cfdc27171eb54ac09d0fb49009db1262,/workspace/data/objaverse_xl/hf-objaverse-v1/glbs/000-115/cfdc27171eb54ac09d0fb49009db1262.glb,sketchfab,glb,Creative Commons - Attribution,d4ac2b7b0844f714c27921deef14a3b5d97438ebd4b9711f4a277a305e6a4c73
https://sketchfab.com/3d-models/e24349fc78304e6689b7edbc63c33bf5,/workspace/data/objaverse_xl/hf-objaverse-v1/glbs/000-119/e24349fc78304e6689b7edbc63c33bf5.glb,sketchfab,glb,Creative Commons - Attribution - Non-Commercial,d1e14c8b7acea3cc425882745fdcded3dd929dabfcafebcf56ba196d8f4c0e7f
https://sketchfab.com/3d-models/352365079fc64efb8e58ff99ed91fc71,/workspace/data/objaverse_xl/hf-objaverse-v1/glbs/000-105/352365079fc64efb8e58ff99ed91fc71.glb,sketchfab,glb,Creative Commons - Attribution - Non-Commercial - Share Alike,dc255750365eb101a601f4c8d3c99cd6552aa08368c69842fa2718a25ea0c5e9
https://sketchfab.com/3d-models/5a552d7989fd4098b5ac491b1282a492,/workspace/data/objaverse_xl/hf-objaverse-v1/glbs/000-022/5a552d7989fd4098b5ac491b1282a492.glb,sketchfab,glb,Creative Commons - Attribution - Non-Commercial - Share Alike,791aac1db956ec910815563e8497b7e1a25fbbb1ac9b8d008176cd6013fe6aed
https://sketchfab.com/3d-models/a47b72a618e846ff81a39bcac9d2dbe5,/workspace/data/objaverse_xl/hf-objaverse-v1/glbs/000-130/a47b72a618e846ff81a39bcac9d2dbe5.glb,sketchfab,glb,Creative Commons - Attribution,111f1df842f6e95e1e7b0c492360c4d869475132b1673fa821dd8567f5167447
https://sketchfab.com/3d-models/a359624f44b5458aaf0fcda1e82a9faf,/workspace/data/objaverse_xl/hf-objaverse-v1/glbs/000-056/a359624f44b5458aaf0fcda1e82a9faf.glb,sketchfab,glb,Creative Commons - Attribution,8b49755c41db094c83e18ebb17971ccb215f12fb940489db7cc8319e75c85684
https://sketchfab.com/3d-models/39f0028c46434d1a87062832ced9d93b,/workspace/data/objaverse_xl/hf-objaverse-v1/glbs/000-014/39f0028c46434d1a87062832ced9d93b.glb,sketchfab,glb,Creative Commons - Attribution,cff0f7a0b930d8e83ea175e74bad6e338fb2983e1f972f76441752588949e625
https://sketchfab.com/3d-models/399937b24a3245a880c31726b52c333b,/workspace/data/objaverse_xl/hf-objaverse-v1/glbs/000-065/399937b24a3245a880c31726b52c333b.glb,sketchfab,glb,Creative Commons - Attribution,e502c7222db59fc59683918d18c05ef1bc651c1006e0642ed0ff719d926cd007
https://sketchfab.com/3d-models/96374cc298114fedacb51fc31be7a120,/workspace/data/objaverse_xl/hf-objaverse-v1/glbs/000-008/96374cc298114fedacb51fc31be7a120.glb,sketchfab,glb,Creative Commons - Attribution,727d7247577bdfebffd16fd924c1c85559a8f916038701265b0ac379b7114d62
https://sketchfab.com/3d-models/e667de25b099448fb8f6f448bc7898ae,/workspace/data/objaverse_xl/hf-objaverse-v1/glbs/000-118/e667de25b099448fb8f6f448bc7898ae.glb,sketchfab,glb,Creative Commons - Attribution,05a2599f0bddc9b42399fa2a599ba715339fd1056b9a68e130d3ee82c623fad6
https://sketchfab.com/3d-models/8d115e5ec8c5455ebd777ed785d9aa3c,/workspace/data/objaverse_xl/hf-objaverse-v1/glbs/000-002/8d115e5ec8c5455ebd777ed785d9aa3c.glb,sketchfab,glb,Creative Commons - Attribution,747dbfece8440bba71d62a1d921ad0d669286aac8ab4db1c47a0794f95f402b5
https://sketchfab.com/3d-models/ae617c08b101435bbf8c831e3b5af2ff,/workspace/data/objaverse_xl/hf-objaverse-v1/glbs/000-000/ae617c08b101435bbf8c831e3b5af2ff.glb,sketchfab,glb,Creative Commons - Attribution - Non-Commercial - Share Alike,1cb31d254f69b60c4847732a3b6e78d9e97c5425f65aa866f4392251b0be4d5b
https://sketchfab.com/3d-models/19808d249c12494ca3f89038a8fe46d3,/workspace/data/objaverse_xl/hf-objaverse-v1/glbs/000-068/19808d249c12494ca3f89038a8fe46d3.glb,sketchfab,glb,Creative Commons - Attribution,91355669b9f25e3c21d91e8740273b5bf1ef06504ea4fcb2a5e6325b1436c582
https://sketchfab.com/3d-models/a53e1873745d4d1b91c04935216a949d,/workspace/data/objaverse_xl/hf-objaverse-v1/glbs/000-086/a53e1873745d4d1b91c04935216a949d.glb,sketchfab,glb,Creative Commons - Attribution,82e0b32ef0734f4ee51a81f3445b6c9274354612ce4f609db91a6d22b83122ee
https://sketchfab.com/3d-models/aaa5435a7c63432494f2d54e8d02ddc1,/workspace/data/objaverse_xl/hf-objaverse-v1/glbs/000-005/aaa5435a7c63432494f2d54e8d02ddc1.glb,sketchfab,glb,Creative Commons - Attribution,2e8d1b1c091bb270a8e01706c9320e4df3329b8d4c0581aa7c84d700d3da80e0
https://sketchfab.com/3d-models/1244515d9b1c4f89ac049ed0b959ec1d,/workspace/data/objaverse_xl/hf-objaverse-v1/glbs/000-128/1244515d9b1c4f89ac049ed0b959ec1d.glb,sketchfab,glb,Creative Commons - Attribution,69907ff8de23634c5c3efcaf90db7898d7090a0ff1c48479db98faea26f53ad4
https://sketchfab.com/3d-models/85356c18e3394a38b428b4cb6f03b863,/workspace/data/objaverse_xl/hf-objaverse-v1/glbs/000-102/85356c18e3394a38b428b4cb6f03b863.glb,sketchfab,glb,Creative Commons - Attribution,a017a8b2da295b2dee40c0c53e5ab5f1217ed81e0697f4008904bca05af8c595
https://sketchfab.com/3d-models/87726e8f9fbc473783cba95e9a1211be,/workspace/data/objaverse_xl/hf-objaverse-v1/glbs/000-044/87726e8f9fbc473783cba95e9a1211be.glb,sketchfab,glb,Creative Commons - Attribution,34974b997d6efc950e93b0cc7c69e00547fecbc3ba1640f8f3a01397910ffc30
https://sketchfab.com/3d-models/d4b3a3c03017460cbf6905e98f93ade8,/workspace/data/objaverse_xl/hf-objaverse-v1/glbs/000-154/d4b3a3c03017460cbf6905e98f93ade8.glb,sketchfab,glb,Creative Commons - Attribution,501422a98a093d6b94554a39685c374d7b5a750487faee4da159aa36fbe15763
https://sketchfab.com/3d-models/3cfecfaac9fa499eafcc8a157906a9a6,/workspace/data/objaverse_xl/hf-objaverse-v1/glbs/000-114/3cfecfaac9fa499eafcc8a157906a9a6.glb,sketchfab,glb,Creative Commons - Attribution,65b086d6dfdb2f57ce93ec4dac2cb81241de3a6a16f535cbf874b4df72e0b8e4
https://sketchfab.com/3d-models/de92d9f425814312ab357f7a305cb096,/workspace/data/objaverse_xl/hf-objaverse-v1/glbs/000-072/de92d9f425814312ab357f7a305cb096.glb,sketchfab,glb,Creative Commons - Attribution,3659ad69ae22a6aa5c4a329f05ee25a5ed6aa9c3cb9f8ecc3611433948d37910
https://sketchfab.com/3d-models/b22453185dfd4cf6986cc22bc600d4fc,/workspace/data/objaverse_xl/hf-objaverse-v1/glbs/000-039/b22453185dfd4cf6986cc22bc600d4fc.glb,sketchfab,glb,Creative Commons - Attribution,9ef902488943186ba25a084640f11c35034a67a128a4b8f7abe369913f5d5a11
https://sketchfab.com/3d-models/19a3f2b572704d76b03c07a1f014bba4,/workspace/data/objaverse_xl/hf-objaverse-v1/glbs/000-058/19a3f2b572704d76b03c07a1f014bba4.glb,sketchfab,glb,Creative Commons - Attribution,5ee22ca405f1610e8458ac52e31535458e60c78fa8954194ad53cd1137a233d9
https://sketchfab.com/3d-models/72674aa7a19d4b87811b68aa12cde265,/workspace/data/objaverse_xl/hf-objaverse-v1/glbs/000-051/72674aa7a19d4b87811b68aa12cde265.glb,sketchfab,glb,Creative Commons - Attribution,1f668a084a3945a887f6ca398f88d0ca1bbf1fd8dde7f6fe75943d764e7c5d01
https://sketchfab.com/3d-models/be776ae87a4d4f5cb2da0fd78cc33ea2,/workspace/data/objaverse_xl/hf-objaverse-v1/glbs/000-113/be776ae87a4d4f5cb2da0fd78cc33ea2.glb,sketchfab,glb,Creative Commons - Attribution,c0924faf3ea5a3b3d33e391d6a0ae8edd62a2d59168d5c9ada42e0963dcb569d
https://sketchfab.com/3d-models/8fe5c8d3365e4d87bb7bc253d53a64e1,/workspace/data/objaverse_xl/hf-objaverse-v1/glbs/000-147/8fe5c8d3365e4d87bb7bc253d53a64e1.glb,sketchfab,glb,Creative Commons - Attribution,a7858ed44b13cc3810276d6bf3e2781fd544ba81127aabac93b872f3b33a44c0
https://sketchfab.com/3d-models/c4ae21daffa8450ebb0d3e93165f3406,/workspace/data/objaverse_xl/hf-objaverse-v1/glbs/000-047/c4ae21daffa8450ebb0d3e93165f3406.glb,sketchfab,glb,Creative Commons - Attribution,cebd3036ef620bf70d95746f45157515fc3bf69958f64ad8fcb13893fcfca933
https://sketchfab.com/3d-models/ea16c46502394e9b8959aa146e77fe5a,/workspace/data/objaverse_xl/hf-objaverse-v1/glbs/000-049/ea16c46502394e9b8959aa146e77fe5a.glb,sketchfab,glb,Creative Commons - Attribution,7aceeb0945584001099952ef2acc0d7c1c61f6a85574d53d501e1e36a5c4f95b
https://sketchfab.com/3d-models/bd6a288f6d194c5c931c43dc15cd1862,/workspace/data/objaverse_xl/hf-objaverse-v1/glbs/000-062/bd6a288f6d194c5c931c43dc15cd1862.glb,sketchfab,glb,Creative Commons - Attribution,f9ffdbdb49214dbeb05551b36c94b296f12096d91d61c926028158ea21063712
https://sketchfab.com/3d-models/6e8f43e9f02949418dd99b19acd90c18,/workspace/data/objaverse_xl/hf-objaverse-v1/glbs/000-088/6e8f43e9f02949418dd99b19acd90c18.glb,sketchfab,glb,Creative Commons - Attribution,c6de10bfdfa127ce21399f500cd518d3e436b7b67a5693e908ab2393dbbab69a
https://sketchfab.com/3d-models/54613023c04a4bfcad9257d70d2f4799,/workspace/data/objaverse_xl/hf-objaverse-v1/glbs/000-043/54613023c04a4bfcad9257d70d2f4799.glb,sketchfab,glb,Creative Commons - Attribution,3cfc2c8bed38553464cb5c635f4ba489c9a74069e9a0591748be951e4fe6d039
https://sketchfab.com/3d-models/39eb648c9a234e2c9dfc732f839b0b63,/workspace/data/objaverse_xl/hf-objaverse-v1/glbs/000-075/39eb648c9a234e2c9dfc732f839b0b63.glb,sketchfab,glb,Creative Commons - Attribution,b661ade89f0d08e33abcc145ac1dc3926c5187924bbc3df8fc256ab17bb46f5c
https://sketchfab.com/3d-models/90283907dee446e985ece4c9b142a6e4,/workspace/data/objaverse_xl/hf-objaverse-v1/glbs/000-127/90283907dee446e985ece4c9b142a6e4.glb,sketchfab,glb,Creative Commons - Attribution,3dbd7f9a1ef8c6aef9b384b861b4e3f93cf3480659ead4e0293e94d5ae84c462
https://sketchfab.com/3d-models/347ea3ae40b6412aa12d37f9109fca77,/workspace/data/objaverse_xl/hf-objaverse-v1/glbs/000-051/347ea3ae40b6412aa12d37f9109fca77.glb,sketchfab,glb,Creative Commons - Attribution,8b8a60faf467452bff03b4baed7ce68a57a1175e10ed42d3d92e6bbcbbfb40b5
https://sketchfab.com/3d-models/15dd0331583a4db9bf97b6b00e6ff19f,/workspace/data/objaverse_xl/hf-objaverse-v1/glbs/000-082/15dd0331583a4db9bf97b6b00e6ff19f.glb,sketchfab,glb,Creative Commons - Attribution - Non-Commercial - Share Alike,7ea49e41e06ed49aa6110cd891a0608106be00e4b6f9b2f0c61c9a44b3072e6f
https://sketchfab.com/3d-models/fba08dcc83404de89d91a05ac5eea88c,/workspace/data/objaverse_xl/hf-objaverse-v1/glbs/000-132/fba08dcc83404de89d91a05ac5eea88c.glb,sketchfab,glb,Creative Commons - Attribution,6ed80d6572696887196b91688fb34a7ee39c602fd5fb9c5dfe0f880160a161c2
https://sketchfab.com/3d-models/a54f8b9553564c759c1d3ccdd2033cb2,/workspace/data/objaverse_xl/hf-objaverse-v1/glbs/000-073/a54f8b9553564c759c1d3ccdd2033cb2.glb,sketchfab,glb,Creative Commons - Attribution,fd28d0d29e930adab8bd814b8f95a734f73a5927da8f4440fc1abc21606dbae2
https://sketchfab.com/3d-models/1354aac6a23646f7a07b3a330dee5162,/workspace/data/objaverse_xl/hf-objaverse-v1/glbs/000-126/1354aac6a23646f7a07b3a330dee5162.glb,sketchfab,glb,Creative Commons - Attribution - Non-Commercial - Share Alike,1aeb014503ab4d93586fd100bed9ec81c237bfc7badb1d4a7fe91d0af3e380dd
https://sketchfab.com/3d-models/f988a7800c1f43249fa1a801926815b2,/workspace/data/objaverse_xl/hf-objaverse-v1/glbs/000-085/f988a7800c1f43249fa1a801926815b2.glb,sketchfab,glb,Creative Commons - Attribution,573ce014aa7beebfe882f03a7174b2d3ae019634dc858b98b3dd43c4869472b3
https://sketchfab.com/3d-models/f6125836e9454782934549f2070236ef,/workspace/data/objaverse_xl/hf-objaverse-v1/glbs/000-119/f6125836e9454782934549f2070236ef.glb,sketchfab,glb,Creative Commons - Attribution,767985d915fd4f79719c87eb27728c305391598abc45517d636d18aebccd7c7e
https://sketchfab.com/3d-models/14b33cd015b048548670c7a696d71f1e,/workspace/data/objaverse_xl/hf-objaverse-v1/glbs/000-075/14b33cd015b048548670c7a696d71f1e.glb,sketchfab,glb,Creative Commons - Attribution,d3e0db1d56edfcb53ca9916f018fedd217eb8b784d594d345e8dd1dd066a9180
https://sketchfab.com/3d-models/fe8297e3ecac4293933d7de600d7d4c0,/workspace/data/objaverse_xl/hf-objaverse-v1/glbs/000-044/fe8297e3ecac4293933d7de600d7d4c0.glb,sketchfab,glb,Creative Commons - Attribution,933056a027c4e78751d90f336ab5bce92cf6a3ee29c4a0005d58e9d6f115fb4b
https://sketchfab.com/3d-models/7a4e46a04940440aa989f2d61cf8d0eb,/workspace/data/objaverse_xl/hf-objaverse-v1/glbs/000-027/7a4e46a04940440aa989f2d61cf8d0eb.glb,sketchfab,glb,Creative Commons - Attribution - Non-Commercial - Share Alike,8ba024e9a710f4ba9cdf103489f1ba5a3a3b4b56ebfc234dbc6ba2229f857bdf
https://sketchfab.com/3d-models/bbfc17d1e39842e5b7e8a4ca9d303543,/workspace/data/objaverse_xl/hf-objaverse-v1/glbs/000-054/bbfc17d1e39842e5b7e8a4ca9d303543.glb,sketchfab,glb,Creative Commons - Attribution,8d4736e4448d5abce30d0d92545519dcb01991d3016d1658b4275ef9f0cd7465
https://sketchfab.com/3d-models/12d5d79befbd485391b782c55b06d554,/workspace/data/objaverse_xl/hf-objaverse-v1/glbs/000-158/12d5d79befbd485391b782c55b06d554.glb,sketchfab,glb,Creative Commons - Attribution,0cbc5d2cec2ee176859fc8c684574e935f904844b36946fbd97151424d033e94
https://sketchfab.com/3d-models/fff3e047011a439182a68198c949c978,/workspace/data/objaverse_xl/hf-objaverse-v1/glbs/000-025/fff3e047011a439182a68198c949c978.glb,sketchfab,glb,Creative Commons - Attribution,2eee6b8865b7c51d91d9d721bb362d9ebb75f4ef7e85fc925d76ef5fc6c5ba4b
https://sketchfab.com/3d-models/c03fe872008e41418ebfa38c36c53164,/workspace/data/objaverse_xl/hf-objaverse-v1/glbs/000-143/c03fe872008e41418ebfa38c36c53164.glb,sketchfab,glb,Creative Commons - Attribution,1033ea962d142e49bbf8fcc3ea5c08a54c8ea7f8e5e98a97f5b33dc94692bf12
https://sketchfab.com/3d-models/8610d1ac5a984f07a190ed95bd2c2801,/workspace/data/objaverse_xl/hf-objaverse-v1/glbs/000-156/8610d1ac5a984f07a190ed95bd2c2801.glb,sketchfab,glb,Creative Commons - Attribution - Share Alike,52b7e1aa85e0e720148309b5333d5164fe8f4458e91baf3ec20fae2582dbad2b
https://sketchfab.com/3d-models/53294b880a014e5994e081e4e63eaffc,/workspace/data/objaverse_xl/hf-objaverse-v1/glbs/000-072/53294b880a014e5994e081e4e63eaffc.glb,sketchfab,glb,Creative Commons - Attribution,5dc576085ee8082c2944526bf017bf091f7281bec69cbf9c2c7dac0078326d6b
https://sketchfab.com/3d-models/70d09706461c4916a6e3500cc31ec280,/workspace/data/objaverse_xl/hf-objaverse-v1/glbs/000-107/70d09706461c4916a6e3500cc31ec280.glb,sketchfab,glb,Creative Commons - Attribution,7489d55be4b15985650913c749cea1ffc72e94cb509dd81b9d94e9e169edabec
https://sketchfab.com/3d-models/68407a940b0843fa8575fde06d33c1ca,/workspace/data/objaverse_xl/hf-objaverse-v1/glbs/000-087/68407a940b0843fa8575fde06d33c1ca.glb,sketchfab,glb,Creative Commons - Attribution,6c9f5ed7e7336260101de47bf3acc08930e3bd00bd48bbfd5d9612e82c2680c9
https://sketchfab.com/3d-models/09de119ed0864c36b69d75832e5fbcfc,/workspace/data/objaverse_xl/hf-objaverse-v1/glbs/000-151/09de119ed0864c36b69d75832e5fbcfc.glb,sketchfab,glb,Creative Commons - Attribution,3de7fc94a37a743a570864f234e0f0ee448c541c0e1907023ce91184500aa3a4
https://sketchfab.com/3d-models/2c45a9eaedbf473689efce3b6e8ecd10,/workspace/data/objaverse_xl/hf-objaverse-v1/glbs/000-034/2c45a9eaedbf473689efce3b6e8ecd10.glb,sketchfab,glb,Creative Commons - Attribution,c6dedfdd67e814558a8136b0e76beec6c9220e2b51946e234a1cc1f7ba52c1b9
https://sketchfab.com/3d-models/89ae28e3641f4b30b3fad580da25b803,/workspace/data/objaverse_xl/hf-objaverse-v1/glbs/000-132/89ae28e3641f4b30b3fad580da25b803.glb,sketchfab,glb,Creative Commons - Attribution,e55e213dc3ebbf448e9e6a5189b60cf657da7875e2c29baa9b172f5ef7b8f1db
https://sketchfab.com/3d-models/5227f31fa9134e8e95a007237fa25a3e,/workspace/data/objaverse_xl/hf-objaverse-v1/glbs/000-006/5227f31fa9134e8e95a007237fa25a3e.glb,sketchfab,glb,Creative Commons - Attribution,6a93243c11bb4c92d87a44425267d390e1a0319fde2fdabd94aa33cbbd3e2782
https://sketchfab.com/3d-models/e5ddc3c6947e498daf7260b7caa19737,/workspace/data/objaverse_xl/hf-objaverse-v1/glbs/000-012/e5ddc3c6947e498daf7260b7caa19737.glb,sketchfab,glb,Creative Commons - Attribution,c179107ea32cdee2aa28c449b979ba32ccbde69ef94d72011f1849d76c770ff0
https://sketchfab.com/3d-models/fb86925e4cbf44fba7e233856e2aa708,/workspace/data/objaverse_xl/hf-objaverse-v1/glbs/000-146/fb86925e4cbf44fba7e233856e2aa708.glb,sketchfab,glb,Creative Commons - Attribution,e3cd7c218359d74f832749662085d60fd5a21b07bccd54178e16e4dc1aad1ca6
https://sketchfab.com/3d-models/b690e32500a64e3b896d0509f06133f0,/workspace/data/objaverse_xl/hf-objaverse-v1/glbs/000-044/b690e32500a64e3b896d0509f06133f0.glb,sketchfab,glb,Creative Commons - Attribution,61c9a0d81fb7e1d3e20485969cd2ff9c700576a70de34efd3bf77eeca4e735d3
https://sketchfab.com/3d-models/6e6b740221194146ab1808bff50f9e80,/workspace/data/objaverse_xl/hf-objaverse-v1/glbs/000-155/6e6b740221194146ab1808bff50f9e80.glb,sketchfab,glb,Creative Commons - Attribution,6e4d9260f04e948431dff4b77c2d3a6ff09e53094b6ef2d6f0d5ae886319db77
https://sketchfab.com/3d-models/193a97f680644ce3922f3c2fc7fd4f2c,/workspace/data/objaverse_xl/hf-objaverse-v1/glbs/000-054/193a97f680644ce3922f3c2fc7fd4f2c.glb,sketchfab,glb,Creative Commons - Attribution,046880092c1973eec2bb8ee4adcd8213b9da9b49f71b52e3e5227709716345d9
https://sketchfab.com/3d-models/c84a49b817624fffae7250987e9e224c,/workspace/data/objaverse_xl/hf-objaverse-v1/glbs/000-015/c84a49b817624fffae7250987e9e224c.glb,sketchfab,glb,Creative Commons - Attribution,3dd2a32628b07d78c58b24a16af492d647ebcd063559713c97d524d3cded3f14
https://sketchfab.com/3d-models/d9e2f4cfe1474cef9582d0feababd7f4,/workspace/data/objaverse_xl/hf-objaverse-v1/glbs/000-131/d9e2f4cfe1474cef9582d0feababd7f4.glb,sketchfab,glb,Creative Commons - Attribution,fb7b2afe46d08006f1bef164de57091e97e58f963fc956673c96a59fc9dd7d01
https://sketchfab.com/3d-models/c68c8647200f4aa68d0343b70e6cfb72,/workspace/data/objaverse_xl/hf-objaverse-v1/glbs/000-146/c68c8647200f4aa68d0343b70e6cfb72.glb,sketchfab,glb,Creative Commons - Attribution,37836b1de65c0cf2af30aa0e6143e74a55cc6be1c839f23abbd94ecf03e2b8a0
https://sketchfab.com/3d-models/8227a8e4ce314cecb16fb55b376826a6,/workspace/data/objaverse_xl/hf-objaverse-v1/glbs/000-012/8227a8e4ce314cecb16fb55b376826a6.glb,sketchfab,glb,Creative Commons - Attribution,56b614d6e5b5f5252bc4447fe36b6406a280e8581cbbc9a62f13c2246fe3f9c4
https://sketchfab.com/3d-models/61ad76294c6c44c79f3d5ed4ab81de17,/workspace/data/objaverse_xl/hf-objaverse-v1/glbs/000-028/61ad76294c6c44c79f3d5ed4ab81de17.glb,sketchfab,glb,Creative Commons - Attribution,4002463901274e686affaca4c7d214653efb99e18b753262073cbda1ce71230f
https://sketchfab.com/3d-models/bb0dacecdb4041619325fb964315fff1,/workspace/data/objaverse_xl/hf-objaverse-v1/glbs/000-077/bb0dacecdb4041619325fb964315fff1.glb,sketchfab,glb,Creative Commons - Attribution,6f9df614e6ea210ac606bb49f2c735121353bbcb71d06f3dc31fdc570ad93531
https://sketchfab.com/3d-models/a4233439ccfa4a0f9563f299b2f8589d,/workspace/data/objaverse_xl/hf-objaverse-v1/glbs/000-028/a4233439ccfa4a0f9563f299b2f8589d.glb,sketchfab,glb,Creative Commons - Attribution,5593ed51069829c0c87c023718736e1bee944c3d54b2caf9f79ca873878c55fb
https://sketchfab.com/3d-models/e62b2b2717674873a0ea0b69e7956344,/workspace/data/objaverse_xl/hf-objaverse-v1/glbs/000-075/e62b2b2717674873a0ea0b69e7956344.glb,sketchfab,glb,Creative Commons - Attribution,026f9e645cb5b3930085c81963931e134cdaa054ad2dee0b9a402d42b72ed6a6
https://sketchfab.com/3d-models/8feeb7331a694e159625ac472aea5f99,/workspace/data/objaverse_xl/hf-objaverse-v1/glbs/000-089/8feeb7331a694e159625ac472aea5f99.glb,sketchfab,glb,Creative Commons - Attribution,6fe1ee86d7a7b380257767b1972abce237f93dc5bbc762328a5a1166691d5e7d
https://sketchfab.com/3d-models/520f8f6c6552460ab05fc744a9e307c9,/workspace/data/objaverse_xl/hf-objaverse-v1/glbs/000-037/520f8f6c6552460ab05fc744a9e307c9.glb,sketchfab,glb,Creative Commons - Attribution,ea3e0068bbb1fcfaa9e53a469bdf86b718216d0e1ac727a10d397ada4916a647
https://sketchfab.com/3d-models/53d133e4c363499a9e7fc828b1796dfc,/workspace/data/objaverse_xl/hf-objaverse-v1/glbs/000-087/53d133e4c363499a9e7fc828b1796dfc.glb,sketchfab,glb,Creative Commons - Attribution,7f014b00440556ee65d53b4b7457f0ddf8e7bc1cedb1ed4f2fe6987aac1804fc
https://sketchfab.com/3d-models/754d5a059be54d2f9ac40ace35c39a4c,/workspace/data/objaverse_xl/hf-objaverse-v1/glbs/000-024/754d5a059be54d2f9ac40ace35c39a4c.glb,sketchfab,glb,Creative Commons - Attribution,26ee0bf03e8bfe8f07c34e3472dbb9ed7b2a928c6c2394d75c765b3738fef561
https://sketchfab.com/3d-models/c241342fbf7640389937c0c7e03b7798,/workspace/data/objaverse_xl/hf-objaverse-v1/glbs/000-082/c241342fbf7640389937c0c7e03b7798.glb,sketchfab,glb,Creative Commons - Attribution,fc994efcaeec31ce595a42719ac481c8a3071d1839c22c68368fb66136f3303d
https://sketchfab.com/3d-models/9658da2f9def44d9bdb342034e419243,/workspace/data/objaverse_xl/hf-objaverse-v1/glbs/000-139/9658da2f9def44d9bdb342034e419243.glb,sketchfab,glb,Creative Commons - Attribution,3723a5cf7cef102bdda77fd155b2ebfdb0ab117d0007b6e97e0c6d3e8a02c378
https://sketchfab.com/3d-models/3574e6af80f64ef7933bf15c138c9b95,/workspace/data/objaverse_xl/hf-objaverse-v1/glbs/000-010/3574e6af80f64ef7933bf15c138c9b95.glb,sketchfab,glb,Creative Commons - Attribution,735b01cc020a07aecf24ee00848ee3141390c69c5b345dc8f4528d352385c905
https://sketchfab.com/3d-models/1c4723819f2e428c8645e31fde9e5b8d,/workspace/data/objaverse_xl/hf-objaverse-v1/glbs/000-025/1c4723819f2e428c8645e31fde9e5b8d.glb,sketchfab,glb,Creative Commons - Attribution - Non-Commercial - Share Alike,256856b56d6acee3614a48b2b84da60106b87d54e823e51d3e4f522178c311a8
https://sketchfab.com/3d-models/dce0242c646e4fdeaeaf675f5f17ce9f,/workspace/data/objaverse_xl/hf-objaverse-v1/glbs/000-004/dce0242c646e4fdeaeaf675f5f17ce9f.glb,sketchfab,glb,Creative Commons - Attribution,d6daf908dfd1df0b57ec33eaae45cbb3925fa7c0a4897f6de4b733fca7b15a85
https://sketchfab.com/3d-models/364b9958d9fa463f80b9ba99eb533d5a,/workspace/data/objaverse_xl/hf-objaverse-v1/glbs/000-152/364b9958d9fa463f80b9ba99eb533d5a.glb,sketchfab,glb,Creative Commons - Attribution,6ad291eb97aed77caf8953c490692b83298ba06a09557fb48ad5419ab51a5bf9
https://sketchfab.com/3d-models/d525db5351474997a52c97272751e587,/workspace/data/objaverse_xl/hf-objaverse-v1/glbs/000-156/d525db5351474997a52c97272751e587.glb,sketchfab,glb,Creative Commons - Attribution,a99ca616648f9ce4f70e1f0cbfd7ca9df54f45052e51ab83b9fc9f12c9a460b1
https://sketchfab.com/3d-models/e53153dd56984ecd928bb619ece0561f,/workspace/data/objaverse_xl/hf-objaverse-v1/glbs/000-113/e53153dd56984ecd928bb619ece0561f.glb,sketchfab,glb,Creative Commons - Attribution - Non-Commercial - Share Alike,e02d713d918886fbaca2894353c7e2ec0e7500d5f4f5353dd7b083c0436c5bd8
https://sketchfab.com/3d-models/14b3c298ea4343b2af1ac61f64eae673,/workspace/data/objaverse_xl/hf-objaverse-v1/glbs/000-051/14b3c298ea4343b2af1ac61f64eae673.glb,sketchfab,glb,Creative Commons - Attribution,53fbc2521a7d4390b6bc51b6a7a96777d42a3bbfd4cc9c823fb954af211aa8f5
https://sketchfab.com/3d-models/2d3415e4341a4ed6844771ce3f5764be,/workspace/data/objaverse_xl/hf-objaverse-v1/glbs/000-159/2d3415e4341a4ed6844771ce3f5764be.glb,sketchfab,glb,Creative Commons - Attribution,1cd4aae3cdcf829c512fd9849e5e8239938a70f62f1f80f2ffe603a4ef002477
https://sketchfab.com/3d-models/60d065004ce74edbb18c711eea9ebcee,/workspace/data/objaverse_xl/hf-objaverse-v1/glbs/000-099/60d065004ce74edbb18c711eea9ebcee.glb,sketchfab,glb,Creative Commons - Attribution,834ba57bc136fa43715d9fca44de1080e47b7fe796569631100db63519fcd17c
https://sketchfab.com/3d-models/f9b89cb191114c628f4590b2a3a29331,/workspace/data/objaverse_xl/hf-objaverse-v1/glbs/000-116/f9b89cb191114c628f4590b2a3a29331.glb,sketchfab,glb,Creative Commons - Attribution,7f74b423fd2575a55f25add85da8582ff40cfb088b61bfca2a92ee57b1a272b0
https://sketchfab.com/3d-models/8ffe1103505a459a881bcb1349ec122c,/workspace/data/objaverse_xl/hf-objaverse-v1/glbs/000-100/8ffe1103505a459a881bcb1349ec122c.glb,sketchfab,glb,Creative Commons - Attribution - Non-Commercial - Share Alike,16f033a3a271b2fa3c6df6a71367882fed9757d08864f2441dcaaaa01b5dd0a4
https://sketchfab.com/3d-models/ec12aa9a40c240f2a7d68430ac2865d7,/workspace/data/objaverse_xl/hf-objaverse-v1/glbs/000-039/ec12aa9a40c240f2a7d68430ac2865d7.glb,sketchfab,glb,Creative Commons - Attribution,b7a4734cd984b6975edda42c6c43a676ed4bfd97f8851ebc7ebbe3a4ca9c3ffd
https://sketchfab.com/3d-models/19e3049a273544e2b9ff8b07a7d60ffb,/workspace/data/objaverse_xl/hf-objaverse-v1/glbs/000-010/19e3049a273544e2b9ff8b07a7d60ffb.glb,sketchfab,glb,Creative Commons - Attribution,126534f9c38189a25f1c852a02cf4e5ef00b5e6e11e3a6ae0c9f66b3b37888cc
https://sketchfab.com/3d-models/a0a4ad335a8945019b531a396cd9fd75,/workspace/data/objaverse_xl/hf-objaverse-v1/glbs/000-081/a0a4ad335a8945019b531a396cd9fd75.glb,sketchfab,glb,Creative Commons - Attribution,b12b3343b28c9f6fd10f025867ca89b6c68ae2b9ad8c89904bdb0e6eafdc72e9
https://sketchfab.com/3d-models/6c19b1cc53a041c19b2630604fcf2ac3,/workspace/data/objaverse_xl/hf-objaverse-v1/glbs/000-145/6c19b1cc53a041c19b2630604fcf2ac3.glb,sketchfab,glb,Creative Commons - Attribution,b73d939351b17d9d7c71c0ba46eafd03218111684fa604db412851407c7af24c
https://sketchfab.com/3d-models/b57647c6363f4b00899d71ed62713988,/workspace/data/objaverse_xl/hf-objaverse-v1/glbs/000-134/b57647c6363f4b00899d71ed62713988.glb,sketchfab,glb,Creative Commons - Attribution,ef39d947747fee485b4b9178a145e9aa7b7e6bcb95227a2723c558814393b478
https://sketchfab.com/3d-models/ab580f23c2594f0ea71bf6b4cae797e0,/workspace/data/objaverse_xl/hf-objaverse-v1/glbs/000-108/ab580f23c2594f0ea71bf6b4cae797e0.glb,sketchfab,glb,Creative Commons - Attribution,1c9b399f9087da9250653bc922c1222e94082423a3e28dbfb2bea4e0890249bc
https://sketchfab.com/3d-models/b3d49f8064ed4c10bfa6e6c3500c9f6e,/workspace/data/objaverse_xl/hf-objaverse-v1/glbs/000-080/b3d49f8064ed4c10bfa6e6c3500c9f6e.glb,sketchfab,glb,Creative Commons - Attribution,dc5cc8b7a1c6de43a420a599487c54cd8b8bb7a2e9a6326676a67a87801c0dfa
https://sketchfab.com/3d-models/3bc4be75e7634ce0bc8e07b50e2bc369,/workspace/data/objaverse_xl/hf-objaverse-v1/glbs/000-043/3bc4be75e7634ce0bc8e07b50e2bc369.glb,sketchfab,glb,Creative Commons - Attribution,0a138487330f214b2065188cd0089b5720a0eee7de6713d125c888a50a3c245b
https://sketchfab.com/3d-models/ea8e5ae5010a429c8f172e56d223d2fb,/workspace/data/objaverse_xl/hf-objaverse-v1/glbs/000-043/ea8e5ae5010a429c8f172e56d223d2fb.glb,sketchfab,glb,Creative Commons - Attribution,9cdf9e2e560bc77c965bd34c38a82ded28bae654b31b1a55e45c858d88d1ba81
https://sketchfab.com/3d-models/9bb9eb9e8bbb40f2ac174f0cacfc78cf,/workspace/data/objaverse_xl/hf-objaverse-v1/glbs/000-084/9bb9eb9e8bbb40f2ac174f0cacfc78cf.glb,sketchfab,glb,Creative Commons - Attribution,207398e1d3d6f0d0137c770f286fdca10fd35de3361e0241afdff53c67a9c0b2
https://sketchfab.com/3d-models/9257e4f68fa943858846afcc5278e465,/workspace/data/objaverse_xl/hf-objaverse-v1/glbs/000-067/9257e4f68fa943858846afcc5278e465.glb,sketchfab,glb,Creative Commons - Attribution - Non-Commercial - Share Alike,54ad69af145a8e3218fc7d6d9e3e0a12fda043dc031b9ddafa6ad8048ec759f7
https://sketchfab.com/3d-models/7364b06e116748d8b16046442613749a,/workspace/data/objaverse_xl/hf-objaverse-v1/glbs/000-119/7364b06e116748d8b16046442613749a.glb,sketchfab,glb,Creative Commons - Attribution,be71b992603fbb8c4d4f63415a66b13fbcdfe5d801991f66b304ab54f56bc228
https://sketchfab.com/3d-models/1f48c8e4d2ed49cf8c368759447b5891,/workspace/data/objaverse_xl/hf-objaverse-v1/glbs/000-100/1f48c8e4d2ed49cf8c368759447b5891.glb,sketchfab,glb,Creative Commons - Attribution,5a8eea2828f2ce6fa53d14fa9537aceb0682fea2498bca08671593040b27ebbc
https://sketchfab.com/3d-models/75e1030218d24139b0879ee8b55de964,/workspace/data/objaverse_xl/hf-objaverse-v1/glbs/000-083/75e1030218d24139b0879ee8b55de964.glb,sketchfab,glb,Creative Commons - Attribution,dc56f9b27b6fc659c7887c9c66d9c7753b40f1bd286f8347c9fd7798d8c3401c
https://sketchfab.com/3d-models/42a1fe149b3341b190416e1034bb5fb7,/workspace/data/objaverse_xl/hf-objaverse-v1/glbs/000-075/42a1fe149b3341b190416e1034bb5fb7.glb,sketchfab,glb,Creative Commons - Attribution,7002e786921760ee78b6bae4100eaf08a85061c8c19115a43b3b0273aaadfe0b
https://sketchfab.com/3d-models/96f1b7737a384bc6ae9e4dd58ace016f,/workspace/data/objaverse_xl/hf-objaverse-v1/glbs/000-072/96f1b7737a384bc6ae9e4dd58ace016f.glb,sketchfab,glb,Creative Commons - Attribution,64460b00c3435762c3c65ca5d63f4cbae68c49a40ddfd0ab5dce9a3dfc8412cd
https://sketchfab.com/3d-models/a31a4d8d9a3e469d870ca22046249ed5,/workspace/data/objaverse_xl/hf-objaverse-v1/glbs/000-081/a31a4d8d9a3e469d870ca22046249ed5.glb,sketchfab,glb,Creative Commons - Attribution,a0a38188fdaa776bb8607d94c70dd2fa8f6513ab7aaf28cf2cdc3389d6d197a1
https://sketchfab.com/3d-models/d6995fe908b54ff6a3f6770cab6482a1,/workspace/data/objaverse_xl/hf-objaverse-v1/glbs/000-046/d6995fe908b54ff6a3f6770cab6482a1.glb,sketchfab,glb,Creative Commons - Attribution,5a1a43610e5a5bce0312acc0da80b016083e04f6b23265acbc0bc1d74e2facdb
https://sketchfab.com/3d-models/a530c0a8a6e646b78cb571103bf29211,/workspace/data/objaverse_xl/hf-objaverse-v1/glbs/000-009/a530c0a8a6e646b78cb571103bf29211.glb,sketchfab,glb,Creative Commons - Attribution,47449242e99ebdb35c72ecfe072f8bfaaa948d7c6b9e0fa03d96cae68c8d7f5b
https://sketchfab.com/3d-models/7571c2647fcb43e29e52d2b3928fdab6,/workspace/data/objaverse_xl/hf-objaverse-v1/glbs/000-084/7571c2647fcb43e29e52d2b3928fdab6.glb,sketchfab,glb,Creative Commons - Attribution,dc3eaeac0c05e046dc6a64ec403d9b13943f4e3476ba659e7325a9e9b6bf735a
https://sketchfab.com/3d-models/2e75bb8c412641549c687d7ca3cb54fe,/workspace/data/objaverse_xl/hf-objaverse-v1/glbs/000-088/2e75bb8c412641549c687d7ca3cb54fe.glb,sketchfab,glb,Creative Commons - Attribution - Non-Commercial - Share Alike,4f6d393e014eb6156682ec0d8496e8115701a1f56dcdc39dbb88856dfd4fb7b2
https://sketchfab.com/3d-models/22283045abf2480684ee34530739fd20,/workspace/data/objaverse_xl/hf-objaverse-v1/glbs/000-130/22283045abf2480684ee34530739fd20.glb,sketchfab,glb,Creative Commons - Attribution,76332493082ca9ec31b83e8986eb480248cddb2523f019ec5acbee69f10400e2
https://sketchfab.com/3d-models/d230a6d3eede47e4ba2a54c3ecc7006a,/workspace/data/objaverse_xl/hf-objaverse-v1/glbs/000-027/d230a6d3eede47e4ba2a54c3ecc7006a.glb,sketchfab,glb,Creative Commons - Attribution,429c541119f22731cd0212b85b9739ab809d6d393b767e2e8433c84319d5feea
https://sketchfab.com/3d-models/8950a22a4f5d41b5b08584e2debb4907,/workspace/data/objaverse_xl/hf-objaverse-v1/glbs/000-002/8950a22a4f5d41b5b08584e2debb4907.glb,sketchfab,glb,Creative Commons - Attribution,225ae7a78b2f80552c2db150c4a92c6c23457de0f036b580acd14b12113598da
https://sketchfab.com/3d-models/d117f5bdb06a4417863057011dddb86c,/workspace/data/objaverse_xl/hf-objaverse-v1/glbs/000-146/d117f5bdb06a4417863057011dddb86c.glb,sketchfab,glb,Creative Commons - Attribution,97f2a91d827b6a9754eb4897afa3040cb318dcc59080ccf4f9c8139b0fcc6ae2
https://sketchfab.com/3d-models/4e6c9b009c974a1f967df7ca7ac3e535,/workspace/data/objaverse_xl/hf-objaverse-v1/glbs/000-121/4e6c9b009c974a1f967df7ca7ac3e535.glb,sketchfab,glb,Creative Commons - Attribution - Non-Commercial - Share Alike,184497502abb2a34e50c555c1e427757d6d64713e5e1830992cddc7601aba024
https://sketchfab.com/3d-models/ff90ec8fc1be45d79611c82e1f48b4d5,/workspace/data/objaverse_xl/hf-objaverse-v1/glbs/000-095/ff90ec8fc1be45d79611c82e1f48b4d5.glb,sketchfab,glb,Creative Commons - Attribution,285d4ed4c625711c823cebd55e3f29a601759cb5bb050a02a1517d86ab61fefc
https://sketchfab.com/3d-models/33c1f79659b144859fa29a192093393a,/workspace/data/objaverse_xl/hf-objaverse-v1/glbs/000-117/33c1f79659b144859fa29a192093393a.glb,sketchfab,glb,Creative Commons - Attribution,bd2b6fcb887b2a8ef4a62942ecfefb0eb0360d32786a1866dd7087375af8f6f5
https://sketchfab.com/3d-models/be44a57e6fb040378dd32f732af67863,/workspace/data/objaverse_xl/hf-objaverse-v1/glbs/000-051/be44a57e6fb040378dd32f732af67863.glb,sketchfab,glb,Creative Commons - Attribution,fae450968649aee8bdfcbe25046ad7f5d7aa6f16c4ff66ba950733fc4043de0d
https://sketchfab.com/3d-models/1174adc201594ac49824798b3245eecc,/workspace/data/objaverse_xl/hf-objaverse-v1/glbs/000-088/1174adc201594ac49824798b3245eecc.glb,sketchfab,glb,Creative Commons - Attribution,e2a11f9c45e9c4820ce0b5972476e25f88cfb2269774e90d80113d4180a382ac
https://sketchfab.com/3d-models/2cc5a4e2a4ea4de79fe23fc9cd8c8bad,/workspace/data/objaverse_xl/hf-objaverse-v1/glbs/000-053/2cc5a4e2a4ea4de79fe23fc9cd8c8bad.glb,sketchfab,glb,Creative Commons - Attribution - Non-Commercial - Share Alike,cd400494b488cace1b4acafad3b1a1e03312b41cbb0ae87d0df5f5d1c038661f
https://sketchfab.com/3d-models/9e0c7142b7804b7ebfa13a35528a85dc,/workspace/data/objaverse_xl/hf-objaverse-v1/glbs/000-086/9e0c7142b7804b7ebfa13a35528a85dc.glb,sketchfab,glb,Creative Commons - Attribution,d7d07d6c5c4703b49411f99265057fb46908f8c854e9078c777400c26cf8ef2f
https://sketchfab.com/3d-models/a6f9553f58cd48d29f28dd151298feea,/workspace/data/objaverse_xl/hf-objaverse-v1/glbs/000-038/a6f9553f58cd48d29f28dd151298feea.glb,sketchfab,glb,Creative Commons - Attribution,3c803216b82914b887c260fa854b150d12005d178308de3df1f691cb1cdfb624
https://sketchfab.com/3d-models/dbb5b4cede8f4746bc215ac42019afd3,/workspace/data/objaverse_xl/hf-objaverse-v1/glbs/000-143/dbb5b4cede8f4746bc215ac42019afd3.glb,sketchfab,glb,Creative Commons - Attribution,7d00d2f8f86eab16643da673e85fc1a2d945b66a849f0aef9b78daceccac0cf3
https://sketchfab.com/3d-models/fd3175885cc949ae9ebf99a919190466,/workspace/data/objaverse_xl/hf-objaverse-v1/glbs/000-109/fd3175885cc949ae9ebf99a919190466.glb,sketchfab,glb,Creative Commons - Attribution - Share Alike,54d2a69d6011466f273f3758cd3b3e76701a2a4805c1dadb5bb008fb2f03ee39
https://sketchfab.com/3d-models/582a37ee3c464fd7bf0f07107b2e0cdb,/workspace/data/objaverse_xl/hf-objaverse-v1/glbs/000-137/582a37ee3c464fd7bf0f07107b2e0cdb.glb,sketchfab,glb,Creative Commons - Attribution,c2c4e5c46a6587ff1f8ac8cb22969b21f99df9027ec441db6f5a2eadf21891f4
https://sketchfab.com/3d-models/3d65ddddfe7044be82f00d6b043b2228,/workspace/data/objaverse_xl/hf-objaverse-v1/glbs/000-013/3d65ddddfe7044be82f00d6b043b2228.glb,sketchfab,glb,Creative Commons - Attribution,0a24fc298188c06a02b5f6478c2065128d1ed209df8fb753c2df7fecfbd388c1
https://sketchfab.com/3d-models/65f8421ed50c4cfa9a012d9233d6f5da,/workspace/data/objaverse_xl/hf-objaverse-v1/glbs/000-153/65f8421ed50c4cfa9a012d9233d6f5da.glb,sketchfab,glb,Creative Commons - Attribution,53d00c1c3ef86df7eb9fac895ca857ff5a994cc9994562f2beba62c52587dcc2
https://sketchfab.com/3d-models/5aeaf35c6aa2444c8e9aa66725ee2459,/workspace/data/objaverse_xl/hf-objaverse-v1/glbs/000-062/5aeaf35c6aa2444c8e9aa66725ee2459.glb,sketchfab,glb,Creative Commons - Attribution,5c2e2729eabf23ca6fed2ce9c74f85c17d2a8f02e69c4b0dfb15c9973b92d1c1
https://sketchfab.com/3d-models/75388ea3daa14567a545a17ffab8e96b,/workspace/data/objaverse_xl/hf-objaverse-v1/glbs/000-063/75388ea3daa14567a545a17ffab8e96b.glb,sketchfab,glb,Creative Commons - Attribution,a5a912b7eb39071c63381055ab92c2b2bcf72816f75a194d432759614cccca22
https://sketchfab.com/3d-models/73ceb170b46a46009297dc091b45f417,/workspace/data/objaverse_xl/hf-objaverse-v1/glbs/000-110/73ceb170b46a46009297dc091b45f417.glb,sketchfab,glb,Creative Commons - Attribution,15e9f90d920e93c9deb9d80ff9370354c0d37751c1999b50738086b5f61d73a2
https://sketchfab.com/3d-models/17f318f04e264aa089df7028dc81cb69,/workspace/data/objaverse_xl/hf-objaverse-v1/glbs/000-038/17f318f04e264aa089df7028dc81cb69.glb,sketchfab,glb,Creative Commons - Attribution,8fbc70fa0d81a0e48a62cb7a5fcf74549e06f3f8cb940fd4619107b551f0d782
https://sketchfab.com/3d-models/02e86ee097b44fbeb91a9d02e84e42f4,/workspace/data/objaverse_xl/hf-objaverse-v1/glbs/000-096/02e86ee097b44fbeb91a9d02e84e42f4.glb,sketchfab,glb,Creative Commons - Attribution,7cdd8cbb9aadb146b68a34353162c4561c82dc34970577bd17275d7f81ac81ce
https://sketchfab.com/3d-models/6f82a6d03ed244b7a5684f175dd42150,/workspace/data/objaverse_xl/hf-objaverse-v1/glbs/000-082/6f82a6d03ed244b7a5684f175dd42150.glb,sketchfab,glb,Creative Commons - Attribution,f0f3764d7676ea4d41857bdf6304d1b2d50266cd5d88d3e0a06225bbe8c1f0e5
https://sketchfab.com/3d-models/901f911bab7541d7991e801dc546f623,/workspace/data/objaverse_xl/hf-objaverse-v1/glbs/000-017/901f911bab7541d7991e801dc546f623.glb,sketchfab,glb,Creative Commons - Attribution,852c072a68f84c73e044b6285c762b7ef739b745ef6acb80882a8c9430abd757
https://sketchfab.com/3d-models/97fdfbeeb46d4294b1b6067198170b25,/workspace/data/objaverse_xl/hf-objaverse-v1/glbs/000-085/97fdfbeeb46d4294b1b6067198170b25.glb,sketchfab,glb,Creative Commons - Attribution,0aa057010c6c07a53b34763cc536719580d4aa6689bab74fe1ea81d6e6608dc7
https://sketchfab.com/3d-models/65cb51c79407460289454d0cf3bb6bc5,/workspace/data/objaverse_xl/hf-objaverse-v1/glbs/000-067/65cb51c79407460289454d0cf3bb6bc5.glb,sketchfab,glb,Creative Commons - Attribution,06895a1f46826e642fc3a5c924460a98a54cdd8908b0a802090c3e31ad35a859
https://sketchfab.com/3d-models/1f88a19273844ae1855c27f77ccf6e3b,/workspace/data/objaverse_xl/hf-objaverse-v1/glbs/000-055/1f88a19273844ae1855c27f77ccf6e3b.glb,sketchfab,glb,Creative Commons - Attribution - Non-Commercial - Share Alike,25f1f2f3299ae58ff06a45538ae7cf07547b01db89e9c776f17053fd2ac0f68b
https://sketchfab.com/3d-models/7b1c1b63fcf645b48aba908aa3e5bb16,/workspace/data/objaverse_xl/hf-objaverse-v1/glbs/000-059/7b1c1b63fcf645b48aba908aa3e5bb16.glb,sketchfab,glb,Creative Commons - Attribution,34cc5c4c06abf6f9d79b486bd3592081e09f1aa0e277a7b9f70c58945a8d2d12
https://sketchfab.com/3d-models/afa57faced7340699704b3cb410e3ee3,/workspace/data/objaverse_xl/hf-objaverse-v1/glbs/000-002/afa57faced7340699704b3cb410e3ee3.glb,sketchfab,glb,Creative Commons - Attribution,406b5d1ccf707feba63edffc5f64a2c79ce77c88bb03f3d2df7815245de275b3
https://sketchfab.com/3d-models/5926948865744c669e197d126bf8f768,/workspace/data/objaverse_xl/hf-objaverse-v1/glbs/000-121/5926948865744c669e197d126bf8f768.glb,sketchfab,glb,Creative Commons - Attribution,5a276f2ff741c2bd51d3abd3a300b515df617efe864bee7b07b848f7288320db
https://sketchfab.com/3d-models/adebc47975704f9285fcefc3a43071ca,/workspace/data/objaverse_xl/hf-objaverse-v1/glbs/000-059/adebc47975704f9285fcefc3a43071ca.glb,sketchfab,glb,Creative Commons - Attribution,3fa5e1496105dcda6f1c75c58774969d45dd681dbb5ae300d485072d4017d8ec
https://sketchfab.com/3d-models/dcfa1027a2594716a08f01951f68175b,/workspace/data/objaverse_xl/hf-objaverse-v1/glbs/000-103/dcfa1027a2594716a08f01951f68175b.glb,sketchfab,glb,Creative Commons - Attribution,9bbb3f1803593e4f21f99664800aafe62f53a6086de040eeb346eb37d57c93ab
https://sketchfab.com/3d-models/ca6b96e3524c4f27be1383188cc5b0e3,/workspace/data/objaverse_xl/hf-objaverse-v1/glbs/000-109/ca6b96e3524c4f27be1383188cc5b0e3.glb,sketchfab,glb,Creative Commons - Attribution - Non-Commercial - Share Alike,8c0f1846155820f6f884a0cd7c65baa738554e5406ade4786c746fce58167f12
https://sketchfab.com/3d-models/3145d49a61ba45439943d6f57a8d35fe,/workspace/data/objaverse_xl/hf-objaverse-v1/glbs/000-148/3145d49a61ba45439943d6f57a8d35fe.glb,sketchfab,glb,Creative Commons - Attribution,da35efe0ea5a7f400f3263fa3920f69fb655413f77224cc76fe555976c9b4a08
https://sketchfab.com/3d-models/1a9b038e7d574ebb9261d73463965205,/workspace/data/objaverse_xl/hf-objaverse-v1/glbs/000-060/1a9b038e7d574ebb9261d73463965205.glb,sketchfab,glb,Creative Commons - Attribution,e19d45aa2dd2b180e9293c280880e8dcc068a4b4ae6409fbefbda268b06435e7
https://sketchfab.com/3d-models/b6c122ff7a2642b294af3e2c5267b49f,/workspace/data/objaverse_xl/hf-objaverse-v1/glbs/000-044/b6c122ff7a2642b294af3e2c5267b49f.glb,sketchfab,glb,Creative Commons - Attribution,5c9a2316b61a779a292f481e042a2de4518c0f5d2dcc420438d5732317e57353
https://sketchfab.com/3d-models/ca15153c7a05403e96100feb2121d02c,/workspace/data/objaverse_xl/hf-objaverse-v1/glbs/000-026/ca15153c7a05403e96100feb2121d02c.glb,sketchfab,glb,Creative Commons - Attribution,52f36e40dca398c7e07b56814edc3f7e6e1d0427f52adda9f37ed6d2f0f603cc
https://sketchfab.com/3d-models/58716192bb5146fdaec06a88b38db60b,/workspace/data/objaverse_xl/hf-objaverse-v1/glbs/000-035/58716192bb5146fdaec06a88b38db60b.glb,sketchfab,glb,Creative Commons - Attribution,252b4a81f3deff98ce3144e8251b43f770b899296a0390c02ab1ca9a3f322646
https://sketchfab.com/3d-models/c9c9baa13390421aae18f0ddfd0f8c31,/workspace/data/objaverse_xl/hf-objaverse-v1/glbs/000-049/c9c9baa13390421aae18f0ddfd0f8c31.glb,sketchfab,glb,Creative Commons - Attribution,e80596cc38d985aa79b84f03b50edd2bfe82f3f0c429031d9c71dcf3d7aa7252
https://sketchfab.com/3d-models/7b281b0f788041968131af694b4687cc,/workspace/data/objaverse_xl/hf-objaverse-v1/glbs/000-035/7b281b0f788041968131af694b4687cc.glb,sketchfab,glb,Creative Commons - Attribution,b001d14cce9fbfae1308bfde933eebc2befd6fc22cea4e330761c05fec94519c
https://sketchfab.com/3d-models/a2f59432454a4392975dca71a30c7dc5,/workspace/data/objaverse_xl/hf-objaverse-v1/glbs/000-128/a2f59432454a4392975dca71a30c7dc5.glb,sketchfab,glb,Creative Commons - Attribution,f30c728327a0f7dbcea017bee605689cc480309391713987a10a2ecd1506759a
https://sketchfab.com/3d-models/54d4622bb4e84b069c4aa4233a8dde98,/workspace/data/objaverse_xl/hf-objaverse-v1/glbs/000-087/54d4622bb4e84b069c4aa4233a8dde98.glb,sketchfab,glb,Creative Commons - Attribution,243385779cf52e4f9f8877002afba47ba0741d66efb7094eb00594c6aba0228d
https://sketchfab.com/3d-models/82b78b87a6284e8b868f76ec7ad4dbd5,/workspace/data/objaverse_xl/hf-objaverse-v1/glbs/000-025/82b78b87a6284e8b868f76ec7ad4dbd5.glb,sketchfab,glb,Creative Commons - Attribution,7e85f26955cddbc14f9d6faa0b879ee6f493fea4b785e6463bee502ef5ec97a2
https://sketchfab.com/3d-models/55f4aa26a4f04a07b1f9489e88cdb3eb,/workspace/data/objaverse_xl/hf-objaverse-v1/glbs/000-133/55f4aa26a4f04a07b1f9489e88cdb3eb.glb,sketchfab,glb,Creative Commons - Attribution,b45568573b73f622cbe67ad322dc51fd9dded9841616cd19147bfe84c8d01f4f
https://sketchfab.com/3d-models/5a2d10b87c3a46a6bb1b466e1fdda3f6,/workspace/data/objaverse_xl/hf-objaverse-v1/glbs/000-103/5a2d10b87c3a46a6bb1b466e1fdda3f6.glb,sketchfab,glb,Creative Commons - Attribution,8cda12f350d5f185147ba871cabe859f0360ba2503b95910f1a1edba4cf00fea
https://sketchfab.com/3d-models/8513e0bc1c074a6e8820784ec864de54,/workspace/data/objaverse_xl/hf-objaverse-v1/glbs/000-119/8513e0bc1c074a6e8820784ec864de54.glb,sketchfab,glb,Creative Commons - Attribution,27129a49725f087e3f1e904108543b601b5a888063073ec321ba5459b0eb40a6
https://sketchfab.com/3d-models/bc973d3908334b228bd4539beb54c608,/workspace/data/objaverse_xl/hf-objaverse-v1/glbs/000-137/bc973d3908334b228bd4539beb54c608.glb,sketchfab,glb,Creative Commons - Attribution,8a02c06a9ca2a8a79205ff7f13ad2d560c4d9b3c9dc7c226f293452679af93db
https://sketchfab.com/3d-models/1060145385db408db34c91f112f67f71,/workspace/data/objaverse_xl/hf-objaverse-v1/glbs/000-082/1060145385db408db34c91f112f67f71.glb,sketchfab,glb,Creative Commons - Attribution,b2ac031d9dfca95b517938a704f240a7fb5937a403b2e4e7c1496b058cf4c7c7
https://sketchfab.com/3d-models/1f088de099d24cea9d8bba2a3d067403,/workspace/data/objaverse_xl/hf-objaverse-v1/glbs/000-114/1f088de099d24cea9d8bba2a3d067403.glb,sketchfab,glb,Creative Commons - Attribution,eab42ffaec0e1ef32cd20568fcc8c395e8f6653c574cdd479087fafd15680e72
https://sketchfab.com/3d-models/2befbd97d29c4f299779bcf886bf187e,/workspace/data/objaverse_xl/hf-objaverse-v1/glbs/000-150/2befbd97d29c4f299779bcf886bf187e.glb,sketchfab,glb,Creative Commons - Attribution,4730e5ae72b23dcf084b8b919c1bf3aabd08f0256d6f3565f9bb142f1e279a51
https://sketchfab.com/3d-models/8bfd40ec78484387b36e8232f6e19f96,/workspace/data/objaverse_xl/hf-objaverse-v1/glbs/000-039/8bfd40ec78484387b36e8232f6e19f96.glb,sketchfab,glb,Creative Commons - Attribution,e03ff0ccf49543ab8856e8d19033df0d2c422d45280a59d1280e840a207c33ee
https://sketchfab.com/3d-models/21a521feb26e49e0b56d9055eb7de588,/workspace/data/objaverse_xl/hf-objaverse-v1/glbs/000-144/21a521feb26e49e0b56d9055eb7de588.glb,sketchfab,glb,Creative Commons - Attribution,13af007eccf8e731a3f1430ffde5b457dc317af00b94603f03e0756882e8f357
https://sketchfab.com/3d-models/64c18ad207514aa28b487e9ea8649c12,/workspace/data/objaverse_xl/hf-objaverse-v1/glbs/000-068/64c18ad207514aa28b487e9ea8649c12.glb,sketchfab,glb,Creative Commons - Attribution - Share Alike,ae000604c776cb7e8d669804728b4bf0128d8de0c2502f4212a3c83414617920
https://sketchfab.com/3d-models/d2daf67e2902435e92fe3e448ab93515,/workspace/data/objaverse_xl/hf-objaverse-v1/glbs/000-059/d2daf67e2902435e92fe3e448ab93515.glb,sketchfab,glb,Creative Commons - Attribution,608b3a31bf3b2f8c07b9e200e39ce5afdc2e36d5b9f13ebc6cf8df70db491db3
https://sketchfab.com/3d-models/b6b6c151716a40c2b7e477f1b2898c80,/workspace/data/objaverse_xl/hf-objaverse-v1/glbs/000-044/b6b6c151716a40c2b7e477f1b2898c80.glb,sketchfab,glb,Creative Commons - Attribution,0f3023350f12a941780f0640c79d6884f1a2f9d93d07c3a154c3e0f92004778b
https://sketchfab.com/3d-models/ffa46f360e7c49bf829e4238b7624dd4,/workspace/data/objaverse_xl/hf-objaverse-v1/glbs/000-043/ffa46f360e7c49bf829e4238b7624dd4.glb,sketchfab,glb,Creative Commons - Attribution,2aac9b164244799c9786a2a26df1ea441d1fca33e3fb369f85b2e5857ac940da
https://sketchfab.com/3d-models/c3b0b3ba284c4de4a43786bf7cc14e63,/workspace/data/objaverse_xl/hf-objaverse-v1/glbs/000-139/c3b0b3ba284c4de4a43786bf7cc14e63.glb,sketchfab,glb,Creative Commons - Attribution,e446530d7817cc0f2c16f94482ddc51ad218a5279c0fd6c508fa5e39289f1883
https://sketchfab.com/3d-models/69ec0665c4ba4b4c9f633f3b561c8297,/workspace/data/objaverse_xl/hf-objaverse-v1/glbs/000-154/69ec0665c4ba4b4c9f633f3b561c8297.glb,sketchfab,glb,Creative Commons - Attribution,61844b72c4d09e2d2d5f3f6631f2fac7d4c665c01520b3fe706897583eaaa357
https://sketchfab.com/3d-models/94827df4e5b24df89c95be581551b5c1,/workspace/data/objaverse_xl/hf-objaverse-v1/glbs/000-050/94827df4e5b24df89c95be581551b5c1.glb,sketchfab,glb,Creative Commons - Attribution,b01d8428500bbddb721a7a88ffab2c0e136839dccbaddb57759b2a9d48bba52a
https://sketchfab.com/3d-models/343c10f3a66645bea38a8c65f52958e2,/workspace/data/objaverse_xl/hf-objaverse-v1/glbs/000-008/343c10f3a66645bea38a8c65f52958e2.glb,sketchfab,glb,Creative Commons - Attribution,78ce429ecf33810887b07ed6fe73a1e94707a3e4414460e10241ac74a95ea14d
https://sketchfab.com/3d-models/65b2d242268344a6a3e64b8097995823,/workspace/data/objaverse_xl/hf-objaverse-v1/glbs/000-088/65b2d242268344a6a3e64b8097995823.glb,sketchfab,glb,Creative Commons - Attribution,833fcdcc3060562055a2e43c9735adfe34f58df1202b6c004b7588989f81c982
https://sketchfab.com/3d-models/0974aa9b8449480499c073faeeb118aa,/workspace/data/objaverse_xl/hf-objaverse-v1/glbs/000-089/0974aa9b8449480499c073faeeb118aa.glb,sketchfab,glb,Creative Commons - Attribution,7f47844c8568c6843a8085b647b1be5ea96b39e21c6e02ad8bff5af7c662c3d7
https://sketchfab.com/3d-models/205ebf7d9acc4b3791fef48b24b1ff64,/workspace/data/objaverse_xl/hf-objaverse-v1/glbs/000-128/205ebf7d9acc4b3791fef48b24b1ff64.glb,sketchfab,glb,Creative Commons - Attribution,5c5cd9319135aaff2d05436fee07aabd7c819ec63391c2b2efbcf4100e033e02
https://sketchfab.com/3d-models/ffb3a4aaafc64d12b88cf248c32f06b9,/workspace/data/objaverse_xl/hf-objaverse-v1/glbs/000-012/ffb3a4aaafc64d12b88cf248c32f06b9.glb,sketchfab,glb,Creative Commons - Attribution,c4c35116dfac11a7ad686e9f11c0134860f7f99d12e61bcbe99cfe7eda6da2c7
https://sketchfab.com/3d-models/f6d95cb77fe74da494e440d7a523e7da,/workspace/data/objaverse_xl/hf-objaverse-v1/glbs/000-073/f6d95cb77fe74da494e440d7a523e7da.glb,sketchfab,glb,Creative Commons - Attribution,5a04d6ccd2eee73ad8880e8f28430516428c59224d3c12f92ba7704a1190f492
https://sketchfab.com/3d-models/9628fd6220694b44b5b37da3d72b815b,/workspace/data/objaverse_xl/hf-objaverse-v1/glbs/000-011/9628fd6220694b44b5b37da3d72b815b.glb,sketchfab,glb,Creative Commons - Attribution,129b5bdc27fbfe81e4df26d3e15c88ebbd07764aa32f54a06fd840fff7e33ba7
https://sketchfab.com/3d-models/7957aa3034a14a62952211a4f9bc301f,/workspace/data/objaverse_xl/hf-objaverse-v1/glbs/000-017/7957aa3034a14a62952211a4f9bc301f.glb,sketchfab,glb,Creative Commons - Attribution - Share Alike,c66cff7499f1cb21e5534b83844fba956efc7907b198193579d9923eea983fa7
https://sketchfab.com/3d-models/6065494f36b141aebb588d1c31595b94,/workspace/data/objaverse_xl/hf-objaverse-v1/glbs/000-045/6065494f36b141aebb588d1c31595b94.glb,sketchfab,glb,Creative Commons - Attribution,314cc125f4463c1329b4a0a01a2be72b013d2bc1a2dd36e7cc1cce7768879627
https://sketchfab.com/3d-models/c504c18f0cdf40beaa5b8cccb6da3009,/workspace/data/objaverse_xl/hf-objaverse-v1/glbs/000-085/c504c18f0cdf40beaa5b8cccb6da3009.glb,sketchfab,glb,Creative Commons - Attribution - Non-Commercial - Share Alike,7ee6b74d03f119c3d04e9e4076519c9916b09cce93a0943673b78734deb1f5c0
https://sketchfab.com/3d-models/81ddc818f64d44a096f863f25405c19f,/workspace/data/objaverse_xl/hf-objaverse-v1/glbs/000-052/81ddc818f64d44a096f863f25405c19f.glb,sketchfab,glb,Creative Commons - Attribution,e7cd86f697e90da4949e6559b3e3e80725423178ea82310cddfb966e2f740373
https://sketchfab.com/3d-models/628213628cd24f9a865dd4433c57d1a7,/workspace/data/objaverse_xl/hf-objaverse-v1/glbs/000-027/628213628cd24f9a865dd4433c57d1a7.glb,sketchfab,glb,Creative Commons - Attribution - Non-Commercial - Share Alike,c28f8fb4b076a10614302068286dfa640b2476b05923c38cc6f0bbeeceecdefc
https://sketchfab.com/3d-models/912bc2ef301f430aa863dbb846a4028f,/workspace/data/objaverse_xl/hf-objaverse-v1/glbs/000-055/912bc2ef301f430aa863dbb846a4028f.glb,sketchfab,glb,Creative Commons - Attribution,baae37853cf0fbbcc105261aa22b488207d1d3f4a2be3e5ec8d9b0f01c23d35d
https://sketchfab.com/3d-models/08fa200ec1bd4d5082ebfe7639e3c06f,/workspace/data/objaverse_xl/hf-objaverse-v1/glbs/000-106/08fa200ec1bd4d5082ebfe7639e3c06f.glb,sketchfab,glb,Creative Commons - Attribution,8a3c0a923bc8c9eb4bee9896755e0df3465395d18474b3a05651782078a61127
https://sketchfab.com/3d-models/f995b5b597f1408e9d0a8823929978d6,/workspace/data/objaverse_xl/hf-objaverse-v1/glbs/000-147/f995b5b597f1408e9d0a8823929978d6.glb,sketchfab,glb,Creative Commons - Attribution,c13380d56f5d9e07a60c5173deaa3b6981e4f29c97b137f4200a9c3841a819d9
https://sketchfab.com/3d-models/2116eadc36934cb387f5c28fa7983e2d,/workspace/data/objaverse_xl/hf-objaverse-v1/glbs/000-097/2116eadc36934cb387f5c28fa7983e2d.glb,sketchfab,glb,Creative Commons - Attribution,4ef19aaaaa5377e6ec4e5e53cd8dbc2c7a00ef2dc75dade02cc22378b8e1e628
https://sketchfab.com/3d-models/5e9da68f451a4f158b1d5bcb07b53665,/workspace/data/objaverse_xl/hf-objaverse-v1/glbs/000-082/5e9da68f451a4f158b1d5bcb07b53665.glb,sketchfab,glb,Creative Commons - Attribution,1500ff6a2905e18099f9f175b7707abe32dab428f3291357fa0ca0cbbde17ddc
https://sketchfab.com/3d-models/89992d3a01b6481c9bdf1183788ab4bf,/workspace/data/objaverse_xl/hf-objaverse-v1/glbs/000-092/89992d3a01b6481c9bdf1183788ab4bf.glb,sketchfab,glb,Creative Commons - Attribution,f80f18e93956489ff2818bd5790689d409efe2c68754be45ded6a020133b49c3
https://sketchfab.com/3d-models/f8d61466418a461fbea6d28c836b0ace,/workspace/data/objaverse_xl/hf-objaverse-v1/glbs/000-019/f8d61466418a461fbea6d28c836b0ace.glb,sketchfab,glb,Creative Commons - Attribution,dc5c3f3dfb6a821f14dd104d77cac12f02e84b3f1765b15900cef5070222a6ba
https://sketchfab.com/3d-models/c8593eadb0ff477aa8913b911c4f2ca8,/workspace/data/objaverse_xl/hf-objaverse-v1/glbs/000-054/c8593eadb0ff477aa8913b911c4f2ca8.glb,sketchfab,glb,Creative Commons - Attribution,b64dfaaffa878369619f8e9c8fb37b2f1619c07b691072150373ffc43f25da96
https://sketchfab.com/3d-models/936e11daf1d94cf69384c4d737cacc72,/workspace/data/objaverse_xl/hf-objaverse-v1/glbs/000-061/936e11daf1d94cf69384c4d737cacc72.glb,sketchfab,glb,Creative Commons - Attribution,4f3ad6b67c226046c01aeba0b1c936611bcebe642494daea7a6ec03933c5d022
https://sketchfab.com/3d-models/7093e1ec44b4481c8d74eff1a0484182,/workspace/data/objaverse_xl/hf-objaverse-v1/glbs/000-070/7093e1ec44b4481c8d74eff1a0484182.glb,sketchfab,glb,Creative Commons - Attribution - Non-Commercial,d390842787acd2d1c98682865fba64a4ca003982a82ff665978021a09a874a7a
https://sketchfab.com/3d-models/0e2d3ab8edef476ea8005de4f5811c4f,/workspace/data/objaverse_xl/hf-objaverse-v1/glbs/000-064/0e2d3ab8edef476ea8005de4f5811c4f.glb,sketchfab,glb,Creative Commons - Attribution,3c9cd9b1ad6d047573fb7d9044364b5e7548d70aba4a61b206e31729420ff6da
https://sketchfab.com/3d-models/db6448863d3344ef9ce94cfbdaf1733e,/workspace/data/objaverse_xl/hf-objaverse-v1/glbs/000-115/db6448863d3344ef9ce94cfbdaf1733e.glb,sketchfab,glb,Creative Commons - Attribution,3337389991d5517c1c8dba85e3fc67e7bbd4bfe0cdc8a92294e267ddce9e55f0
https://sketchfab.com/3d-models/f90b5064879c4c08bc96772d341f6136,/workspace/data/objaverse_xl/hf-objaverse-v1/glbs/000-035/f90b5064879c4c08bc96772d341f6136.glb,sketchfab,glb,Creative Commons - Attribution,6c5c7ee6b6bfa4f8a578cc26d6d8a989a822ac7cf73804a77321c692d350d9c8
https://sketchfab.com/3d-models/f8257e79b7a649cca73cf94eac15d441,/workspace/data/objaverse_xl/hf-objaverse-v1/glbs/000-031/f8257e79b7a649cca73cf94eac15d441.glb,sketchfab,glb,Creative Commons - Attribution,2a926297b872fd0dbaa68e4652855efa27f893d358cb62d06399d8ecc7e47cb3
https://sketchfab.com/3d-models/0c82390d0be04551b8d0b93667135c4b,/workspace/data/objaverse_xl/hf-objaverse-v1/glbs/000-156/0c82390d0be04551b8d0b93667135c4b.glb,sketchfab,glb,Creative Commons - Attribution,37698d4c1aac0bfd49d080ab1b025a592c35cd2f158d37b46491ba3885b79a75
https://sketchfab.com/3d-models/c53d6c54c4954fcc873235e58968b682,/workspace/data/objaverse_xl/hf-objaverse-v1/glbs/000-147/c53d6c54c4954fcc873235e58968b682.glb,sketchfab,glb,Creative Commons - Attribution,39e3d89634cbc0faf38741c6ebbba4082739475604f1a5f6bc8514ea58ccd04d
https://sketchfab.com/3d-models/99f1797d9b0240778f77e39b150d5ee6,/workspace/data/objaverse_xl/hf-objaverse-v1/glbs/000-093/99f1797d9b0240778f77e39b150d5ee6.glb,sketchfab,glb,Creative Commons - Attribution,1645bac80a73026e2b25f0b0d5ecde0cc72a51d6b311ae0e7ce9fe0da79d6e6c
https://sketchfab.com/3d-models/f8bac1b24b4840488054ada18272057a,/workspace/data/objaverse_xl/hf-objaverse-v1/glbs/000-005/f8bac1b24b4840488054ada18272057a.glb,sketchfab,glb,Creative Commons - Attribution,32cf0538057ac8a5a12d1257467d6b14df81ac49c473ac864018f67475784405
https://sketchfab.com/3d-models/96d8a6925bb245dfa5fd79fa4a0780c7,/workspace/data/objaverse_xl/hf-objaverse-v1/glbs/000-078/96d8a6925bb245dfa5fd79fa4a0780c7.glb,sketchfab,glb,Creative Commons - Attribution - Non-Commercial - Share Alike,94e57e8996c45f8337ee08a9a6fdf01fe86b40a7c3497d649e035e47c96ab99f
https://sketchfab.com/3d-models/82d4d3a57d0d4406882434a6973c16f2,/workspace/data/objaverse_xl/hf-objaverse-v1/glbs/000-031/82d4d3a57d0d4406882434a6973c16f2.glb,sketchfab,glb,Creative Commons - Attribution,e8a0ae8c7878abdfb3e126fb1fa37fe889cbd2d3dd5949cbedd8e07937706f8c
https://sketchfab.com/3d-models/f73c6b5a40714e239fe0e161584a4789,/workspace/data/objaverse_xl/hf-objaverse-v1/glbs/000-126/f73c6b5a40714e239fe0e161584a4789.glb,sketchfab,glb,Creative Commons - Attribution - Non-Commercial - Share Alike,a640769afc1a266078e4df568b1a2cc259efb99a9bdd7fa9de034643217e05cd
https://sketchfab.com/3d-models/3615be47e39c45fc953e89c5e48a4560,/workspace/data/objaverse_xl/hf-objaverse-v1/glbs/000-020/3615be47e39c45fc953e89c5e48a4560.glb,sketchfab,glb,Creative Commons - Attribution,b5fa672a7e2b7a7828ae447e2568533d31361a0fcc7313634e793d93b4f23c28
https://sketchfab.com/3d-models/a47c42aa3dc249bc88415f9f20ade920,/workspace/data/objaverse_xl/hf-objaverse-v1/glbs/000-133/a47c42aa3dc249bc88415f9f20ade920.glb,sketchfab,glb,Creative Commons - Attribution,823da836111770e40a4d57a30e5ece880470e7731198caf328996ff48f996152
https://sketchfab.com/3d-models/a56123af2a3a49fd841427347e4c4041,/workspace/data/objaverse_xl/hf-objaverse-v1/glbs/000-148/a56123af2a3a49fd841427347e4c4041.glb,sketchfab,glb,Creative Commons - Attribution,be113921d8b1646ad50ababda947aa1ac599e144234be47b4bff51580c457586
https://sketchfab.com/3d-models/115cf072f5664781b62983e0730470dd,/workspace/data/objaverse_xl/hf-objaverse-v1/glbs/000-027/115cf072f5664781b62983e0730470dd.glb,sketchfab,glb,Creative Commons - Attribution,c3ed88a9800cd0872de6f237c3377512b82190cf5f621a4303cc3baa5023c3d8
https://sketchfab.com/3d-models/55457b1be0b34e85936b511b233579e0,/workspace/data/objaverse_xl/hf-objaverse-v1/glbs/000-010/55457b1be0b34e85936b511b233579e0.glb,sketchfab,glb,Creative Commons - Attribution,ee2a84dd7cd5e6e193e5f1491dd09cc087cc751792986b0dd976a4a294e7e171
https://sketchfab.com/3d-models/e5c17ec9bda141e7a7ef9915da17ad0f,/workspace/data/objaverse_xl/hf-objaverse-v1/glbs/000-074/e5c17ec9bda141e7a7ef9915da17ad0f.glb,sketchfab,glb,Creative Commons - Attribution,34d7c366ac540ec10a0309dc83fa7a710bd9a88a07d8f6d96d071feedfa03881
https://sketchfab.com/3d-models/ac970b47701d49288400f6eead4aeed8,/workspace/data/objaverse_xl/hf-objaverse-v1/glbs/000-143/ac970b47701d49288400f6eead4aeed8.glb,sketchfab,glb,Creative Commons - Attribution,765e59132a99ddfa581059e0f804ed4690f9aee0ea59d1cd467960a9b46594c4
https://sketchfab.com/3d-models/73c7b13be3a345a1b081da0996c30796,/workspace/data/objaverse_xl/hf-objaverse-v1/glbs/000-047/73c7b13be3a345a1b081da0996c30796.glb,sketchfab,glb,Creative Commons - Attribution,8a5c898cc625995eec8909a3be07415b694149552a15d963a2d874f49f3c8c67
https://sketchfab.com/3d-models/97a57d608d084cb1b6bdbefc23625254,/workspace/data/objaverse_xl/hf-objaverse-v1/glbs/000-115/97a57d608d084cb1b6bdbefc23625254.glb,sketchfab,glb,Creative Commons - Attribution,31e396d05fe2c3418f0c3b5edd3bab171054ed19f0945fb553a31a5b07439a91
https://sketchfab.com/3d-models/0c7710dbda514dddb22ad121fa28eb41,/workspace/data/objaverse_xl/hf-objaverse-v1/glbs/000-157/0c7710dbda514dddb22ad121fa28eb41.glb,sketchfab,glb,Creative Commons - Attribution,b7af71c2546fc7ca039927a2f7cbc2c8f5e5aae23446a541c4dc2e9061d5791c
https://sketchfab.com/3d-models/ad8d35ce73564d2ca3c94fe8a8b23d5b,/workspace/data/objaverse_xl/hf-objaverse-v1/glbs/000-091/ad8d35ce73564d2ca3c94fe8a8b23d5b.glb,sketchfab,glb,Creative Commons - Attribution,6403bc5ef0e17291f995cfca40b1dd95f9db5a7fe34c86c242fb1188f29f5cee
https://sketchfab.com/3d-models/a25b427e766c4ead83773a405b64ad8d,/workspace/data/objaverse_xl/hf-objaverse-v1/glbs/000-151/a25b427e766c4ead83773a405b64ad8d.glb,sketchfab,glb,Creative Commons - Attribution,cf5e780e71a19141b5b7deda7cd10dd61d5d92c0607ab1e06f78096bca23c4a0
https://sketchfab.com/3d-models/29f124189e3941cf86ade85e59731e50,/workspace/data/objaverse_xl/hf-objaverse-v1/glbs/000-010/29f124189e3941cf86ade85e59731e50.glb,sketchfab,glb,Creative Commons - Attribution,1e23d629a795627ad83dc6a21bca72dfebe6c67e60c3b5861d9d460ba9ec24a0
https://sketchfab.com/3d-models/08b170fa38144c4a949102d33360f169,/workspace/data/objaverse_xl/hf-objaverse-v1/glbs/000-081/08b170fa38144c4a949102d33360f169.glb,sketchfab,glb,Creative Commons - Attribution,cd5158e83bac47aa44512d6a697b87eb0c53cc008bb7265e4c0889d6f36d9a6a
https://sketchfab.com/3d-models/334601f9e50d4f28912c75a61a137a3d,/workspace/data/objaverse_xl/hf-objaverse-v1/glbs/000-027/334601f9e50d4f28912c75a61a137a3d.glb,sketchfab,glb,Creative Commons - Attribution,0495477cf3455d9937ca4ed0004b9c4d8120b587e3fa0b7f46d604d598186963
https://sketchfab.com/3d-models/aa1447161d154f26b7b37d2c60fec895,/workspace/data/objaverse_xl/hf-objaverse-v1/glbs/000-118/aa1447161d154f26b7b37d2c60fec895.glb,sketchfab,glb,Creative Commons - Attribution,006b27133ee1c17ba25236d00e419898358f123b5f35d31233e2b54c5802857d
https://sketchfab.com/3d-models/fe2932924d8742eabcd16f1970d1b2e0,/workspace/data/objaverse_xl/hf-objaverse-v1/glbs/000-041/fe2932924d8742eabcd16f1970d1b2e0.glb,sketchfab,glb,Creative Commons - Attribution,279c3df59197167bddf5bcd9ed65309b059fc5678578fc8e8389b5d080407c2c
https://sketchfab.com/3d-models/bcc797797bca46a6849b213eae7fee19,/workspace/data/objaverse_xl/hf-objaverse-v1/glbs/000-070/bcc797797bca46a6849b213eae7fee19.glb,sketchfab,glb,Creative Commons - Attribution - Non-Commercial - Share Alike,231094e13d39db471fa15d089ed001b90deb382026d4dbcf638e554b17cff2e6
https://sketchfab.com/3d-models/0c2f909d19e74440a469b3910da95431,/workspace/data/objaverse_xl/hf-objaverse-v1/glbs/000-054/0c2f909d19e74440a469b3910da95431.glb,sketchfab,glb,Creative Commons - Attribution,a9f0b44062459821268e4591f1d970b7db2913de2416be7c6ff9f1bd11349711
https://sketchfab.com/3d-models/90e28dff868a48b19a7bf57b8d2699d5,/workspace/data/objaverse_xl/hf-objaverse-v1/glbs/000-109/90e28dff868a48b19a7bf57b8d2699d5.glb,sketchfab,glb,Creative Commons - Attribution,ed4f8d4b109aa24d6be75a420b4f8d09fe4d38f063dd060c047a34e02ca5195c
https://sketchfab.com/3d-models/70d1459f990246fca40bb7d32f53695c,/workspace/data/objaverse_xl/hf-objaverse-v1/glbs/000-028/70d1459f990246fca40bb7d32f53695c.glb,sketchfab,glb,Creative Commons - Attribution,654d30c1fc48a453ba8c6aa2a4f7288c463300a7edd91ce36f4a18942fe9cbd3
https://sketchfab.com/3d-models/128a9d2c601e4662acaafc1adf0514aa,/workspace/data/objaverse_xl/hf-objaverse-v1/glbs/000-151/128a9d2c601e4662acaafc1adf0514aa.glb,sketchfab,glb,Creative Commons - Attribution,947364a888d497ced832a6ff215c892b1acb9996b8d3e467ffeef8beefcd4dd7
https://sketchfab.com/3d-models/74611fd21abd4a22bb51b1ae682c8e65,/workspace/data/objaverse_xl/hf-objaverse-v1/glbs/000-062/74611fd21abd4a22bb51b1ae682c8e65.glb,sketchfab,glb,Creative Commons - Attribution,b42f42c4a05bdc8ffcece974083551abb476d73a3554a64fd421283a96881c3d
https://sketchfab.com/3d-models/378c851df6b3454e807872d7649efbb0,/workspace/data/objaverse_xl/hf-objaverse-v1/glbs/000-041/378c851df6b3454e807872d7649efbb0.glb,sketchfab,glb,Creative Commons - Attribution,7b6fbe613145c00aeaeb202b1675f458286da4209e4878a994022f1e616e461b
https://sketchfab.com/3d-models/3298d3ecc9af42f5aaf576e9917e1e20,/workspace/data/objaverse_xl/hf-objaverse-v1/glbs/000-152/3298d3ecc9af42f5aaf576e9917e1e20.glb,sketchfab,glb,Creative Commons - Attribution,a0b65ed3899da893f6864ae5067b75277d16a70de6e021507d41f73793f3125a
https://sketchfab.com/3d-models/07568b68a411444ebdf65dfd847379bd,/workspace/data/objaverse_xl/hf-objaverse-v1/glbs/000-048/07568b68a411444ebdf65dfd847379bd.glb,sketchfab,glb,Creative Commons - Attribution,2dc44298e89d26ee9619658e778d12fbd15b600907403544eb95deab54933ca1
https://sketchfab.com/3d-models/2102b7185b9645c981a65942386458e7,/workspace/data/objaverse_xl/hf-objaverse-v1/glbs/000-159/2102b7185b9645c981a65942386458e7.glb,sketchfab,glb,Creative Commons - Attribution,9bb034700b5fd4a20c41052f901bc8116b24c9dc9a5781e4ada8d1b50e5b39bf
https://sketchfab.com/3d-models/ec096fca5ff646c1881f4d08374fffee,/workspace/data/objaverse_xl/hf-objaverse-v1/glbs/000-022/ec096fca5ff646c1881f4d08374fffee.glb,sketchfab,glb,Creative Commons - Attribution,b0190aa81e03d140af7adaafae49d5742cd97f4dcafb28cdec0dd65c9200d01c
https://sketchfab.com/3d-models/7c434e0ce92b45ecb57c323028865088,/workspace/data/objaverse_xl/hf-objaverse-v1/glbs/000-064/7c434e0ce92b45ecb57c323028865088.glb,sketchfab,glb,Creative Commons - Attribution,482eb8cbf0295d3405043c717c4a52abae3bb56fbf847a7d6e2f1547538bb945
https://sketchfab.com/3d-models/05cbe856cc844998947528eb30809e27,/workspace/data/objaverse_xl/hf-objaverse-v1/glbs/000-130/05cbe856cc844998947528eb30809e27.glb,sketchfab,glb,Creative Commons - Attribution,2a1be85c93807c78a340e6d0aa5167fb717c26b11391231e3507ae4514b3dea9
https://sketchfab.com/3d-models/531dded45f66425f82783f90384ff72a,/workspace/data/objaverse_xl/hf-objaverse-v1/glbs/000-139/531dded45f66425f82783f90384ff72a.glb,sketchfab,glb,Creative Commons - Attribution,dc9c23f32348e17d8d2a83e567975cbc190c8dd96504fa514b58341c73cf9e73
https://sketchfab.com/3d-models/82b5963a38f442ebb3697edc88f052c4,/workspace/data/objaverse_xl/hf-objaverse-v1/glbs/000-062/82b5963a38f442ebb3697edc88f052c4.glb,sketchfab,glb,Creative Commons - Attribution - Non-Commercial - Share Alike,eb1feb22ec881544f9d988e34ea762f09880d68bc43f9f75c8c70c1b5aa2a31c
https://sketchfab.com/3d-models/71c10ccf15c64a98b376eea793751e78,/workspace/data/objaverse_xl/hf-objaverse-v1/glbs/000-131/71c10ccf15c64a98b376eea793751e78.glb,sketchfab,glb,Creative Commons - Attribution,4c1ae1a0dcede09dc46756e7204e36fad5a866fd746fe4333cfc8f9cfa693f4b
https://sketchfab.com/3d-models/0fd0fdbd068d45ff9fd076ba5bf36a9f,/workspace/data/objaverse_xl/hf-objaverse-v1/glbs/000-158/0fd0fdbd068d45ff9fd076ba5bf36a9f.glb,sketchfab,glb,Creative Commons - Attribution,fbdeb1180dcd795113d93cf98ac0776c24aa11186f05e59e2a014b8efc21fe83
https://sketchfab.com/3d-models/331b88363d624bf0a4e629c35eb99488,/workspace/data/objaverse_xl/hf-objaverse-v1/glbs/000-003/331b88363d624bf0a4e629c35eb99488.glb,sketchfab,glb,Creative Commons - Attribution,32cc009dc3a7f5a8e1f84872c5b6a7bb816bf5481a2852fecea3e416eb03614c
https://sketchfab.com/3d-models/7b6e92b563b34f2b9a00176c319be45d,/workspace/data/objaverse_xl/hf-objaverse-v1/glbs/000-147/7b6e92b563b34f2b9a00176c319be45d.glb,sketchfab,glb,Creative Commons - Attribution,a4b2cc075213afd2e533105745456cb70b00201463c3ed130912b68683d1f1cd
https://sketchfab.com/3d-models/8b0f247824f7481cb3987c2c5c1358df,/workspace/data/objaverse_xl/hf-objaverse-v1/glbs/000-102/8b0f247824f7481cb3987c2c5c1358df.glb,sketchfab,glb,Creative Commons - Attribution,18e06f8432fa48bbab35c5c4f0ed35fdfe074f553142c319410f9a0fa9a80551
https://sketchfab.com/3d-models/c93820e31f1b4a79a6a94269ed9f41b7,/workspace/data/objaverse_xl/hf-objaverse-v1/glbs/000-082/c93820e31f1b4a79a6a94269ed9f41b7.glb,sketchfab,glb,Creative Commons - Attribution,8c109cad6617cc890a0c077a14b3bfc6708b94ae8a6169180c135362880c8e55
https://sketchfab.com/3d-models/13648a0ea5ce4f5bb59771670320d441,/workspace/data/objaverse_xl/hf-objaverse-v1/glbs/000-009/13648a0ea5ce4f5bb59771670320d441.glb,sketchfab,glb,Creative Commons - Attribution - Share Alike,7c8fd59937a59d0d171f9bea145263b4f4ae76eb17e0c9b71949a2ea77ea2c6b
https://sketchfab.com/3d-models/84bf751fcac64425a471fc3a4c5bb2aa,/workspace/data/objaverse_xl/hf-objaverse-v1/glbs/000-047/84bf751fcac64425a471fc3a4c5bb2aa.glb,sketchfab,glb,Creative Commons - Attribution,cddb2ae6316af2163ff90fdd00c98b17e66ce914bd85c4af5414c20d58ca592d
https://sketchfab.com/3d-models/8409bcfb2ce54f09ba386dd09b835481,/workspace/data/objaverse_xl/hf-objaverse-v1/glbs/000-117/8409bcfb2ce54f09ba386dd09b835481.glb,sketchfab,glb,Creative Commons - Attribution,4470571c7b654ba8847bfd643098a5b069219956fc3e1e373b8894283a92366e
https://sketchfab.com/3d-models/3b3e5282c23545cdbf0973cd28f58086,/workspace/data/objaverse_xl/hf-objaverse-v1/glbs/000-090/3b3e5282c23545cdbf0973cd28f58086.glb,sketchfab,glb,Creative Commons - Attribution,6f1508e96ff44fc3ff26c3eee1e326057f542930932532118c9e815ed9ed1c6d
https://sketchfab.com/3d-models/b672ae96062844719189094a818c17e4,/workspace/data/objaverse_xl/hf-objaverse-v1/glbs/000-012/b672ae96062844719189094a818c17e4.glb,sketchfab,glb,Creative Commons - Attribution,f22d17f9860345d6f5d1a0a80895fb1bb593c4d6be70ca50f43d06c4d5192d48
https://sketchfab.com/3d-models/130b1f559be24af48db4ea601a6525ee,/workspace/data/objaverse_xl/hf-objaverse-v1/glbs/000-129/130b1f559be24af48db4ea601a6525ee.glb,sketchfab,glb,Creative Commons - Attribution,2e908b48cf5f97210021e29d62ac892331eaf04a72b9a6a0eec1c345e0c9e0eb
https://sketchfab.com/3d-models/030b2b50fc7346f699e0636045ea6670,/workspace/data/objaverse_xl/hf-objaverse-v1/glbs/000-089/030b2b50fc7346f699e0636045ea6670.glb,sketchfab,glb,Creative Commons - Attribution,fa565807eac86ed0d426a82f3bbd8028ae4820e0e294b5f6162c396b98a87889
https://sketchfab.com/3d-models/123f2707984c44649169e735e41bc685,/workspace/data/objaverse_xl/hf-objaverse-v1/glbs/000-077/123f2707984c44649169e735e41bc685.glb,sketchfab,glb,Creative Commons - Attribution,5ceaaa5506350b665e3e755dd3b904f60557251711ee2f4d5f869a07b5364104
https://sketchfab.com/3d-models/4719e069d94c43fa8e42043cc74f1372,/workspace/data/objaverse_xl/hf-objaverse-v1/glbs/000-047/4719e069d94c43fa8e42043cc74f1372.glb,sketchfab,glb,Creative Commons - Attribution,4d1befe02ce14f76a228b60077ca17730967fa31059b231c7536696c2f860fbc
https://sketchfab.com/3d-models/44b45ae8126a4358ac49321c538e2c31,/workspace/data/objaverse_xl/hf-objaverse-v1/glbs/000-103/44b45ae8126a4358ac49321c538e2c31.glb,sketchfab,glb,Creative Commons - Attribution,e3e29b83220948b26a192ff09036369887b93019a381bc4a7fa72d5b9855e034
https://sketchfab.com/3d-models/08f77222caf546849e262ea93840f066,/workspace/data/objaverse_xl/hf-objaverse-v1/glbs/000-066/08f77222caf546849e262ea93840f066.glb,sketchfab,glb,Creative Commons - Attribution,5cd3dfc717130d1ad1f5cc0c31314930824469097e303d81bdb86a4d42443ef4
https://sketchfab.com/3d-models/2fe7cb94f6d9406cb228d544c90fc935,/workspace/data/objaverse_xl/hf-objaverse-v1/glbs/000-119/2fe7cb94f6d9406cb228d544c90fc935.glb,sketchfab,glb,Creative Commons - Attribution,2f03a500785792b9ae8794d21fd3ce1802e0b00fc0b1237deac89c373465e770
https://sketchfab.com/3d-models/eb2dfbdc90f2409f96beb3bbdced8f72,/workspace/data/objaverse_xl/hf-objaverse-v1/glbs/000-136/eb2dfbdc90f2409f96beb3bbdced8f72.glb,sketchfab,glb,Creative Commons - Attribution - Non-Commercial,df885f40942123af3d7cc861e7126e09abc821d8848fc105efb6a32f18c91752
https://sketchfab.com/3d-models/1ae5eeaf35f244fcb7a13c92d67c9e8e,/workspace/data/objaverse_xl/hf-objaverse-v1/glbs/000-147/1ae5eeaf35f244fcb7a13c92d67c9e8e.glb,sketchfab,glb,Creative Commons - Attribution,d748e70ca7d5c558ff88fd9237b49be08b30853d51f5edf6bb3c27ac7ec3e557
https://sketchfab.com/3d-models/70e7323e671e440b8013109b6b25469f,/workspace/data/objaverse_xl/hf-objaverse-v1/glbs/000-001/70e7323e671e440b8013109b6b25469f.glb,sketchfab,glb,Creative Commons - Attribution,d0be2ced665a97bde034a4a458ecf9a5658354e5fa39a73e4b073372df96229b
https://sketchfab.com/3d-models/739b03e58e1e429398ecd51cce76e4ad,/workspace/data/objaverse_xl/hf-objaverse-v1/glbs/000-142/739b03e58e1e429398ecd51cce76e4ad.glb,sketchfab,glb,Creative Commons - Attribution,24d43f923592fa21e32b489fe9dee946841dafc87dd1c3ded41f532ba8f1fb85
https://sketchfab.com/3d-models/ed2696c921174a6598bf4291b5b4c65d,/workspace/data/objaverse_xl/hf-objaverse-v1/glbs/000-134/ed2696c921174a6598bf4291b5b4c65d.glb,sketchfab,glb,Creative Commons - Attribution,1ee6549f2b154aca2cac55bfd7b7da86877a084b34de198612dafe4d956f47c5
https://sketchfab.com/3d-models/3173bb7bf15a4365b7a6ada8ad14e266,/workspace/data/objaverse_xl/hf-objaverse-v1/glbs/000-042/3173bb7bf15a4365b7a6ada8ad14e266.glb,sketchfab,glb,Creative Commons - Attribution,ca3ffb2f5296c1eca5586e6311e6a10a6b7d66194d1f50362e867d92a94abaa7
https://sketchfab.com/3d-models/f09e1fe8d534414a822144c0f610fee9,/workspace/data/objaverse_xl/hf-objaverse-v1/glbs/000-096/f09e1fe8d534414a822144c0f610fee9.glb,sketchfab,glb,Creative Commons - Attribution,61750bcfa9df1140c6dbbfb6e0fae508538766946f52eed2a8c9c512013af7a1
https://sketchfab.com/3d-models/3e6b9a92c2144dccba99a077c3c43849,/workspace/data/objaverse_xl/hf-objaverse-v1/glbs/000-022/3e6b9a92c2144dccba99a077c3c43849.glb,sketchfab,glb,Creative Commons - Attribution,ad614f8da27da3cf46e9063b83c8a7b4c595b2d9f94a3ccf88f1a1f22369ce5b
https://sketchfab.com/3d-models/546b413f67bd4ba6a8d2a777000dabe7,/workspace/data/objaverse_xl/hf-objaverse-v1/glbs/000-017/546b413f67bd4ba6a8d2a777000dabe7.glb,sketchfab,glb,Creative Commons - Attribution,6e28cf6dba6e1d8ca0fba03d739fc2d7f8fecf08b3232ef66987eb000e8aa0ed
https://sketchfab.com/3d-models/7c2509b6ce9a4829bfc596c687727cca,/workspace/data/objaverse_xl/hf-objaverse-v1/glbs/000-149/7c2509b6ce9a4829bfc596c687727cca.glb,sketchfab,glb,Creative Commons - Attribution,6b076dde225d9cdb8c4ac91b265400e6247dcf3afd2c6c4013b0592445788c7b
https://sketchfab.com/3d-models/38afdfd3a4dd4ed8958f8997e20931e0,/workspace/data/objaverse_xl/hf-objaverse-v1/glbs/000-095/38afdfd3a4dd4ed8958f8997e20931e0.glb,sketchfab,glb,Creative Commons - Attribution,2140ed4f2ed7a3513274253dde7705185ef8edd6aba12d2c469fb65798512c15
https://sketchfab.com/3d-models/a90d202ad45a4b0a9dea143ba6a74825,/workspace/data/objaverse_xl/hf-objaverse-v1/glbs/000-096/a90d202ad45a4b0a9dea143ba6a74825.glb,sketchfab,glb,Creative Commons - Attribution,864a4d2d995d0b1253b6e9ea0b8627bd23bcea4c416fcff6b8d89ac0cb5b9e7e
https://sketchfab.com/3d-models/791b87b718dc4b51a1444a4b20594b1e,/workspace/data/objaverse_xl/hf-objaverse-v1/glbs/000-120/791b87b718dc4b51a1444a4b20594b1e.glb,sketchfab,glb,Creative Commons - Attribution,7d9f92eda6855be7e7547bdb3e676afc31b68b6f3f28863bef9afb54735a8520
https://sketchfab.com/3d-models/0ed915c488d84fc8a77aa1983a339782,/workspace/data/objaverse_xl/hf-objaverse-v1/glbs/000-061/0ed915c488d84fc8a77aa1983a339782.glb,sketchfab,glb,Creative Commons - Attribution,e18dd4ad15e41a82d9612ac0c16a88a776c625b57dbf0bf20ee3848bc7e9407d
https://sketchfab.com/3d-models/08709c292ddd454a9fd1b34578745481,/workspace/data/objaverse_xl/hf-objaverse-v1/glbs/000-025/08709c292ddd454a9fd1b34578745481.glb,sketchfab,glb,Creative Commons - Attribution,77dba9b35cbf2169b8674d0aaac7e3d81036dde8b49982f8363b23b467aa2381
https://sketchfab.com/3d-models/90da2b9dc4fb4f65b719bd2b1d9bed8a,/workspace/data/objaverse_xl/hf-objaverse-v1/glbs/000-108/90da2b9dc4fb4f65b719bd2b1d9bed8a.glb,sketchfab,glb,Creative Commons - Attribution,8042bdc918bb1f5afca8b2e0ce7cbfa12117f8b657621fb282d38dba12bd08c7
https://sketchfab.com/3d-models/98915e8c6ee9451bb22859ace453a4bf,/workspace/data/objaverse_xl/hf-objaverse-v1/glbs/000-036/98915e8c6ee9451bb22859ace453a4bf.glb,sketchfab,glb,Creative Commons - Attribution,e71f019cef8de5d52aa1a083d2b4c0b0623c97d99046d5f51202a835575d33ca
https://sketchfab.com/3d-models/4bce99c0e7e944e5a57a1566bb36a86b,/workspace/data/objaverse_xl/hf-objaverse-v1/glbs/000-088/4bce99c0e7e944e5a57a1566bb36a86b.glb,sketchfab,glb,Creative Commons - Attribution,93631b4dfc663a892cfd348ae7ddece67cb40157220c072f06cb08b54040ce1b
https://sketchfab.com/3d-models/0ec194bd29b34a6c830a712943cc6910,/workspace/data/objaverse_xl/hf-objaverse-v1/glbs/000-060/0ec194bd29b34a6c830a712943cc6910.glb,sketchfab,glb,Creative Commons - Attribution,15aafe7eabcaea6d8c36bd097674b63c7e8b49c45ecd4d8f053a659b48a28639
https://sketchfab.com/3d-models/b7d8605b13b7493ab0cf87ac87e6ca69,/workspace/data/objaverse_xl/hf-objaverse-v1/glbs/000-012/b7d8605b13b7493ab0cf87ac87e6ca69.glb,sketchfab,glb,Creative Commons - Attribution,7bd1bb3fd85af91116209eb44eba801732698e50c7c4b0010c5ab8d29de47f46
https://sketchfab.com/3d-models/c40d22bf0c3d4bde9bfec23a96b153f5,/workspace/data/objaverse_xl/hf-objaverse-v1/glbs/000-019/c40d22bf0c3d4bde9bfec23a96b153f5.glb,sketchfab,glb,Creative Commons - Attribution,181e4743773c6791bf80509594b4c3f23408d3cbeec3e1d040d211e612444b67
https://sketchfab.com/3d-models/9adf96ccc7da418ba5f52eea17b02555,/workspace/data/objaverse_xl/hf-objaverse-v1/glbs/000-050/9adf96ccc7da418ba5f52eea17b02555.glb,sketchfab,glb,Creative Commons - Attribution,06c455b8a329fec3727dbc3047b477137378a77e6c99bfef23cb154196468ca1
https://sketchfab.com/3d-models/7a60828c0b5848968b938778c3fe3cf9,/workspace/data/objaverse_xl/hf-objaverse-v1/glbs/000-144/7a60828c0b5848968b938778c3fe3cf9.glb,sketchfab,glb,Creative Commons - Attribution,26e9ab9595efaaa314f71fa295e56d05c8772fd5c83548ce3f79e8fe2027cbc9
https://sketchfab.com/3d-models/0b3ed14127224411bb1c7be793ccfba6,/workspace/data/objaverse_xl/hf-objaverse-v1/glbs/000-155/0b3ed14127224411bb1c7be793ccfba6.glb,sketchfab,glb,Creative Commons - Attribution,b842bbfe77b896bce30a97c8734fb1d0d5ae52dd049f14ccdd1a68572af4aa47
https://sketchfab.com/3d-models/26f0295e8ed04746a2215dd3b0ca2fcb,/workspace/data/objaverse_xl/hf-objaverse-v1/glbs/000-030/26f0295e8ed04746a2215dd3b0ca2fcb.glb,sketchfab,glb,Creative Commons - Attribution,72aee2b0cbbcdbfe6b60098594b1b4a1a5b36c90005774c278ec14c199ad4a70
https://sketchfab.com/3d-models/cdbdaa6e85974913bd20ab0001873594,/workspace/data/objaverse_xl/hf-objaverse-v1/glbs/000-111/cdbdaa6e85974913bd20ab0001873594.glb,sketchfab,glb,Creative Commons - Attribution,60ccdbec0a5255447b66b9e5b98cfc412538495708a40436d945cf6d6603123b
https://sketchfab.com/3d-models/cd0cc838893c4fd486dfefe9531dc105,/workspace/data/objaverse_xl/hf-objaverse-v1/glbs/000-002/cd0cc838893c4fd486dfefe9531dc105.glb,sketchfab,glb,Creative Commons - Attribution,ac8bcc70ffaf687ffa4d31270631c6323144e1731eedc1649e951a6000008b8f
https://sketchfab.com/3d-models/bee62d16c716419c8866378596c7b352,/workspace/data/objaverse_xl/hf-objaverse-v1/glbs/000-033/bee62d16c716419c8866378596c7b352.glb,sketchfab,glb,Creative Commons - Attribution,08fa17afec12b2841a22c70e4437403dd8d8120b3eddc2e50812a53f6aa01e9f
https://sketchfab.com/3d-models/63ba31c1e4ab4734985c7750603255b0,/workspace/data/objaverse_xl/hf-objaverse-v1/glbs/000-108/63ba31c1e4ab4734985c7750603255b0.glb,sketchfab,glb,Creative Commons - Attribution,c1a8393a0d57e0937236e48ac3d18f8eb3ff51574b0034aac22c5c74562413c7
https://sketchfab.com/3d-models/fa76bfbf31774f9582ad0b7e226b4ce1,/workspace/data/objaverse_xl/hf-objaverse-v1/glbs/000-114/fa76bfbf31774f9582ad0b7e226b4ce1.glb,sketchfab,glb,Creative Commons - Attribution,48a5a1fc9e07c2c952aa28d1c72a21e04b2e6fa2b1908197496227045fa6f730
https://sketchfab.com/3d-models/2f83b35c93e449b4a032858fe471d039,/workspace/data/objaverse_xl/hf-objaverse-v1/glbs/000-096/2f83b35c93e449b4a032858fe471d039.glb,sketchfab,glb,Creative Commons - Attribution,51d23a6ba98883eb8b2ce12b9a3527eb1be1337ba974ec9648239ca8e4822006
https://sketchfab.com/3d-models/112e8e061c3a48f7961d54106132a023,/workspace/data/objaverse_xl/hf-objaverse-v1/glbs/000-107/112e8e061c3a48f7961d54106132a023.glb,sketchfab,glb,Creative Commons - Attribution,139c1bb671474d9672101ce4b55f7ca2ba938889eaea14e598aec2a7ad280fd1
https://sketchfab.com/3d-models/b7d99688d25f4d0f867cf75dc15c6b1f,/workspace/data/objaverse_xl/hf-objaverse-v1/glbs/000-112/b7d99688d25f4d0f867cf75dc15c6b1f.glb,sketchfab,glb,Creative Commons - Attribution,a4cb30259b2d36f8001980a1db066f38c938514310430b5939e41d0497f4b31a
https://sketchfab.com/3d-models/b7d02f9504394185abe7fadf56849553,/workspace/data/objaverse_xl/hf-objaverse-v1/glbs/000-119/b7d02f9504394185abe7fadf56849553.glb,sketchfab,glb,Creative Commons - Attribution - Non-Commercial,975cca484a87742ec4b2c2cea2d5374eea1c07332a6253d37b8c4b2558dd2f91
https://sketchfab.com/3d-models/0a8e6d5852dc478f8e9ddc6800ed818e,/workspace/data/objaverse_xl/hf-objaverse-v1/glbs/000-157/0a8e6d5852dc478f8e9ddc6800ed818e.glb,sketchfab,glb,Creative Commons - Attribution,4efbc8f2b91c04a1bf366de27dbd14b72867e6771384490e5d478d2363bca3aa
https://sketchfab.com/3d-models/04e23566ed8147a19add0c46ea91401e,/workspace/data/objaverse_xl/hf-objaverse-v1/glbs/000-096/04e23566ed8147a19add0c46ea91401e.glb,sketchfab,glb,Creative Commons - Attribution,853a346ee8b7bdc38cb5b3f0d53c326744bda41eb02fb0ddb9a85d51f092b79b
https://sketchfab.com/3d-models/8405c4d0c2af46b1a5891a654aaf0f04,/workspace/data/objaverse_xl/hf-objaverse-v1/glbs/000-093/8405c4d0c2af46b1a5891a654aaf0f04.glb,sketchfab,glb,Creative Commons - Attribution,24135a293fa699b2d1a3a882c7ad6c283c1f30cdea835d8f5ec4f68cfbc60111
https://sketchfab.com/3d-models/b2976f21cfce42fab8ffd158a49f6198,/workspace/data/objaverse_xl/hf-objaverse-v1/glbs/000-093/b2976f21cfce42fab8ffd158a49f6198.glb,sketchfab,glb,Creative Commons - Attribution,86e5fb84b799b519cb791dac124f290a098f50811819c88b65fc6c69fbfb8b39
https://sketchfab.com/3d-models/e0de07c5feeb4ad49c12505fb088dd3c,/workspace/data/objaverse_xl/hf-objaverse-v1/glbs/000-042/e0de07c5feeb4ad49c12505fb088dd3c.glb,sketchfab,glb,Creative Commons - Attribution,9eb798ec5eb61b9fed0c73d94f525a46bffe147de20f0078e6d472726dabb715
https://sketchfab.com/3d-models/107260cf0fd24202a67eb037a6c760a5,/workspace/data/objaverse_xl/hf-objaverse-v1/glbs/000-147/107260cf0fd24202a67eb037a6c760a5.glb,sketchfab,glb,Creative Commons - Attribution,e69735eb910016b013da8d3a33df6e2b4ae1c0fb17bea4735ca15965d42b92d9
https://sketchfab.com/3d-models/54a2cb978f4d4b1c9b3dd83a6f4563a3,/workspace/data/objaverse_xl/hf-objaverse-v1/glbs/000-151/54a2cb978f4d4b1c9b3dd83a6f4563a3.glb,sketchfab,glb,Creative Commons - Attribution,9450960ec9bbbecf97b72d9ffc41597a8f24030a180b2274f06ed7e663ec605c
https://sketchfab.com/3d-models/8bddad37f96a48e6aa50742f326c8555,/workspace/data/objaverse_xl/hf-objaverse-v1/glbs/000-066/8bddad37f96a48e6aa50742f326c8555.glb,sketchfab,glb,Creative Commons - Attribution,0630819bf5bd5f4740a78152f56f1e0e56154a8ffb39de4cd5816e0cb2735f62
https://sketchfab.com/3d-models/18577fafc40242c685f65261b12f654c,/workspace/data/objaverse_xl/hf-objaverse-v1/glbs/000-044/18577fafc40242c685f65261b12f654c.glb,sketchfab,glb,Creative Commons - Attribution,b6b0f365dbb879f309fd08e4b6aca04dcd673650f11437524658e5d18ddb5820
https://sketchfab.com/3d-models/8a48c929b8c941f49803532955f1dcea,/workspace/data/objaverse_xl/hf-objaverse-v1/glbs/000-058/8a48c929b8c941f49803532955f1dcea.glb,sketchfab,glb,Creative Commons - Attribution,2481934c5b84ec184b5d055c93abfb10b593849afa248b4027e5a51da517d7a7
https://sketchfab.com/3d-models/73643fc7a59a4265b7225334f79ba38d,/workspace/data/objaverse_xl/hf-objaverse-v1/glbs/000-038/73643fc7a59a4265b7225334f79ba38d.glb,sketchfab,glb,Creative Commons - Attribution,cb663f70ddfce25b4341cb887406fb4e6848fb6d9ebe87dcd342ac71cbebc391
https://sketchfab.com/3d-models/3df3d04f7186460cb66bf76877ea289f,/workspace/data/objaverse_xl/hf-objaverse-v1/glbs/000-153/3df3d04f7186460cb66bf76877ea289f.glb,sketchfab,glb,Creative Commons - Attribution,4a47700d8b20652b51ec8d997c5c9ed4d847532fb3ee427967813f4ea253d9fd
https://sketchfab.com/3d-models/da89ce8428f248f8804c836a28695196,/workspace/data/objaverse_xl/hf-objaverse-v1/glbs/000-043/da89ce8428f248f8804c836a28695196.glb,sketchfab,glb,Creative Commons - Attribution - Non-Commercial,ab9f4bd3c6a2dbe808adde0af23067289136d61d4ddb720b8132af4d87a0f964
https://sketchfab.com/3d-models/a9a8dd188bc947ffbe9a00475886ec00,/workspace/data/objaverse_xl/hf-objaverse-v1/glbs/000-138/a9a8dd188bc947ffbe9a00475886ec00.glb,sketchfab,glb,Creative Commons - Attribution,a077aa6b730664add5127766df10ad280380e30981dc9ed51ddcfe5d7a331faa
https://sketchfab.com/3d-models/96a55276db4b4de887bbc365a1981b19,/workspace/data/objaverse_xl/hf-objaverse-v1/glbs/000-006/96a55276db4b4de887bbc365a1981b19.glb,sketchfab,glb,Creative Commons - Attribution,37609fb61aeb53169cdd917ff86300e045a10b59d2cf3a1c87681dcf67ba20b8
https://sketchfab.com/3d-models/25c8e9df7c1f4e789dfe8fd7a3d8a3ce,/workspace/data/objaverse_xl/hf-objaverse-v1/glbs/000-140/25c8e9df7c1f4e789dfe8fd7a3d8a3ce.glb,sketchfab,glb,Creative Commons - Attribution,8f79c8bb8eaee2e899fe27efc013a9e4d313812ea22a390f21724df89f98d186
https://sketchfab.com/3d-models/0f82e57db41d480a9f7e8bce2bf122cf,/workspace/data/objaverse_xl/hf-objaverse-v1/glbs/000-068/0f82e57db41d480a9f7e8bce2bf122cf.glb,sketchfab,glb,Creative Commons - Attribution - Non-Commercial - Share Alike,869860a9caeb1ca37d686107719c92a67404b35ba517585a5a306ae73f8551a6
https://sketchfab.com/3d-models/9db75463231d4de686043b687cb6836a,/workspace/data/objaverse_xl/hf-objaverse-v1/glbs/000-063/9db75463231d4de686043b687cb6836a.glb,sketchfab,glb,Creative Commons - Attribution,2c1b3a08dc2e9bd7025ad70801376cf1ea96cd8bc795876958ac47a9be4e54b1
https://sketchfab.com/3d-models/f1ed779b886f4e03936e7273563f4ff1,/workspace/data/objaverse_xl/hf-objaverse-v1/glbs/000-005/f1ed779b886f4e03936e7273563f4ff1.glb,sketchfab,glb,Creative Commons - Attribution - Non-Commercial - Share Alike,d6876685ad130d19270ff4f92a6d190e3244fbcc7fb8588dca9c93403b145fe0
https://sketchfab.com/3d-models/0cb91222cb0d43efabac817cf8d5ad11,/workspace/data/objaverse_xl/hf-objaverse-v1/glbs/000-015/0cb91222cb0d43efabac817cf8d5ad11.glb,sketchfab,glb,Creative Commons - Attribution,fc528fab1e2c326854950bfa112383ca3981f99553583cce9a1dc933bd8dce7c
https://sketchfab.com/3d-models/07dd5977975b4e2da70f64b3c39b8cb2,/workspace/data/objaverse_xl/hf-objaverse-v1/glbs/000-130/07dd5977975b4e2da70f64b3c39b8cb2.glb,sketchfab,glb,Creative Commons - Attribution - Non-Commercial - Share Alike,be3169ec20586d1f6c01d1a1c61ae87b5d33f536bf2261c06f206f09b7504574
https://sketchfab.com/3d-models/adaed5ec8f8f477c9eb6a099fd4959ad,/workspace/data/objaverse_xl/hf-objaverse-v1/glbs/000-108/adaed5ec8f8f477c9eb6a099fd4959ad.glb,sketchfab,glb,Creative Commons - Attribution,d6aa91622bbea691a2e240708c47a16c37ec00c262e237326de443e37bcde8f3
https://sketchfab.com/3d-models/32a9f829bba046e980cfb913c2c3daf4,/workspace/data/objaverse_xl/hf-objaverse-v1/glbs/000-058/32a9f829bba046e980cfb913c2c3daf4.glb,sketchfab,glb,Creative Commons - Attribution,55643144357ba143cf8eca46ba5ad343de5d8f0830c8b8a03d7b5a739df74695
https://sketchfab.com/3d-models/141d2ed5281f49a49e6916b42741f73e,/workspace/data/objaverse_xl/hf-objaverse-v1/glbs/000-046/141d2ed5281f49a49e6916b42741f73e.glb,sketchfab,glb,Creative Commons - Attribution,70d667c12b67e589ec69e5f0ee922de379d81623d8e6b52c9441b5ce938b9b44
https://sketchfab.com/3d-models/310dc19b46544a2a91c875d1d5f25f16,/workspace/data/objaverse_xl/hf-objaverse-v1/glbs/000-102/310dc19b46544a2a91c875d1d5f25f16.glb,sketchfab,glb,Creative Commons - Attribution,0a2882c18a16f9f8c2b144df5fd59be6a043a526039f59398f1eabe85caa605f
https://sketchfab.com/3d-models/3c7b1e0e9a5f4897805b7ec3c4eeb5a5,/workspace/data/objaverse_xl/hf-objaverse-v1/glbs/000-145/3c7b1e0e9a5f4897805b7ec3c4eeb5a5.glb,sketchfab,glb,Creative Commons - Attribution,4f199c82e4578e48c5e6ef8bdf469c1bc27211d9a14169e5717699fb8aa360f9
https://sketchfab.com/3d-models/ea57a21eb7124457b13b1a9a5bc33625,/workspace/data/objaverse_xl/hf-objaverse-v1/glbs/000-079/ea57a21eb7124457b13b1a9a5bc33625.glb,sketchfab,glb,Creative Commons - Attribution - Non-Commercial,d177ed1c81d6922022883b67927ba3570a0204a5406074fcd1014e7f3aa81192
https://sketchfab.com/3d-models/f81da34570b145deb463fa091604d251,/workspace/data/objaverse_xl/hf-objaverse-v1/glbs/000-110/f81da34570b145deb463fa091604d251.glb,sketchfab,glb,Creative Commons - Attribution,0bf94a7d3d3f6dd574a64b15c08820735cdaf78a7213d4d747af438a886d3710
https://sketchfab.com/3d-models/2272af362550429fb91624828d781336,/workspace/data/objaverse_xl/hf-objaverse-v1/glbs/000-013/2272af362550429fb91624828d781336.glb,sketchfab,glb,Creative Commons - Attribution,8a961e5bb977e509de73c29aed1e5eff0f59ba80381666b92510ed7e122085de
https://sketchfab.com/3d-models/54d75a2aa8ad43c79ab7b174dd6f762b,/workspace/data/objaverse_xl/hf-objaverse-v1/glbs/000-005/54d75a2aa8ad43c79ab7b174dd6f762b.glb,sketchfab,glb,Creative Commons - Attribution,ed2903562f5c144c768872c1bf9e00b2520a8acf1b980f1a0d4643a217d2b33b
https://sketchfab.com/3d-models/25d37e77cb314a23a10e341eeff0933d,/workspace/data/objaverse_xl/hf-objaverse-v1/glbs/000-030/25d37e77cb314a23a10e341eeff0933d.glb,sketchfab,glb,Creative Commons - Attribution,0ff73abccd2e65ed5fa05a553e309c02c36a7af6d1b159e0ea55022c7b0a4654
https://sketchfab.com/3d-models/b2516795c71848e3918ca23160c45218,/workspace/data/objaverse_xl/hf-objaverse-v1/glbs/000-155/b2516795c71848e3918ca23160c45218.glb,sketchfab,glb,Creative Commons - Attribution,38e577d5c6886c49ac53ca15da167dba5046a81fbe770980361d53acf99f40c4
https://sketchfab.com/3d-models/2a4e498b4f7346e4be360be005ebd5b9,/workspace/data/objaverse_xl/hf-objaverse-v1/glbs/000-091/2a4e498b4f7346e4be360be005ebd5b9.glb,sketchfab,glb,Creative Commons - Attribution - Non-Commercial,63c34d954d50e66e956221bd3df65c9b04a7f8e6bcff7dc7965e681571f27cfd
https://sketchfab.com/3d-models/b28f0235cd224e399d306c16f5e11f91,/workspace/data/objaverse_xl/hf-objaverse-v1/glbs/000-057/b28f0235cd224e399d306c16f5e11f91.glb,sketchfab,glb,Creative Commons - Attribution,3fdc3e689731aaa07cb2d12c573546341c5027af4a956116f72edc1a26ae0940
https://sketchfab.com/3d-models/b4fc464dc7494728a2ce7ce9cb16835e,/workspace/data/objaverse_xl/hf-objaverse-v1/glbs/000-047/b4fc464dc7494728a2ce7ce9cb16835e.glb,sketchfab,glb,Creative Commons - Attribution,8ab9e4fc3cf3655645bf84e57b6ebfa5f6fbd01b5f403166d022da47c00f06f8
https://sketchfab.com/3d-models/e9c3b8d9a2074fc38a2f8f0d6f4b23e7,/workspace/data/objaverse_xl/hf-objaverse-v1/glbs/000-002/e9c3b8d9a2074fc38a2f8f0d6f4b23e7.glb,sketchfab,glb,Creative Commons - Attribution,6c9f69ea506f421a6e41d45ac46ff57a058b0d864caa9b817f0ae4a700036199
https://sketchfab.com/3d-models/efaf4d0916d44cf8a06ba449bc67bd44,/workspace/data/objaverse_xl/hf-objaverse-v1/glbs/000-118/efaf4d0916d44cf8a06ba449bc67bd44.glb,sketchfab,glb,Creative Commons - Attribution,0709fe8b93ca92d290d9c63fe19fd7fa90c9e81a8518b8b040bdb0eab141d799
https://sketchfab.com/3d-models/f957084daf2f4a028d50b91e12d1ecb5,/workspace/data/objaverse_xl/hf-objaverse-v1/glbs/000-087/f957084daf2f4a028d50b91e12d1ecb5.glb,sketchfab,glb,Creative Commons - Attribution,cbb2248011adaf85c6c380b247c738164605b874cf50e67d7741c6f885c09c70
https://sketchfab.com/3d-models/23258fbf773941a7b3d29ca8ea28d900,/workspace/data/objaverse_xl/hf-objaverse-v1/glbs/000-134/23258fbf773941a7b3d29ca8ea28d900.glb,sketchfab,glb,Creative Commons - Attribution,1ae0f1aed2d0124daa17a92aaaf1202b71cea394f8dce1cf2c7751eee91d9ce6
https://sketchfab.com/3d-models/bf5e31d28dd14f3d934b6a27268ee6b3,/workspace/data/objaverse_xl/hf-objaverse-v1/glbs/000-002/bf5e31d28dd14f3d934b6a27268ee6b3.glb,sketchfab,glb,Creative Commons - Attribution,3628a448b97ad7d30d812fa7f837ea33ebf3d071e52cea7abaf075c7b24ee27b
https://sketchfab.com/3d-models/aaf460f78cda41d79a29813487597a18,/workspace/data/objaverse_xl/hf-objaverse-v1/glbs/000-062/aaf460f78cda41d79a29813487597a18.glb,sketchfab,glb,Creative Commons - Attribution,94a255089800128bbbb3eab5420159f1f2e6166269db405a95968e5eeb574a61
https://sketchfab.com/3d-models/42a4cfa4a56746fa8eb865cc19077e8d,/workspace/data/objaverse_xl/hf-objaverse-v1/glbs/000-051/42a4cfa4a56746fa8eb865cc19077e8d.glb,sketchfab,glb,Creative Commons - Attribution,3cf929e521935816480efd4498d23e2bffc9d594caf862004cde57ec81bb7159
https://sketchfab.com/3d-models/8e79930aab0a4020a3e832e691f868de,/workspace/data/objaverse_xl/hf-objaverse-v1/glbs/000-022/8e79930aab0a4020a3e832e691f868de.glb,sketchfab,glb,Creative Commons - Attribution,a6185d31b284d45f45978733f19fe67faffc2dae57dc562a3e488530750abee7
https://sketchfab.com/3d-models/b0776948a05f4766a03856223344b264,/workspace/data/objaverse_xl/hf-objaverse-v1/glbs/000-012/b0776948a05f4766a03856223344b264.glb,sketchfab,glb,Creative Commons - Attribution,0a03f64b884ce6ffaf341087900de22ed92c7820bf6ae6a08d76ccab8c27de7b
https://sketchfab.com/3d-models/68385dcc64944f1283850e0c3e625271,/workspace/data/objaverse_xl/hf-objaverse-v1/glbs/000-004/68385dcc64944f1283850e0c3e625271.glb,sketchfab,glb,Creative Commons - Attribution,40ff24b147edc55b45694eae6d8aa7bc58490ed56cce18e747a9c67681715ddf
https://sketchfab.com/3d-models/595062a20f664027938b23b73bc8dcc4,/workspace/data/objaverse_xl/hf-objaverse-v1/glbs/000-067/595062a20f664027938b23b73bc8dcc4.glb,sketchfab,glb,Creative Commons - Attribution,e600b470c3a301917aca4357323d5764acf915ac43458ee725045613c71e9135
https://sketchfab.com/3d-models/8f7470a3ab344f0191a56610e1d632df,/workspace/data/objaverse_xl/hf-objaverse-v1/glbs/000-072/8f7470a3ab344f0191a56610e1d632df.glb,sketchfab,glb,Creative Commons - Attribution,89529a8ba2ecb7fd5fdd67cd4514a9c2328b71ea96e95164eb2b098c26256c5f
https://sketchfab.com/3d-models/8e7862c476b643f8913c20fb71defe16,/workspace/data/objaverse_xl/hf-objaverse-v1/glbs/000-039/8e7862c476b643f8913c20fb71defe16.glb,sketchfab,glb,Creative Commons - Attribution,fa85de24f112837e0d261ac3a74d21e8a17891a7f8c573fb5f9f49e12031eab2
https://sketchfab.com/3d-models/0ea22c0ae2f84f7bb592dd9362a07e9f,/workspace/data/objaverse_xl/hf-objaverse-v1/glbs/000-052/0ea22c0ae2f84f7bb592dd9362a07e9f.glb,sketchfab,glb,Creative Commons - Attribution,20e96fa557c3075411885f57c448cdf0bf0ddfbf69ac440a80698f0d7defee76
https://sketchfab.com/3d-models/368ac8c899234ef3915def17a48dbc9a,/workspace/data/objaverse_xl/hf-objaverse-v1/glbs/000-072/368ac8c899234ef3915def17a48dbc9a.glb,sketchfab,glb,Creative Commons - Attribution,b8d7ac6b408195971b23947cb3cd9c8e9b6c868e081ba7b124f81077fdf5e52b
https://sketchfab.com/3d-models/cbfdd00363344c8cbd3f2515f4e6febb,/workspace/data/objaverse_xl/hf-objaverse-v1/glbs/000-118/cbfdd00363344c8cbd3f2515f4e6febb.glb,sketchfab,glb,Creative Commons - Attribution,8e804cf7d0c424486fba8893ebd13bcdb5a404708369571f97b244c7a0af10bc
https://sketchfab.com/3d-models/78056616524a4d55b03586c1201720c7,/workspace/data/objaverse_xl/hf-objaverse-v1/glbs/000-007/78056616524a4d55b03586c1201720c7.glb,sketchfab,glb,Creative Commons - Attribution,0209f6b7b4569f56da0a1a12ed7ff599b25f21837726ee1d48d529cb03f86a48
https://sketchfab.com/3d-models/fb4fdd7a23b5454aab3dcfbe10b254ed,/workspace/data/objaverse_xl/hf-objaverse-v1/glbs/000-157/fb4fdd7a23b5454aab3dcfbe10b254ed.glb,sketchfab,glb,Creative Commons - Attribution - Non-Commercial - Share Alike,e2d5ff7900e5c182e8dab22737ab324636d6cafcab96027056ca9172605683e0
https://sketchfab.com/3d-models/20039876f6cc4dad8cec7260e6125d39,/workspace/data/objaverse_xl/hf-objaverse-v1/glbs/000-119/20039876f6cc4dad8cec7260e6125d39.glb,sketchfab,glb,Creative Commons - Attribution,2a8db36e8a5a0a9ba67c9a6ee0e9f2040731fc3dd128cadb472249b9d2a8aa12
https://sketchfab.com/3d-models/dde7e32979984f43aabd58525cafa10d,/workspace/data/objaverse_xl/hf-objaverse-v1/glbs/000-077/dde7e32979984f43aabd58525cafa10d.glb,sketchfab,glb,Creative Commons - Attribution,3b223b70c17ba8499690421a8efab149a679310e169f10349bcecdcb69c45b7b
https://sketchfab.com/3d-models/852bcc5321c247a8b537ac4fefbb1cac,/workspace/data/objaverse_xl/hf-objaverse-v1/glbs/000-140/852bcc5321c247a8b537ac4fefbb1cac.glb,sketchfab,glb,Creative Commons - Attribution,36354091c7cf869cb0caca2005b3a86092b2f75fe35467c74df39ff72619f6a7
https://sketchfab.com/3d-models/8d63403899f040498a3445e62da9c037,/workspace/data/objaverse_xl/hf-objaverse-v1/glbs/000-100/8d63403899f040498a3445e62da9c037.glb,sketchfab,glb,Creative Commons - Attribution,e9da8ca30c2d5c0ca1067a9269393870ccb58e5af2b490ebbf8d1ec0360f45e6
https://sketchfab.com/3d-models/5ee8461b95964142ab3a8305be0e674f,/workspace/data/objaverse_xl/hf-objaverse-v1/glbs/000-041/5ee8461b95964142ab3a8305be0e674f.glb,sketchfab,glb,Creative Commons - Attribution,6365787a19b1fc52a80e6f044e8b5ee56fad1c5d162c4e2e6c5dbd62ca043f89
https://sketchfab.com/3d-models/2de2b60be34b4727802d4450def61896,/workspace/data/objaverse_xl/hf-objaverse-v1/glbs/000-009/2de2b60be34b4727802d4450def61896.glb,sketchfab,glb,Creative Commons - Attribution - Non-Commercial - Share Alike,73e3095baac2cd8589fe21d048ccdec63ca597b0ca6b4e9b2b7d4324d9a83e79
https://sketchfab.com/3d-models/abba67e79c7c44e2a27bfe4dc7d4a2d8,/workspace/data/objaverse_xl/hf-objaverse-v1/glbs/000-007/abba67e79c7c44e2a27bfe4dc7d4a2d8.glb,sketchfab,glb,Creative Commons - Attribution - Non-Commercial,8c16cb3c325aeacec733718e387713958c4cc0b6b1aa9236106afeabfc242cc6
https://sketchfab.com/3d-models/50b41912c98e461c9f73ebff23ac7112,/workspace/data/objaverse_xl/hf-objaverse-v1/glbs/000-153/50b41912c98e461c9f73ebff23ac7112.glb,sketchfab,glb,Creative Commons - Attribution,bf448dac3bf3cb1802303cf61c53104dc66d01a620adef223fb3ae0589d4c64e
https://sketchfab.com/3d-models/8f5f1b5d0ef146efb9a752b7181ce9a7,/workspace/data/objaverse_xl/hf-objaverse-v1/glbs/000-026/8f5f1b5d0ef146efb9a752b7181ce9a7.glb,sketchfab,glb,Creative Commons - Attribution,46ff779ea8faa3d1add67e4d0e1ee103263c011e869d6354f6c4ebd9a20f9d67
https://sketchfab.com/3d-models/7057ae2ddfbb4be080134a74fc108842,/workspace/data/objaverse_xl/hf-objaverse-v1/glbs/000-099/7057ae2ddfbb4be080134a74fc108842.glb,sketchfab,glb,Creative Commons - Attribution,212f44029d805ed4d65f141c6cfc818557eccfb4f7d9ff340e3aea143bf3f51d
https://sketchfab.com/3d-models/fcd679f6f359451d88c153d1be54565d,/workspace/data/objaverse_xl/hf-objaverse-v1/glbs/000-073/fcd679f6f359451d88c153d1be54565d.glb,sketchfab,glb,Creative Commons - Attribution,fdd25a06f8c8c904017dff8bfe6eb28b82aaaa68e40baf0a25efef8e3eb4fb80
https://sketchfab.com/3d-models/37bb6e51e8fb40b8b5a0c7ce675507ed,/workspace/data/objaverse_xl/hf-objaverse-v1/glbs/000-044/37bb6e51e8fb40b8b5a0c7ce675507ed.glb,sketchfab,glb,Creative Commons - Attribution - Non-Commercial - Share Alike,64ba77e07acc14313242b5d555c76eb92ba7deaeaa0979c322eed63fb9e00679
https://sketchfab.com/3d-models/dab9c69694424ddb9c052e70ce70db3b,/workspace/data/objaverse_xl/hf-objaverse-v1/glbs/000-009/dab9c69694424ddb9c052e70ce70db3b.glb,sketchfab,glb,Creative Commons - Attribution,eb63180b910fc6e2733ea1129a9edb739f4bf9a714fd2c7043472a3625c6a048
https://sketchfab.com/3d-models/ebc6ec155def4ea8971769cfcfe690fa,/workspace/data/objaverse_xl/hf-objaverse-v1/glbs/000-071/ebc6ec155def4ea8971769cfcfe690fa.glb,sketchfab,glb,Creative Commons - Attribution,ec24f1cc296c30634966b8d4c5ee117d01f769a529489da347e3da68aa7ee6d9
https://sketchfab.com/3d-models/c2cf29c50dee4f47a3234f44c9461be5,/workspace/data/objaverse_xl/hf-objaverse-v1/glbs/000-010/c2cf29c50dee4f47a3234f44c9461be5.glb,sketchfab,glb,Creative Commons - Attribution - Non-Commercial - Share Alike,54a3931ee68c27194413526e87cd278e124f8471234cba94a78d5d3def294eb2
https://sketchfab.com/3d-models/b95d7e0ad2524b369334cb4147d36e0a,/workspace/data/objaverse_xl/hf-objaverse-v1/glbs/000-103/b95d7e0ad2524b369334cb4147d36e0a.glb,sketchfab,glb,Creative Commons - Attribution,a97a44e07e1d3f7d231ca03f62747eb2562395d368ef75bd7082e3743539c543
https://sketchfab.com/3d-models/ae929851259d4076b97d097a772d6c9d,/workspace/data/objaverse_xl/hf-objaverse-v1/glbs/000-145/ae929851259d4076b97d097a772d6c9d.glb,sketchfab,glb,Creative Commons - Attribution,670d75d00883c8e39555f7ec4fbba3c201f71ae4bbf3559d05c4d8b04d9390af
https://sketchfab.com/3d-models/405f47d6ce6d481d94f54800ee913fa4,/workspace/data/objaverse_xl/hf-objaverse-v1/glbs/000-147/405f47d6ce6d481d94f54800ee913fa4.glb,sketchfab,glb,Creative Commons - Attribution - Non-Commercial,d4cf34bee42476bb9f5b514a63571da6baeb2126edeb7b3fa631de5caeaa79c9
https://sketchfab.com/3d-models/9970ee2e306840ff9dd7688b0cee078f,/workspace/data/objaverse_xl/hf-objaverse-v1/glbs/000-037/9970ee2e306840ff9dd7688b0cee078f.glb,sketchfab,glb,Creative Commons - Attribution,24ee19ea19baf27dc53ca8c3ab80330256bcc697478ae761836f7e7826188e0e
https://sketchfab.com/3d-models/cc6eb0b9faba4815a196d9276be18ef1,/workspace/data/objaverse_xl/hf-objaverse-v1/glbs/000-125/cc6eb0b9faba4815a196d9276be18ef1.glb,sketchfab,glb,Creative Commons - Attribution,2543525cf3dc8a2af8726590aca45e501f6b38b673876b59b2e24c90cc0f4267
https://sketchfab.com/3d-models/2ac503814eb74e408ba340fa9d368090,/workspace/data/objaverse_xl/hf-objaverse-v1/glbs/000-043/2ac503814eb74e408ba340fa9d368090.glb,sketchfab,glb,Creative Commons - Attribution,093cd4f6c45d04d9c88853f5237be0b37516cc3ff41ff8a2bdee7fab2bb8adc5
https://sketchfab.com/3d-models/27561edb3f7b4fbf92369d693e6fd45d,/workspace/data/objaverse_xl/hf-objaverse-v1/glbs/000-063/27561edb3f7b4fbf92369d693e6fd45d.glb,sketchfab,glb,Creative Commons - Attribution,65d9f3889b58e03172912aef4632d86dfd3fa9fdf346299b1791dc6811033e72
https://sketchfab.com/3d-models/6b0ebfccccbb48d7bbe06b1b866f131e,/workspace/data/objaverse_xl/hf-objaverse-v1/glbs/000-065/6b0ebfccccbb48d7bbe06b1b866f131e.glb,sketchfab,glb,Creative Commons - Attribution,fc3800932bca88af6e90c50d52d745e7802497ce5ea35e7884c61887d891f6f7
https://sketchfab.com/3d-models/9c9cf8b4ead64aeda9224c6169bdd006,/workspace/data/objaverse_xl/hf-objaverse-v1/glbs/000-077/9c9cf8b4ead64aeda9224c6169bdd006.glb,sketchfab,glb,Creative Commons - Attribution,91b59245b3bb9d29c0005f06cb392e6cc2bbd042b93e6a1332cdafbc2903e21d
https://sketchfab.com/3d-models/cd2c1ca780484e79aeb128220427e6f4,/workspace/data/objaverse_xl/hf-objaverse-v1/glbs/000-084/cd2c1ca780484e79aeb128220427e6f4.glb,sketchfab,glb,Creative Commons - Attribution - Non-Commercial,7af368de848d0e0c0cb7b60e5aa80d410d2dfb747dd8009ac4d2db612ff5f320
https://sketchfab.com/3d-models/acf8380f03ba417e966d2d9a7d8120e3,/workspace/data/objaverse_xl/hf-objaverse-v1/glbs/000-097/acf8380f03ba417e966d2d9a7d8120e3.glb,sketchfab,glb,Creative Commons - Attribution - Non-Commercial,569cf9f319b8c58c05fc1a2e7ecff7ce11cf4ee96630109c196e3786484a74f1
https://sketchfab.com/3d-models/2288e762d75e4effa8626e84d00c54eb,/workspace/data/objaverse_xl/hf-objaverse-v1/glbs/000-033/2288e762d75e4effa8626e84d00c54eb.glb,sketchfab,glb,Creative Commons - Attribution - Non-Commercial - Share Alike,054ef8278d47bf00b49308924cf507b3d619019e62cf993cf438f85a7bd3cb7e
https://sketchfab.com/3d-models/fd75e6cb32ee49849c9bc01b1a6fc3c1,/workspace/data/objaverse_xl/hf-objaverse-v1/glbs/000-074/fd75e6cb32ee49849c9bc01b1a6fc3c1.glb,sketchfab,glb,Creative Commons - Attribution,8bd0d98d4c1b184e377138428bb1f386c5e431a88765f226fd73ac1a1daf32eb
https://sketchfab.com/3d-models/460822ebc39744a6b62c2fc9aac165ac,/workspace/data/objaverse_xl/hf-objaverse-v1/glbs/000-093/460822ebc39744a6b62c2fc9aac165ac.glb,sketchfab,glb,Creative Commons - Attribution,a23367aff74e3cda20e1a19f6d78bfd90bad6bdd0a6ff3b740696c291285f991
https://sketchfab.com/3d-models/6e7fb4a4787241e38bea9daa0ffc580b,/workspace/data/objaverse_xl/hf-objaverse-v1/glbs/000-146/6e7fb4a4787241e38bea9daa0ffc580b.glb,sketchfab,glb,Creative Commons - Attribution,5354c846cf5a7f4d900ced80419e3c8311cf72622d697d99a62f993e132bcc3b
https://sketchfab.com/3d-models/0817b958c85545e4a77bf8ffe5ad4aa1,/workspace/data/objaverse_xl/hf-objaverse-v1/glbs/000-144/0817b958c85545e4a77bf8ffe5ad4aa1.glb,sketchfab,glb,Creative Commons - Attribution,f5a2c311aaac500f52c73c51e1425358d324147f7fd11cb1d7ee89b8ce25ba79
https://sketchfab.com/3d-models/082f5048e04642989e219c7950e7b55e,/workspace/data/objaverse_xl/hf-objaverse-v1/glbs/000-030/082f5048e04642989e219c7950e7b55e.glb,sketchfab,glb,Creative Commons - Attribution,9039581cd08103b31a34d6a00583ccdd6620de9df2d740b399416a102a2dd13a
https://sketchfab.com/3d-models/285bdb15af3b451b8a51668be490e55f,/workspace/data/objaverse_xl/hf-objaverse-v1/glbs/000-012/285bdb15af3b451b8a51668be490e55f.glb,sketchfab,glb,Creative Commons - Attribution,480870d488990fcfa30168324c12132c8e9d9077cf823b2dc211c33898256c81
https://sketchfab.com/3d-models/901d56b85d5e4708ad28491ca903790c,/workspace/data/objaverse_xl/hf-objaverse-v1/glbs/000-010/901d56b85d5e4708ad28491ca903790c.glb,sketchfab,glb,Creative Commons - Attribution,7d46f9fe99ff3fef0371b45deb341743511924f625d9d86324c667595d31ea44
https://sketchfab.com/3d-models/3d30a68cd8d94840b00959bb22eeacc5,/workspace/data/objaverse_xl/hf-objaverse-v1/glbs/000-004/3d30a68cd8d94840b00959bb22eeacc5.glb,sketchfab,glb,Creative Commons - Attribution,dd464aba2b233d3c2b71ffdb9632901f9e3bcfe83f7cca2a19c7fc593186a6de
https://sketchfab.com/3d-models/c2813f80b99a40659b871e9da7e5979f,/workspace/data/objaverse_xl/hf-objaverse-v1/glbs/000-018/c2813f80b99a40659b871e9da7e5979f.glb,sketchfab,glb,Creative Commons - Attribution,9467b7e11f11a1d589d92924a24e12b4fae2336d173dff3aae61f586242fd278
https://sketchfab.com/3d-models/18c13b987e144102b8ec68328f2f6115,/workspace/data/objaverse_xl/hf-objaverse-v1/glbs/000-057/18c13b987e144102b8ec68328f2f6115.glb,sketchfab,glb,Creative Commons - Attribution,4fe1e9655a41197db5571346ca0b091f7757200875fb73cfba7d64938e00a0e5
https://sketchfab.com/3d-models/7918481bd610499a889631f67d66666a,/workspace/data/objaverse_xl/hf-objaverse-v1/glbs/000-045/7918481bd610499a889631f67d66666a.glb,sketchfab,glb,Creative Commons Zero v1.0 Universal,05e6b984dc6dc80cddfa5c4701918a57516764b336b566934317a9f106d45e38
https://sketchfab.com/3d-models/500fae5b484540bdb73ace70bee969d4,/workspace/data/objaverse_xl/hf-objaverse-v1/glbs/000-153/500fae5b484540bdb73ace70bee969d4.glb,sketchfab,glb,Creative Commons - Attribution,eb862170f48e10fb61615045d08061408ddfcb5c6db20d0d19607d7b0799dbbb
https://sketchfab.com/3d-models/1da204d902f144f3b4dc8f1bdcfdf4ce,/workspace/data/objaverse_xl/hf-objaverse-v1/glbs/000-110/1da204d902f144f3b4dc8f1bdcfdf4ce.glb,sketchfab,glb,Creative Commons - Attribution,688b5010fcbf9ef06ede7c805a6a3e4d3ea139341760974d12fa33c02812e385
https://sketchfab.com/3d-models/b196ab496a0f4d399672d9fd7f599d3c,/workspace/data/objaverse_xl/hf-objaverse-v1/glbs/000-080/b196ab496a0f4d399672d9fd7f599d3c.glb,sketchfab,glb,Creative Commons - Attribution,fab8eab9db4f18fbb99dd845eb9e225321d17895490461b6bc5ff030980e9480
https://sketchfab.com/3d-models/665faf15b1cf47cea31a32a1332e748b,/workspace/data/objaverse_xl/hf-objaverse-v1/glbs/000-125/665faf15b1cf47cea31a32a1332e748b.glb,sketchfab,glb,Creative Commons - Attribution - Share Alike,f101705879ef7c2863dadffffd2d8bac0b05aab205bc3ce379a695628f5e80c3
https://sketchfab.com/3d-models/729ed2682d3f4fdfa674e59642d4bf12,/workspace/data/objaverse_xl/hf-objaverse-v1/glbs/000-069/729ed2682d3f4fdfa674e59642d4bf12.glb,sketchfab,glb,Creative Commons - Attribution,68d94d5e9ae9e678574b14f4b12c392a035ca7de05409cbe91cafe71d76b1c35
https://sketchfab.com/3d-models/8a935c2b04dd4925acb4bf6aed24b60a,/workspace/data/objaverse_xl/hf-objaverse-v1/glbs/000-051/8a935c2b04dd4925acb4bf6aed24b60a.glb,sketchfab,glb,Creative Commons - Attribution,db3ccad64ca332174dd424b3d3f1d53dbcac39ea8db730a2bf6e78e84c6eeb70
https://sketchfab.com/3d-models/85fe558b25b146988732dc6d64556141,/workspace/data/objaverse_xl/hf-objaverse-v1/glbs/000-058/85fe558b25b146988732dc6d64556141.glb,sketchfab,glb,Creative Commons - Attribution,167b4547b12725b8bcbf66a06b73f2796b0386f99927abaad4a1646cc8351076
https://sketchfab.com/3d-models/c243ac2271bb4175b8aa66e4d2db1f94,/workspace/data/objaverse_xl/hf-objaverse-v1/glbs/000-046/c243ac2271bb4175b8aa66e4d2db1f94.glb,sketchfab,glb,Creative Commons - Attribution,a12df5ebb840f0d6ca149d39fa4d2b6891b77fa346ace0e6b866ebaa7a53e2b5
https://sketchfab.com/3d-models/76866eee07f3483b859f50e359d25323,/workspace/data/objaverse_xl/hf-objaverse-v1/glbs/000-023/76866eee07f3483b859f50e359d25323.glb,sketchfab,glb,Creative Commons - Attribution - Non-Commercial - Share Alike,3d79bdb2b9cceccfa3ffd2c40bf4058be8704600aeaf7cf5a13ea9b0b3b735f0
https://sketchfab.com/3d-models/0af466646d0949018eb6e2c414e34e2d,/workspace/data/objaverse_xl/hf-objaverse-v1/glbs/000-145/0af466646d0949018eb6e2c414e34e2d.glb,sketchfab,glb,Creative Commons - Attribution,3f9d7f47b64b3f3fb3ac98962ddb8ed03d077fef6eec21a847545434830016cf
https://sketchfab.com/3d-models/6de1bc5a43614726857d9539f78bac2a,/workspace/data/objaverse_xl/hf-objaverse-v1/glbs/000-080/6de1bc5a43614726857d9539f78bac2a.glb,sketchfab,glb,Creative Commons - Attribution,81cdc60c04d7473683ee13bef87ff505b450425e4abfa185a7246d9e62faf615
https://sketchfab.com/3d-models/6b8c61c1693c49c0af8f67af9ebae072,/workspace/data/objaverse_xl/hf-objaverse-v1/glbs/000-126/6b8c61c1693c49c0af8f67af9ebae072.glb,sketchfab,glb,Creative Commons - Attribution,3477cdbaa32c821e91d76ea5d7db95b3ad69bcd03682a76388ff368ae15de9cc
https://sketchfab.com/3d-models/2c4e271284d84803b2e8e7dc67a50062,/workspace/data/objaverse_xl/hf-objaverse-v1/glbs/000-121/2c4e271284d84803b2e8e7dc67a50062.glb,sketchfab,glb,Creative Commons - Attribution,575ddcaff517e55f7335e81483efe07e94e19e84890f59e8d0fd461da28c0fd9
https://sketchfab.com/3d-models/8d02c80955cb4588818084d4bda232e2,/workspace/data/objaverse_xl/hf-objaverse-v1/glbs/000-012/8d02c80955cb4588818084d4bda232e2.glb,sketchfab,glb,Creative Commons - Attribution,139a3e32f7864f4402d6a1f9414afef7b4a284e880a0ec1e02f3a9c320b65f45
https://sketchfab.com/3d-models/d7353689ff284b8ebaf2272fe188a2d1,/workspace/data/objaverse_xl/hf-objaverse-v1/glbs/000-037/d7353689ff284b8ebaf2272fe188a2d1.glb,sketchfab,glb,Creative Commons - Attribution,4ade7a0363532313f822c29ef82ec4aeaabdde61b0f2b770e0db93ea1787c673
https://sketchfab.com/3d-models/94438b3ee91e41b0a4178e58210e2a44,/workspace/data/objaverse_xl/hf-objaverse-v1/glbs/000-065/94438b3ee91e41b0a4178e58210e2a44.glb,sketchfab,glb,Creative Commons - Attribution,cdc6757c79b55341c0ee5dcabd5d14328b85e99588b6f547c4748edacc20ba8e
https://sketchfab.com/3d-models/fe097d04f86e4e93b28d02b6eafc82e6,/workspace/data/objaverse_xl/hf-objaverse-v1/glbs/000-136/fe097d04f86e4e93b28d02b6eafc82e6.glb,sketchfab,glb,Creative Commons - Attribution,67458cb7fc329fdec52143f23fcce9ab63119089037853b0341a7117aae7f9d3
https://sketchfab.com/3d-models/e3246cafd3c24f97a11f9028d69b97ca,/workspace/data/objaverse_xl/hf-objaverse-v1/glbs/000-076/e3246cafd3c24f97a11f9028d69b97ca.glb,sketchfab,glb,Creative Commons - Attribution,9322c1b4b433dea47e2a0f3ddda60529b4e57d3b77d145c2edf734b3dfccc516
https://sketchfab.com/3d-models/cff3ffa76a20453590fe518ed0209558,/workspace/data/objaverse_xl/hf-objaverse-v1/glbs/000-049/cff3ffa76a20453590fe518ed0209558.glb,sketchfab,glb,Creative Commons - Attribution,27928097ab5aa614a5b050e32c5dec6699b4bc8613d7af340b1b60e0faadc3e7
https://sketchfab.com/3d-models/00f2938264ff4d8f9cf5429dbb270f95,/workspace/data/objaverse_xl/hf-objaverse-v1/glbs/000-006/00f2938264ff4d8f9cf5429dbb270f95.glb,sketchfab,glb,Creative Commons - Attribution,0c07dd5ace7dfb9bc8e446fce252ad481f6b2017b04f92e89910729e02c54bcd
https://sketchfab.com/3d-models/a2bc07b44ceb44069a11b9167d23ff86,/workspace/data/objaverse_xl/hf-objaverse-v1/glbs/000-152/a2bc07b44ceb44069a11b9167d23ff86.glb,sketchfab,glb,Creative Commons - Attribution,8c75e6baf550bd94f75e993a7cc3be7ff926f8233537133e6a176b85d5897c0e
https://sketchfab.com/3d-models/cde0e5aff87446278016c629c65cd057,/workspace/data/objaverse_xl/hf-objaverse-v1/glbs/000-106/cde0e5aff87446278016c629c65cd057.glb,sketchfab,glb,Creative Commons - Attribution,ea6e1a029779d3b194746a7072c913ce5531b06f507989b3f76995a08b0ca25b
https://sketchfab.com/3d-models/14f036886e984c6cb8942f7a86e2a96b,/workspace/data/objaverse_xl/hf-objaverse-v1/glbs/000-115/14f036886e984c6cb8942f7a86e2a96b.glb,sketchfab,glb,Creative Commons - Attribution,c9a7c1abbb190d1861606d0bbf3a9c9afb3d251b5a3de904346962755e492d9d
https://sketchfab.com/3d-models/bcc0a158ae38463b8153e7fc95057eb2,/workspace/data/objaverse_xl/hf-objaverse-v1/glbs/000-130/bcc0a158ae38463b8153e7fc95057eb2.glb,sketchfab,glb,Creative Commons - Attribution,05b9dc7ff94dc970acbcba38cab0933a73a3a6ea45947eb9327ce8989a74e82c
https://sketchfab.com/3d-models/88f12dd0124648edb20ba57b52e45add,/workspace/data/objaverse_xl/hf-objaverse-v1/glbs/000-082/88f12dd0124648edb20ba57b52e45add.glb,sketchfab,glb,Creative Commons - Attribution,c2b5cf91e6aa5541325366d359a7c4b33bc618bac15111eb5b35027a14e8e361
https://sketchfab.com/3d-models/3ca7725a74d349d5bdc585c5fdf6075e,/workspace/data/objaverse_xl/hf-objaverse-v1/glbs/000-131/3ca7725a74d349d5bdc585c5fdf6075e.glb,sketchfab,glb,Creative Commons - Attribution,e7e5a91b72f1bd26a3fe4676677255b3c540f09dae0d3c28e3376477ea9ff432
https://sketchfab.com/3d-models/137c924ea6b244a39b92bfaafede15ba,/workspace/data/objaverse_xl/hf-objaverse-v1/glbs/000-010/137c924ea6b244a39b92bfaafede15ba.glb,sketchfab,glb,Creative Commons - Attribution,0d4ec67dc8559e43cf104611f016edceab55c98a7e8a8a685562554f21550c32
https://sketchfab.com/3d-models/ae0b0d8abaef4683af6522992faa2c32,/workspace/data/objaverse_xl/hf-objaverse-v1/glbs/000-152/ae0b0d8abaef4683af6522992faa2c32.glb,sketchfab,glb,Creative Commons - Attribution,c022fb3c4372a9cee1554b227a5b21420e3b165531d86431764b2fa1be4f8d31
https://sketchfab.com/3d-models/66a4ef950ecf4d07be804d1a4bd9e3f2,/workspace/data/objaverse_xl/hf-objaverse-v1/glbs/000-048/66a4ef950ecf4d07be804d1a4bd9e3f2.glb,sketchfab,glb,Creative Commons - Attribution,5326c805e2e5b6fca56ab9ed42e872d27889e9c52145c8c9894e5f160db541b5
https://sketchfab.com/3d-models/5097af0f10964002977029d1480c47e9,/workspace/data/objaverse_xl/hf-objaverse-v1/glbs/000-110/5097af0f10964002977029d1480c47e9.glb,sketchfab,glb,Creative Commons - Attribution,a76f541ac65675a0e080863e5b1d8dacec5884623b302a74e1dcac36b9037196
https://sketchfab.com/3d-models/1861e32380a64d159a5232193661efce,/workspace/data/objaverse_xl/hf-objaverse-v1/glbs/000-017/1861e32380a64d159a5232193661efce.glb,sketchfab,glb,Creative Commons - Attribution,77aa5fdcf2b04cab09ce2ae0e98f5522f1f6e7b31f42c585a329bb58e4011016
https://sketchfab.com/3d-models/dd77897a74b04aa0aaa7e40235dfef40,/workspace/data/objaverse_xl/hf-objaverse-v1/glbs/000-010/dd77897a74b04aa0aaa7e40235dfef40.glb,sketchfab,glb,Creative Commons - Attribution,ec1a4058e7a5dc22c6e60394fd4fb9348008a65ea3c2ef61c4d70d2fa2417639
https://sketchfab.com/3d-models/fc22aabc748e461ab3a5046c5e245415,/workspace/data/objaverse_xl/hf-objaverse-v1/glbs/000-048/fc22aabc748e461ab3a5046c5e245415.glb,sketchfab,glb,Creative Commons - Attribution,ba5a8a263ebfedcf2383060b70577b329df4531090824be88a8e23aae7c82f5a
https://sketchfab.com/3d-models/da22b69fd18f4c82966dfe6bdd34e828,/workspace/data/objaverse_xl/hf-objaverse-v1/glbs/000-062/da22b69fd18f4c82966dfe6bdd34e828.glb,sketchfab,glb,Creative Commons - Attribution,536766b2ff322cf8c44f2f17bb89403169c24051c71ef4342c3fb07ba7bc05b1
https://sketchfab.com/3d-models/72a56a47ea344277aa4ddba10059ff88,/workspace/data/objaverse_xl/hf-objaverse-v1/glbs/000-003/72a56a47ea344277aa4ddba10059ff88.glb,sketchfab,glb,Creative Commons - Attribution - Non-Commercial,bb3851c3409b6763014e704ffbe5b1fe24d3e0c2894f1a622fa66a36b433f1f6
https://sketchfab.com/3d-models/9809348f61404fc5ad48b664ebc1151d,/workspace/data/objaverse_xl/hf-objaverse-v1/glbs/000-149/9809348f61404fc5ad48b664ebc1151d.glb,sketchfab,glb,Creative Commons - Attribution,1aa8dc7279f676ddb2fd5ccdf3f064166cabe818065345afca7f962f2ee484cc
https://sketchfab.com/3d-models/51025db77fbc4d09b135819d277dbb80,/workspace/data/objaverse_xl/hf-objaverse-v1/glbs/000-014/51025db77fbc4d09b135819d277dbb80.glb,sketchfab,glb,Creative Commons - Attribution,e7a3e977608aab255bd4a7443a1049ac28d6c6e44936ad0c0114d4edb04b1498
https://sketchfab.com/3d-models/48b33e1cc1c64ecba2b2acd1894d3bb9,/workspace/data/objaverse_xl/hf-objaverse-v1/glbs/000-086/48b33e1cc1c64ecba2b2acd1894d3bb9.glb,sketchfab,glb,Creative Commons - Attribution,c38396c801da63c9ad13a4fe337e8daaacbbd33403798a87ab033dc9d749e692
https://sketchfab.com/3d-models/417a25b83acc44b4813edd7d32e0e4c5,/workspace/data/objaverse_xl/hf-objaverse-v1/glbs/000-130/417a25b83acc44b4813edd7d32e0e4c5.glb,sketchfab,glb,Creative Commons Zero v1.0 Universal,ba77f05ed9032a77f5b0dc31b02075e811af088c47346ee76301572fc1caa065
https://sketchfab.com/3d-models/63b1ec6ce7124307950f51c5fc8f9003,/workspace/data/objaverse_xl/hf-objaverse-v1/glbs/000-018/63b1ec6ce7124307950f51c5fc8f9003.glb,sketchfab,glb,Creative Commons - Attribution,907424023fe61f649b34851c569a33db360691396a8176bc3c8cd3dbaec15dbe
https://sketchfab.com/3d-models/cec3ee60430545ddba920b18ac9f713b,/workspace/data/objaverse_xl/hf-objaverse-v1/glbs/000-020/cec3ee60430545ddba920b18ac9f713b.glb,sketchfab,glb,Creative Commons - Attribution,7b1ee4731eca8aac42743cbf7fdcac4cb6ab9312fcd5135c4a8b1ab4a2ae54d6
https://sketchfab.com/3d-models/6fe42ad81fbf4672b3064e954a384116,/workspace/data/objaverse_xl/hf-objaverse-v1/glbs/000-061/6fe42ad81fbf4672b3064e954a384116.glb,sketchfab,glb,Creative Commons - Attribution,4c0ca04d8e134a4dd0147041141de913f84f6870d00f56f2c795cf6fce534246
https://sketchfab.com/3d-models/a50e83e563c64fc79034c1fb4ee64f05,/workspace/data/objaverse_xl/hf-objaverse-v1/glbs/000-010/a50e83e563c64fc79034c1fb4ee64f05.glb,sketchfab,glb,Creative Commons - Attribution,1ab4d8c34c71c6a7678f431b09d506a0231ea09a87431db2d3971d50995b75cf
https://sketchfab.com/3d-models/6bf87522e1a64238b826f505cacf3ce3,/workspace/data/objaverse_xl/hf-objaverse-v1/glbs/000-149/6bf87522e1a64238b826f505cacf3ce3.glb,sketchfab,glb,Creative Commons - Attribution,4695fc81604ae682a52e3ed396165bf3b5cadd544c6f1e57d6e8d0b7734c7cbb
https://sketchfab.com/3d-models/a5b2875156214bd4b62e43db65c5bc60,/workspace/data/objaverse_xl/hf-objaverse-v1/glbs/000-128/a5b2875156214bd4b62e43db65c5bc60.glb,sketchfab,glb,Creative Commons - Attribution,8594b858d355c197701a5fa2bfac72f91112c7ffb5161c8c32c5f0630e587016
https://sketchfab.com/3d-models/0a9607d158024cc8a43e0ca2a931d21d,/workspace/data/objaverse_xl/hf-objaverse-v1/glbs/000-055/0a9607d158024cc8a43e0ca2a931d21d.glb,sketchfab,glb,Creative Commons - Attribution,44f6529cb0042fb970827bef9a95936b419c05e5ac2b5d8310e41fb18500ad30
https://sketchfab.com/3d-models/592274ff53904e738d7c2b5d0de35b9e,/workspace/data/objaverse_xl/hf-objaverse-v1/glbs/000-116/592274ff53904e738d7c2b5d0de35b9e.glb,sketchfab,glb,Creative Commons - Attribution,70c5fe72b2be91552ce63ff165c328b014127b72d10ddf6a7678c9c08ba0c23c
https://sketchfab.com/3d-models/e47e89b2c128498eb080d2e084357db5,/workspace/data/objaverse_xl/hf-objaverse-v1/glbs/000-091/e47e89b2c128498eb080d2e084357db5.glb,sketchfab,glb,Creative Commons - Attribution,73a6ce15f5f0df918df53e6a46add806702d7bd55363b501ad9b69a4009bc654
https://sketchfab.com/3d-models/f219eef12b4240eaa6d9832b984808a7,/workspace/data/objaverse_xl/hf-objaverse-v1/glbs/000-042/f219eef12b4240eaa6d9832b984808a7.glb,sketchfab,glb,Creative Commons - Attribution,b11af2b026bb31b538e92df331d2150ab98dcedc0d5e4da41df78b7decbffcf4
https://sketchfab.com/3d-models/f01ec1a26fa741f5ad55f4d6fd0bb2b8,/workspace/data/objaverse_xl/hf-objaverse-v1/glbs/000-064/f01ec1a26fa741f5ad55f4d6fd0bb2b8.glb,sketchfab,glb,Creative Commons - Attribution,672f4e77a38787b955ce142702eea8e9ce5dbd90e7d6f4c838891f3cf62d44cf
https://sketchfab.com/3d-models/e4d435ce61bb41ceace0008950e84aa5,/workspace/data/objaverse_xl/hf-objaverse-v1/glbs/000-007/e4d435ce61bb41ceace0008950e84aa5.glb,sketchfab,glb,Creative Commons - Attribution,41d552aa5562d528eab8e7a5a5c4cd97f544ea9b520f356fe9eb873b9d950094
https://sketchfab.com/3d-models/524c5ae4075a4a9397246052502f4a80,/workspace/data/objaverse_xl/hf-objaverse-v1/glbs/000-092/524c5ae4075a4a9397246052502f4a80.glb,sketchfab,glb,Creative Commons - Attribution,25ada8ac68d82791526979bc062d90ed920882948660df4e4d0e497a561d95ac
https://sketchfab.com/3d-models/59653b9935d14a77a13a69b187085354,/workspace/data/objaverse_xl/hf-objaverse-v1/glbs/000-055/59653b9935d14a77a13a69b187085354.glb,sketchfab,glb,Creative Commons - Attribution,026440bf07c772c02a2f0f556ba5bb5cfc218686c43a2a060570b9afdcc76178
https://sketchfab.com/3d-models/5ed847666f354e46b402587936b97ae4,/workspace/data/objaverse_xl/hf-objaverse-v1/glbs/000-040/5ed847666f354e46b402587936b97ae4.glb,sketchfab,glb,Creative Commons - Attribution,67a59598b14c76497c04c099e8eb38c161255b8cc10941f40c024bff62524c0b
https://sketchfab.com/3d-models/7524ca760a0d4dcb950c3195ddbbb29c,/workspace/data/objaverse_xl/hf-objaverse-v1/glbs/000-123/7524ca760a0d4dcb950c3195ddbbb29c.glb,sketchfab,glb,Creative Commons - Attribution - Non-Commercial - Share Alike,9bc2f3d15dfbe0ef9e8a6031b179081a25b7e0b462fde254661cca7f9ffebaa7
https://sketchfab.com/3d-models/cd5a39a848da4911ad1500e5925669c6,/workspace/data/objaverse_xl/hf-objaverse-v1/glbs/000-052/cd5a39a848da4911ad1500e5925669c6.glb,sketchfab,glb,Creative Commons - Attribution,2482fd0f23d1210a3b90d81101b2947f4e04c71851bdd4c670bf361fddec049c
https://sketchfab.com/3d-models/a5d06450f38b434e85175485e77ae631,/workspace/data/objaverse_xl/hf-objaverse-v1/glbs/000-042/a5d06450f38b434e85175485e77ae631.glb,sketchfab,glb,Creative Commons - Attribution,19260f69de00dd60836be1f09c511aec16e7a4c93a312638f7f96dd0ec88323d
https://sketchfab.com/3d-models/3a7ccc04baa9460dbfb03e9f3b650185,/workspace/data/objaverse_xl/hf-objaverse-v1/glbs/000-029/3a7ccc04baa9460dbfb03e9f3b650185.glb,sketchfab,glb,Creative Commons - Attribution,0061b45b216e62e39a411161752cca0cdd4cf9a078c6c46c246c5507f04ff518
https://sketchfab.com/3d-models/fc8eac190b4c404683385361c354040b,/workspace/data/objaverse_xl/hf-objaverse-v1/glbs/000-076/fc8eac190b4c404683385361c354040b.glb,sketchfab,glb,Creative Commons - Attribution,41e602037f896f34df82e9ad4cb35cfc0384a3f561c59f874b8505f08bdd9b8b
https://sketchfab.com/3d-models/7bd65eb845e848a59751dbcbf215604d,/workspace/data/objaverse_xl/hf-objaverse-v1/glbs/000-132/7bd65eb845e848a59751dbcbf215604d.glb,sketchfab,glb,Creative Commons - Attribution,e38031a4c6324caa189c4d0627801cc1a516c8608139c2b47dd2bcea7b331b90
https://sketchfab.com/3d-models/7370199a9ce64332ad9f76a0e14273ca,/workspace/data/objaverse_xl/hf-objaverse-v1/glbs/000-090/7370199a9ce64332ad9f76a0e14273ca.glb,sketchfab,glb,Creative Commons - Attribution,1d831cb936cd39071cc49b0d6a6dbf0188a58dfd99e99e771bd7f31808749223
https://sketchfab.com/3d-models/694bab54ca504e7e87cfaa293f3b7978,/workspace/data/objaverse_xl/hf-objaverse-v1/glbs/000-022/694bab54ca504e7e87cfaa293f3b7978.glb,sketchfab,glb,Creative Commons - Attribution,ba49c3515a42805bd000d980456a1340672671f6ce9a2aecceaeafb547f89766
https://sketchfab.com/3d-models/b2d390dcedfd44bd9c6a0f887329725a,/workspace/data/objaverse_xl/hf-objaverse-v1/glbs/000-030/b2d390dcedfd44bd9c6a0f887329725a.glb,sketchfab,glb,Creative Commons - Attribution,b9054a69f2bb7c436971fee2d1ed2554d35f9966c9e462824d8be9fc4aa1bdc0
https://sketchfab.com/3d-models/c75e210d3a7b45fa90f37d9b05961784,/workspace/data/objaverse_xl/hf-objaverse-v1/glbs/000-028/c75e210d3a7b45fa90f37d9b05961784.glb,sketchfab,glb,Creative Commons - Attribution - Non-Commercial,850c46d521ed3a7a5993e86e22e8d902b97bb7cb4bade31f47e40e9c90ae5bee
https://sketchfab.com/3d-models/a025dbf582294a56b7b192d5354894bd,/workspace/data/objaverse_xl/hf-objaverse-v1/glbs/000-051/a025dbf582294a56b7b192d5354894bd.glb,sketchfab,glb,Creative Commons - Attribution,60e9adf60ae740157802b6f4f889afc88ba6ac61afaf90d1aab7f2cee436bab7
https://sketchfab.com/3d-models/27ea2377f0dd47619bac6282ee67d06c,/workspace/data/objaverse_xl/hf-objaverse-v1/glbs/000-003/27ea2377f0dd47619bac6282ee67d06c.glb,sketchfab,glb,Creative Commons - Attribution,87f238eb651d706f73816a501d41095085f95c7ec383a6c283098f83e4c7b626
https://sketchfab.com/3d-models/48a61d3710564cf0b5ad93b7a0617045,/workspace/data/objaverse_xl/hf-objaverse-v1/glbs/000-048/48a61d3710564cf0b5ad93b7a0617045.glb,sketchfab,glb,Creative Commons - Attribution,5ecee7e88b5c93991dd58cf97b2111dbf62398da2bb20fc7d4b77c9290c88b40
https://sketchfab.com/3d-models/33a2c7be231045aaadfed0469e0b62f3,/workspace/data/objaverse_xl/hf-objaverse-v1/glbs/000-109/33a2c7be231045aaadfed0469e0b62f3.glb,sketchfab,glb,Creative Commons - Attribution,d0852eefcbd6c54846b930cd8c46b34eb9e5c4004144c61282d556540b863d2f
https://sketchfab.com/3d-models/b57706ed26c44dedaccbd99996e8d807,/workspace/data/objaverse_xl/hf-objaverse-v1/glbs/000-139/b57706ed26c44dedaccbd99996e8d807.glb,sketchfab,glb,Creative Commons - Attribution,b574cd09492236beb0a6413873e87a457f0808a9360e923958646e2d7bdd5447
https://sketchfab.com/3d-models/2aed3fa0aec54da885b7485a3566e2be,/workspace/data/objaverse_xl/hf-objaverse-v1/glbs/000-023/2aed3fa0aec54da885b7485a3566e2be.glb,sketchfab,glb,Creative Commons - Attribution,2ce0c4d75c585a578dc8d5d0a8c9076385d5a5f4cee47cf1710abdd7b936ebb0
https://sketchfab.com/3d-models/202eb7ff892f474f952a960fa8194873,/workspace/data/objaverse_xl/hf-objaverse-v1/glbs/000-002/202eb7ff892f474f952a960fa8194873.glb,sketchfab,glb,Creative Commons - Attribution,a20d88f0341e2e8865fe7532a2f23996ecf877e26678b5d002062e01c4284907
https://sketchfab.com/3d-models/2b2de4a11d274072abd9d6dbf532e1bf,/workspace/data/objaverse_xl/hf-objaverse-v1/glbs/000-006/2b2de4a11d274072abd9d6dbf532e1bf.glb,sketchfab,glb,Creative Commons - Attribution,473ba2db6025895ba20fd3d1b506a9ca4ef22d6906977622e39ec94157ede503
https://sketchfab.com/3d-models/990eb337b2eb426c83d1ecb439945a20,/workspace/data/objaverse_xl/hf-objaverse-v1/glbs/000-013/990eb337b2eb426c83d1ecb439945a20.glb,sketchfab,glb,Creative Commons - Attribution,8720c056f2a90f45d7ebd9b1b97983bea20d296450a3fa5be468dcb16d45e7ed
https://sketchfab.com/3d-models/86136b68509f400ea1f1246a4eaab50b,/workspace/data/objaverse_xl/hf-objaverse-v1/glbs/000-011/86136b68509f400ea1f1246a4eaab50b.glb,sketchfab,glb,Creative Commons - Attribution,554ab3e30a667125ce366e345c0d7bbebb8100037b5450e8b24999e1302df062
https://sketchfab.com/3d-models/b899b191ed914ae8ac3b5215c696a09d,/workspace/data/objaverse_xl/hf-objaverse-v1/glbs/000-065/b899b191ed914ae8ac3b5215c696a09d.glb,sketchfab,glb,Creative Commons - Attribution,a33c7652923ce2a44c3a859370b8ec08c0be3042623c88a46835dfee76bf0cc8
https://sketchfab.com/3d-models/6240391fb70c4759bcc8cb5915dfb8d2,/workspace/data/objaverse_xl/hf-objaverse-v1/glbs/000-077/6240391fb70c4759bcc8cb5915dfb8d2.glb,sketchfab,glb,Creative Commons - Attribution,41da7fbe240cf2af80726a09613aeac2e79ad113d8ece6820bd255cb856d6170
https://sketchfab.com/3d-models/fd6e6e3f278c4ff3b322746d7a328ef2,/workspace/data/objaverse_xl/hf-objaverse-v1/glbs/000-064/fd6e6e3f278c4ff3b322746d7a328ef2.glb,sketchfab,glb,Creative Commons - Attribution,e71e293cbd84526a1da77b42b7c5ef681f84cb10e2e77b095de5954c1a751e6d
https://sketchfab.com/3d-models/8e9cf19997b7455e83f04478350f1788,/workspace/data/objaverse_xl/hf-objaverse-v1/glbs/000-068/8e9cf19997b7455e83f04478350f1788.glb,sketchfab,glb,Creative Commons - Attribution,15bdd220d5eb6b8e2feda8edad26cae95f05c6becfefd81a4680d2227765ade2
https://sketchfab.com/3d-models/a3e4cacc1fb949d2a3f17660d019e010,/workspace/data/objaverse_xl/hf-objaverse-v1/glbs/000-002/a3e4cacc1fb949d2a3f17660d019e010.glb,sketchfab,glb,Creative Commons - Attribution,1ef220764b50c24f0030985270159f9a2a79f4e2f135e1892fb314a700737e58
https://sketchfab.com/3d-models/57aaf47c0f644592be849657b6c569c0,/workspace/data/objaverse_xl/hf-objaverse-v1/glbs/000-107/57aaf47c0f644592be849657b6c569c0.glb,sketchfab,glb,Creative Commons - Attribution,1bb01586d5dcbc3209d9795d7fa6470e7480f912486d3eeed95308c056389d6c
https://sketchfab.com/3d-models/4da9cab3d0a94fc1ada2b01f7f8b6aaf,/workspace/data/objaverse_xl/hf-objaverse-v1/glbs/000-018/4da9cab3d0a94fc1ada2b01f7f8b6aaf.glb,sketchfab,glb,Creative Commons - Attribution,1f27df4a3a7cbdcd1329474f75024461d0abdc52f9e70ef90029d0a52abb50ee
https://sketchfab.com/3d-models/244aa1befdaa4c55833365bebfb92a7f,/workspace/data/objaverse_xl/hf-objaverse-v1/glbs/000-026/244aa1befdaa4c55833365bebfb92a7f.glb,sketchfab,glb,Creative Commons - Attribution,939940a8758bcb42bafcd58bcb20dc6a17b724b21796870e4d1f154841d3e80d
https://sketchfab.com/3d-models/3b3b12225c8e4649841c9a8fa4df2a0c,/workspace/data/objaverse_xl/hf-objaverse-v1/glbs/000-071/3b3b12225c8e4649841c9a8fa4df2a0c.glb,sketchfab,glb,Creative Commons - Attribution,9681d70256b4b2afe3dbfdeef3d534a03967812ba0402a9ee87aeb3b92677ddb
https://sketchfab.com/3d-models/309ef5226f0e4cbe944dbe0fb6c85b87,/workspace/data/objaverse_xl/hf-objaverse-v1/glbs/000-107/309ef5226f0e4cbe944dbe0fb6c85b87.glb,sketchfab,glb,Creative Commons - Attribution,d05950772b1145d0100fbb05d129e9cd382fc1815913632b4d29de6164c81c81
https://sketchfab.com/3d-models/496098bc55044a54914c64b9f88f54c9,/workspace/data/objaverse_xl/hf-objaverse-v1/glbs/000-069/496098bc55044a54914c64b9f88f54c9.glb,sketchfab,glb,Creative Commons - Attribution,8abe886c4955575167f4ed1bc899d1ff116d1714004d69f03f619d06fd07291f
https://sketchfab.com/3d-models/b0b9e8fca1634c4eb6c7c8a5520acf3b,/workspace/data/objaverse_xl/hf-objaverse-v1/glbs/000-034/b0b9e8fca1634c4eb6c7c8a5520acf3b.glb,sketchfab,glb,Creative Commons - Attribution,eae7ae43ebb0647be91ea1a8ca19a8b8798cd0fc4c32d5febfebb1708e9a9600
https://sketchfab.com/3d-models/bfca2663c69b407bb05d42107aa7beba,/workspace/data/objaverse_xl/hf-objaverse-v1/glbs/000-000/bfca2663c69b407bb05d42107aa7beba.glb,sketchfab,glb,Creative Commons - Attribution,bad7ce3c584f2c26534e89edf22cbf521efc2a3afc651cb343121fd54187f6ad
https://sketchfab.com/3d-models/e973a9f1172e497fb020183213a063e1,/workspace/data/objaverse_xl/hf-objaverse-v1/glbs/000-109/e973a9f1172e497fb020183213a063e1.glb,sketchfab,glb,Creative Commons - Attribution,582afc978307de820ebaecce466272fb96030f3ede278632ef4548cfabbd575c
https://sketchfab.com/3d-models/09f5f8632c81434c96df4b596bb149f0,/workspace/data/objaverse_xl/hf-objaverse-v1/glbs/000-055/09f5f8632c81434c96df4b596bb149f0.glb,sketchfab,glb,Creative Commons - Attribution,80c9a6a2954dc074e235797e8c68ea23b26e3460ff027e3a96470f0acaf9b84d
https://sketchfab.com/3d-models/c5a7470a03e14788bebd6648776a1194,/workspace/data/objaverse_xl/hf-objaverse-v1/glbs/000-119/c5a7470a03e14788bebd6648776a1194.glb,sketchfab,glb,Creative Commons - Attribution,ad5fe892b53e6f4b036230ff6843c9a6a1efd83a21dcf829e10f807932e1ada4
https://sketchfab.com/3d-models/db6abd57e6004ba0a58e768607f4ad03,/workspace/data/objaverse_xl/hf-objaverse-v1/glbs/000-090/db6abd57e6004ba0a58e768607f4ad03.glb,sketchfab,glb,Creative Commons - Attribution,43e3fef161cca800ad1f35a1cd954bb2bcd9dbb5e3d8f786061d88193d015332
https://sketchfab.com/3d-models/bc0fd04422374b3987162a6c499280d8,/workspace/data/objaverse_xl/hf-objaverse-v1/glbs/000-137/bc0fd04422374b3987162a6c499280d8.glb,sketchfab,glb,Creative Commons - Attribution,079c1fbedddddc5b9462a22ec9e043e808aac72c0b138b2173b4f191971135c6
https://sketchfab.com/3d-models/15d063735c8c4cab9d0e3564ec32ec83,/workspace/data/objaverse_xl/hf-objaverse-v1/glbs/000-078/15d063735c8c4cab9d0e3564ec32ec83.glb,sketchfab,glb,Creative Commons - Attribution,5c7781aee2cf2ff1b6a4bb1982ce539f42ce0b704194da7bd7d7ac4026950d9b
https://sketchfab.com/3d-models/445795c53c7a431a8bd8cd26be462cf5,/workspace/data/objaverse_xl/hf-objaverse-v1/glbs/000-016/445795c53c7a431a8bd8cd26be462cf5.glb,sketchfab,glb,Creative Commons - Attribution - Non-Commercial,1dec7b5db6a976f46f30b461a1c3a63e709eeffa841d3a499dc768a35dc62730
https://sketchfab.com/3d-models/9550bf4752174de18b26d05f6c04f67a,/workspace/data/objaverse_xl/hf-objaverse-v1/glbs/000-020/9550bf4752174de18b26d05f6c04f67a.glb,sketchfab,glb,Creative Commons - Attribution,4ee24abc56fc5973b2b834a32f28c7bbe0808946914ffb88fa8ee84e098a9802
https://sketchfab.com/3d-models/b8697e670ee949ecad24a7a310cd4abc,/workspace/data/objaverse_xl/hf-objaverse-v1/glbs/000-116/b8697e670ee949ecad24a7a310cd4abc.glb,sketchfab,glb,Creative Commons - Attribution,ba2b3f18298bbad085f181faf1f6faa632fb975b0bccb9be1ec582636d479417
https://sketchfab.com/3d-models/1e0a297032d84666a14f4d68aaafbc8a,/workspace/data/objaverse_xl/hf-objaverse-v1/glbs/000-049/1e0a297032d84666a14f4d68aaafbc8a.glb,sketchfab,glb,Creative Commons - Attribution,35d59217ef760fd691c5dca283a1b6e016799b4e407557e84b213fedb6b49730
https://sketchfab.com/3d-models/0a267bc3066344b48d77750d55513c9b,/workspace/data/objaverse_xl/hf-objaverse-v1/glbs/000-028/0a267bc3066344b48d77750d55513c9b.glb,sketchfab,glb,Creative Commons - Attribution,a7129c40801daa8c3490a66d4fc8f3b242593f42469b7fcb86c2d6dd00de46f1
https://sketchfab.com/3d-models/525e4118c4f54cf89dc7322ad2d5c080,/workspace/data/objaverse_xl/hf-objaverse-v1/glbs/000-058/525e4118c4f54cf89dc7322ad2d5c080.glb,sketchfab,glb,Creative Commons - Attribution,abab63c41e2a9d1b5720aa23150dda5c3ff29c306a9e1fbed38ea80f35c97fa4
https://sketchfab.com/3d-models/43820fff2d664cb7a427ed8cf8de9884,/workspace/data/objaverse_xl/hf-objaverse-v1/glbs/000-157/43820fff2d664cb7a427ed8cf8de9884.glb,sketchfab,glb,Creative Commons - Attribution - Non-Commercial - Share Alike,2f0e26b2b52b6d30a2a9e97f8356c65397cbcdef972ae7d002b35862bc42bffe
https://sketchfab.com/3d-models/6434932c06974d10927c2fe36c2c7f8e,/workspace/data/objaverse_xl/hf-objaverse-v1/glbs/000-017/6434932c06974d10927c2fe36c2c7f8e.glb,sketchfab,glb,Creative Commons - Attribution,9471a313e6c357b0312abf6dcb8bc24efa4953aacf7bc2f1b75fec265d713f89
https://sketchfab.com/3d-models/1b057dfa84404603987d4ce41523285d,/workspace/data/objaverse_xl/hf-objaverse-v1/glbs/000-087/1b057dfa84404603987d4ce41523285d.glb,sketchfab,glb,Creative Commons - Attribution,c776bce8dd2c7c157b607d8377a7e28e161eed0800af416f69efbdbd26ed5489
https://sketchfab.com/3d-models/4c656b98557f433499726238dfa8eaa5,/workspace/data/objaverse_xl/hf-objaverse-v1/glbs/000-094/4c656b98557f433499726238dfa8eaa5.glb,sketchfab,glb,Creative Commons - Attribution,498d5c2b82ab9e7f63087688355922f2c7c6fc7f5463f602c72994e94f1aca31
https://sketchfab.com/3d-models/ba7da7bbf6cc4ce9ab17ce66bc9597a1,/workspace/data/objaverse_xl/hf-objaverse-v1/glbs/000-041/ba7da7bbf6cc4ce9ab17ce66bc9597a1.glb,sketchfab,glb,Creative Commons - Attribution,ff5ef7d2c124953b6e053a98b945ef3cad50b8ab524e31c7d78bb6737307169c
https://sketchfab.com/3d-models/74a02ace016b46ce9e529fa7640b60ed,/workspace/data/objaverse_xl/hf-objaverse-v1/glbs/000-142/74a02ace016b46ce9e529fa7640b60ed.glb,sketchfab,glb,Creative Commons - Attribution,853fd16cba8e33d85cb7e5c6e76d546b1d6e042ca178fc47f91e56d26af31ddd
https://sketchfab.com/3d-models/74553e391fed43858d35f80e1c26c70e,/workspace/data/objaverse_xl/hf-objaverse-v1/glbs/000-042/74553e391fed43858d35f80e1c26c70e.glb,sketchfab,glb,Creative Commons - Attribution - Non-Commercial - Share Alike,3c8bd95a6202cef4e870f8ed088f5380ac33dbe432130012e6d4fb4f4a0fd14d
https://sketchfab.com/3d-models/8642435414f6497398cab70fc057a058,/workspace/data/objaverse_xl/hf-objaverse-v1/glbs/000-134/8642435414f6497398cab70fc057a058.glb,sketchfab,glb,Creative Commons - Attribution,3c2194c560a96360cc19411c29547a03a0c63ffd71a3273681a7a9b9ff3eca39
https://sketchfab.com/3d-models/f3628a8524374057a03c45e7b9a19bcd,/workspace/data/objaverse_xl/hf-objaverse-v1/glbs/000-125/f3628a8524374057a03c45e7b9a19bcd.glb,sketchfab,glb,Creative Commons - Attribution,e72e41bd5727614006dcc10a6939f61bf4bbdcb5d12a8ec42a7334ebf0c6a81a
https://sketchfab.com/3d-models/1347b01a72bf4c9ca6f45b941ff4c236,/workspace/data/objaverse_xl/hf-objaverse-v1/glbs/000-088/1347b01a72bf4c9ca6f45b941ff4c236.glb,sketchfab,glb,Creative Commons - Attribution,65ec4753f413ba717582c8079b24291bc04e1d4a927a38534a3b204c64747417
https://sketchfab.com/3d-models/e9872d4f18a24e9791baeaf2332cfc44,/workspace/data/objaverse_xl/hf-objaverse-v1/glbs/000-151/e9872d4f18a24e9791baeaf2332cfc44.glb,sketchfab,glb,Creative Commons - Attribution,99de571b826bb743a6c2c6553331595dfb820733ff550166fc5c41a3bb0a6d43
https://sketchfab.com/3d-models/6f94fe23c9394449911a660a6a2c8893,/workspace/data/objaverse_xl/hf-objaverse-v1/glbs/000-019/6f94fe23c9394449911a660a6a2c8893.glb,sketchfab,glb,Creative Commons - Attribution,01072ba5aa8dbc49e6b12aaacf92389af8a71c07c8a1bb66fe95fe57b6b82774
https://sketchfab.com/3d-models/1266dd27a8c943178b342b56e58f33f7,/workspace/data/objaverse_xl/hf-objaverse-v1/glbs/000-045/1266dd27a8c943178b342b56e58f33f7.glb,sketchfab,glb,Creative Commons - Attribution,b101a7eb363f4eda68065f476cc2dc1b5f6896ab91862cc95a86f81bc699abdf
https://sketchfab.com/3d-models/601aae3c96f3429ca7f454d092f12a74,/workspace/data/objaverse_xl/hf-objaverse-v1/glbs/000-009/601aae3c96f3429ca7f454d092f12a74.glb,sketchfab,glb,Creative Commons - Attribution,0d89781904e33d0f0ee26214ed4f1cda5651fac3e88ba427bd796414476298aa
https://sketchfab.com/3d-models/d2268b2e730144cd923de75f51a1b208,/workspace/data/objaverse_xl/hf-objaverse-v1/glbs/000-075/d2268b2e730144cd923de75f51a1b208.glb,sketchfab,glb,Creative Commons - Attribution,5afb909dc5a3ab78ec6924c114bfd5a8ae38c716aa31a214734d9b412a9c3fbb
https://sketchfab.com/3d-models/5c039adde67b45c1912c4ca7d0245a31,/workspace/data/objaverse_xl/hf-objaverse-v1/glbs/000-037/5c039adde67b45c1912c4ca7d0245a31.glb,sketchfab,glb,Creative Commons - Attribution,53080f810ff3aa0cec7fc4e0bd410d1f05b3e152862a0764e8b3229c3acfb4c6
https://sketchfab.com/3d-models/598c4b4ff8674f96aa356bbc4b05e116,/workspace/data/objaverse_xl/hf-objaverse-v1/glbs/000-155/598c4b4ff8674f96aa356bbc4b05e116.glb,sketchfab,glb,Creative Commons - Attribution,44180f2432deb81548c56fde4e9576ea33d51e7793422182f225e298aa19d3b0
https://sketchfab.com/3d-models/4e95482372a94a929dade5899e1feffa,/workspace/data/objaverse_xl/hf-objaverse-v1/glbs/000-058/4e95482372a94a929dade5899e1feffa.glb,sketchfab,glb,Creative Commons - Attribution,3bd37b9e93f9726d422e057bb326454e9046fd6287db1e824f82e320bca60938
https://sketchfab.com/3d-models/4fa39a9306a44f76b58dfbda8da5f630,/workspace/data/objaverse_xl/hf-objaverse-v1/glbs/000-138/4fa39a9306a44f76b58dfbda8da5f630.glb,sketchfab,glb,Creative Commons - Attribution,58f00f862ff157f42d2d2f4b6371e0d4d69e4db2596471c5d5eea204f7d26835
https://sketchfab.com/3d-models/c227674b509540eea381390cb67b6c79,/workspace/data/objaverse_xl/hf-objaverse-v1/glbs/000-063/c227674b509540eea381390cb67b6c79.glb,sketchfab,glb,Creative Commons - Attribution - Non-Commercial - Share Alike,b3d47813febbd2bcbce5dee38ab8106f8f8fb55efd372d8368c6f5629a1d232f
https://sketchfab.com/3d-models/30a6c909765c4490a28fe1c65620fdcd,/workspace/data/objaverse_xl/hf-objaverse-v1/glbs/000-045/30a6c909765c4490a28fe1c65620fdcd.glb,sketchfab,glb,Creative Commons - Attribution,91f8d77a31bb1e6cefb78aed5cc8e8513d4a95089bc242dd03de764e19888742
https://sketchfab.com/3d-models/5d40e65684a84ee0a70b58aff0eb97e2,/workspace/data/objaverse_xl/hf-objaverse-v1/glbs/000-050/5d40e65684a84ee0a70b58aff0eb97e2.glb,sketchfab,glb,Creative Commons - Attribution,7c1a26fa7c93be38996985179e548da046a8366ee8ecc244ef198774a5bf2107
https://sketchfab.com/3d-models/59b615ad514e42db95f49e77aac21220,/workspace/data/objaverse_xl/hf-objaverse-v1/glbs/000-105/59b615ad514e42db95f49e77aac21220.glb,sketchfab,glb,Creative Commons - Attribution,55122d314ad20c5f614ed49081f046334ec30aba1c3f035e83f47a5acf872d48
https://sketchfab.com/3d-models/9ba854fb3de3426c924737b1d96c54f3,/workspace/data/objaverse_xl/hf-objaverse-v1/glbs/000-085/9ba854fb3de3426c924737b1d96c54f3.glb,sketchfab,glb,Creative Commons - Attribution,350c6bacd67d2f4a9f05df49946596331c71d9c6e721936614448f6e17ba8d13
https://sketchfab.com/3d-models/4de80cb1c6d445ec8cdd53f25fb124c5,/workspace/data/objaverse_xl/hf-objaverse-v1/glbs/000-052/4de80cb1c6d445ec8cdd53f25fb124c5.glb,sketchfab,glb,Creative Commons - Attribution,906c3a96ff4f84731621f6ed0a8c149462ef7ba996022a185b416fbedb23cc73
https://sketchfab.com/3d-models/9009b5f97e4f4310a060277dcbcd3d29,/workspace/data/objaverse_xl/hf-objaverse-v1/glbs/000-158/9009b5f97e4f4310a060277dcbcd3d29.glb,sketchfab,glb,Creative Commons - Attribution,18bc4433c5f614a798f495b6308aa60d11b0b2855f997ef301aa66997d737fb7
https://sketchfab.com/3d-models/3ec94832e8624e5489072484f3cd5023,/workspace/data/objaverse_xl/hf-objaverse-v1/glbs/000-022/3ec94832e8624e5489072484f3cd5023.glb,sketchfab,glb,Creative Commons - Attribution,f8174c62cb3b13d2790f0dea334ae1fa1b0efea178c78d7802993aa0c2ebbec0
https://sketchfab.com/3d-models/6507b84b3752444ab080199b4af2a07a,/workspace/data/objaverse_xl/hf-objaverse-v1/glbs/000-006/6507b84b3752444ab080199b4af2a07a.glb,sketchfab,glb,Creative Commons - Attribution,104a2216e5140497609367e4a7e9ecdf7e5b24b346d2f38492fa186bc9714732
https://sketchfab.com/3d-models/566030e0a303435889fffa77503354a1,/workspace/data/objaverse_xl/hf-objaverse-v1/glbs/000-086/566030e0a303435889fffa77503354a1.glb,sketchfab,glb,Creative Commons - Attribution,2d93ecd959a887380859529f47cfe977f7de4b74d11c3d1f2264c62d8ec45ebb
https://sketchfab.com/3d-models/9f4a6986633f4a4e9f694308eddb7cc1,/workspace/data/objaverse_xl/hf-objaverse-v1/glbs/000-119/9f4a6986633f4a4e9f694308eddb7cc1.glb,sketchfab,glb,Creative Commons - Attribution,5be180e4662d9bd0496a1cc16c7ba5701bdccb48bcfd685802c726a9a2e117bf
https://sketchfab.com/3d-models/c75a8b6d7b8e4bfca36ff0cf6aa4f995,/workspace/data/objaverse_xl/hf-objaverse-v1/glbs/000-120/c75a8b6d7b8e4bfca36ff0cf6aa4f995.glb,sketchfab,glb,Creative Commons - Attribution,8455ccd7b1e18d111837b658b334f5db881908b8c60a19e25392d2cdf65551be
https://sketchfab.com/3d-models/61cf0694591845a1a8bf6ed6ab249070,/workspace/data/objaverse_xl/hf-objaverse-v1/glbs/000-149/61cf0694591845a1a8bf6ed6ab249070.glb,sketchfab,glb,Creative Commons - Attribution,4eb81ae5ae510c8aafd21b443c1bf71489fd3fd50bb15b12be29e81c937beed0
https://sketchfab.com/3d-models/640ec8fff5aa47adba0eeda152ce2978,/workspace/data/objaverse_xl/hf-objaverse-v1/glbs/000-152/640ec8fff5aa47adba0eeda152ce2978.glb,sketchfab,glb,Creative Commons - Attribution,ea7b7f5f4dcaa03b61c3bb354d98830b3f547c64e42a09b5688bd4c4b1d40a59
https://sketchfab.com/3d-models/4c2db2a8a15143fe87daa6138a08c6d9,/workspace/data/objaverse_xl/hf-objaverse-v1/glbs/000-112/4c2db2a8a15143fe87daa6138a08c6d9.glb,sketchfab,glb,Creative Commons - Attribution - Non-Commercial,8f88648cb62119e80c8ee80c9bb5464a3597908066a50d62094cf34f76db83e9
https://sketchfab.com/3d-models/603e2ef74e3f46f4947f43bc475f6947,/workspace/data/objaverse_xl/hf-objaverse-v1/glbs/000-058/603e2ef74e3f46f4947f43bc475f6947.glb,sketchfab,glb,Creative Commons - Attribution,f0f18de8407d746e920e5c3e45ec3e347944361a2ea47a5303472dee2a291d03
https://sketchfab.com/3d-models/6d1b6d54091e41c29b8bac30ecf03477,/workspace/data/objaverse_xl/hf-objaverse-v1/glbs/000-057/6d1b6d54091e41c29b8bac30ecf03477.glb,sketchfab,glb,Creative Commons - Attribution,fea8ef1c4f6c4ef9de6facce2d0ff6d67143d2dcc80aa06b7f39d193555dc4bf
https://sketchfab.com/3d-models/dcb878f3b24c44e099b1f51011cd432d,/workspace/data/objaverse_xl/hf-objaverse-v1/glbs/000-001/dcb878f3b24c44e099b1f51011cd432d.glb,sketchfab,glb,Creative Commons - Attribution,bfd522f5f076d406344c0016c44a47b36c8eec3b92711c9574084a63a01448d1
https://sketchfab.com/3d-models/82a75f1128894ae28bafdba15addb30f,/workspace/data/objaverse_xl/hf-objaverse-v1/glbs/000-045/82a75f1128894ae28bafdba15addb30f.glb,sketchfab,glb,Creative Commons - Attribution - Non-Commercial - Share Alike,f030ce93e70422320538cfa0d8191b82fec351049cf3ce314f52061737a5ab7b
https://sketchfab.com/3d-models/a8b18a58a6784d8bb056c52050093e81,/workspace/data/objaverse_xl/hf-objaverse-v1/glbs/000-067/a8b18a58a6784d8bb056c52050093e81.glb,sketchfab,glb,Creative Commons - Attribution,c176ad47d8de22f62c1db6159af2378ba13f061550d31dbe7e6bf01b62d19ed6
https://sketchfab.com/3d-models/276d6b304e564c35926d1c89e2d34ee4,/workspace/data/objaverse_xl/hf-objaverse-v1/glbs/000-117/276d6b304e564c35926d1c89e2d34ee4.glb,sketchfab,glb,Creative Commons - Attribution,c15055743616a3942981d0b311bafc359d3e542162916180f975710ae83746ed
https://sketchfab.com/3d-models/c0ceb238009e49c4baf3050cc0305028,/workspace/data/objaverse_xl/hf-objaverse-v1/glbs/000-065/c0ceb238009e49c4baf3050cc0305028.glb,sketchfab,glb,Creative Commons - Attribution - Non-Commercial - Share Alike,0b08307decc4b92f3c5ba279a658e685fe6233ab15c542fa1f60f54db810d032
https://sketchfab.com/3d-models/a4707905765742debd361b861ec6c003,/workspace/data/objaverse_xl/hf-objaverse-v1/glbs/000-092/a4707905765742debd361b861ec6c003.glb,sketchfab,glb,Creative Commons - Attribution,d8b9269ab33d9b1dedaaa14519f630274c68f02610bb6c8e98055ecb4ceb11ab
https://sketchfab.com/3d-models/959f72b102324a9fadcf1bc1b9722e15,/workspace/data/objaverse_xl/hf-objaverse-v1/glbs/000-053/959f72b102324a9fadcf1bc1b9722e15.glb,sketchfab,glb,Creative Commons - Attribution,e292f29bc8d93353fbb5539ded0f053aade32ea91baa5835ed5621cce3733c67
https://sketchfab.com/3d-models/e237c952f02748dc8ea14023e259cafb,/workspace/data/objaverse_xl/hf-objaverse-v1/glbs/000-085/e237c952f02748dc8ea14023e259cafb.glb,sketchfab,glb,Creative Commons - Attribution,e3de5ff0fae08b251c00947ee5aa4dc409aa7ebc4479a54847577b35f6783d35
https://sketchfab.com/3d-models/55ba8f6208a8445e8033e11fa88bef18,/workspace/data/objaverse_xl/hf-objaverse-v1/glbs/000-009/55ba8f6208a8445e8033e11fa88bef18.glb,sketchfab,glb,Creative Commons - Attribution,fd3408df505013569480734dca2052c356c9aa9e5c0b44a3bb5708a5a81880b9
https://sketchfab.com/3d-models/903c5156effe4543a1331faeb2d376ab,/workspace/data/objaverse_xl/hf-objaverse-v1/glbs/000-078/903c5156effe4543a1331faeb2d376ab.glb,sketchfab,glb,Creative Commons - Attribution,c5c06be4ff744a0b86da1e15eb001e941f6ac417d7b83d8a5e8b4264dce0416c
https://sketchfab.com/3d-models/414fdae070ea4675b0eeb9fc8a244259,/workspace/data/objaverse_xl/hf-objaverse-v1/glbs/000-114/414fdae070ea4675b0eeb9fc8a244259.glb,sketchfab,glb,Creative Commons - Attribution,d848bfd31c47a4a1fd97352cfb7ed6991a043013a93b6c2ff4cd2847494ff746
https://sketchfab.com/3d-models/e67462fc5cb349f9a67e3c28c40ef25d,/workspace/data/objaverse_xl/hf-objaverse-v1/glbs/000-063/e67462fc5cb349f9a67e3c28c40ef25d.glb,sketchfab,glb,Creative Commons - Attribution,764372025b890e8f17603db607ded60c089d66403cfa86997030c26b558a1a21
https://sketchfab.com/3d-models/dcf41e7680564a259f707676ae8442c8,/workspace/data/objaverse_xl/hf-objaverse-v1/glbs/000-004/dcf41e7680564a259f707676ae8442c8.glb,sketchfab,glb,Creative Commons - Attribution,954a02ad9900ea109bf22afa88d82ef9c2acefa78c9a8fe340f2389f05cc328c
https://sketchfab.com/3d-models/a86f0d253a194873b8cf4d8f193f2bc4,/workspace/data/objaverse_xl/hf-objaverse-v1/glbs/000-028/a86f0d253a194873b8cf4d8f193f2bc4.glb,sketchfab,glb,Creative Commons - Attribution,b7ca2956eea0b0f5ae283a00cc85dfe704ffe7b3261191579ae8a31d6397fc80
https://sketchfab.com/3d-models/facb1a0cfd1c4d7d8f0627536048f2b2,/workspace/data/objaverse_xl/hf-objaverse-v1/glbs/000-133/facb1a0cfd1c4d7d8f0627536048f2b2.glb,sketchfab,glb,Creative Commons - Attribution,a50694e0a4fcd22d3f1196beef01d563be4d40b2d1ba5ba2766cc8770158dfbb
https://sketchfab.com/3d-models/95e94211c305406392be1bb072e442b4,/workspace/data/objaverse_xl/hf-objaverse-v1/glbs/000-005/95e94211c305406392be1bb072e442b4.glb,sketchfab,glb,Creative Commons - Attribution,724aa194f58e90607fcd5ed78d34c1417acbc5261b504c5a73bac9673f40e529
https://sketchfab.com/3d-models/3979f0c63bed41cb89f26f1a6f544429,/workspace/data/objaverse_xl/hf-objaverse-v1/glbs/000-051/3979f0c63bed41cb89f26f1a6f544429.glb,sketchfab,glb,Creative Commons - Attribution,023d8580688a8554694e71e2959813e6891a359f772a6fbd56f8f5d876a1a440
https://sketchfab.com/3d-models/f27a9b3d2f3c413d8f12a89a5e0d5d7f,/workspace/data/objaverse_xl/hf-objaverse-v1/glbs/000-107/f27a9b3d2f3c413d8f12a89a5e0d5d7f.glb,sketchfab,glb,Creative Commons - Attribution,82f3cff4e6a1f62cc7847f0b04702fa04a5d1b78c35ec218b7705bef4b011bd7
https://sketchfab.com/3d-models/e9632096337f442894229540a98c312d,/workspace/data/objaverse_xl/hf-objaverse-v1/glbs/000-109/e9632096337f442894229540a98c312d.glb,sketchfab,glb,Creative Commons - Attribution,0afca8e2ee1723b471126915dad5413c6eccc4fb9fbaace7d409276a543dbf19
https://sketchfab.com/3d-models/372d12b98933491992ceb61255960493,/workspace/data/objaverse_xl/hf-objaverse-v1/glbs/000-058/372d12b98933491992ceb61255960493.glb,sketchfab,glb,Creative Commons - Attribution,97e2a8fb06505581eaa6aba358a7ea7f427414bd75827faf69ad0ac20cde5db5
https://sketchfab.com/3d-models/855898cb5fcb4c43a109d7cc104808a6,/workspace/data/objaverse_xl/hf-objaverse-v1/glbs/000-125/855898cb5fcb4c43a109d7cc104808a6.glb,sketchfab,glb,Creative Commons - Attribution,d207170250196ed98771cf9db04821175514f1f098ea7dfe997e2a0d2dc994f8
https://sketchfab.com/3d-models/244f0dd2d03849a8a109f8b6fcfca078,/workspace/data/objaverse_xl/hf-objaverse-v1/glbs/000-083/244f0dd2d03849a8a109f8b6fcfca078.glb,sketchfab,glb,Creative Commons - Attribution,3bfd81fa33e1f86addd4fa48701e47ed25fb738a0fdf4ad223576fc5507dee4d
https://sketchfab.com/3d-models/bea9fcd2f58e4ed28e9de8d579ce8d4b,/workspace/data/objaverse_xl/hf-objaverse-v1/glbs/000-008/bea9fcd2f58e4ed28e9de8d579ce8d4b.glb,sketchfab,glb,Creative Commons - Attribution,9cfadbca32c91b58a617772b93ef22dba245c0c7408f822e025b98ee16a3fde4
https://sketchfab.com/3d-models/7d07cf3481e546d2a7866e121d921288,/workspace/data/objaverse_xl/hf-objaverse-v1/glbs/000-156/7d07cf3481e546d2a7866e121d921288.glb,sketchfab,glb,Creative Commons - Attribution,7b91e65a63c83bc61ba49273973b5ba104e61df5aecfd88202eda4de347ded30
https://sketchfab.com/3d-models/bb396ad8c3ce4074933b8a6a4a1be17a,/workspace/data/objaverse_xl/hf-objaverse-v1/glbs/000-066/bb396ad8c3ce4074933b8a6a4a1be17a.glb,sketchfab,glb,Creative Commons - Attribution,8ae48fb2310c24d697d1f9be8903e2652b431032fb5c72dd376e5c0b6b422c99
https://sketchfab.com/3d-models/03ab7bc77db94a92953c3663ef8ffc6a,/workspace/data/objaverse_xl/hf-objaverse-v1/glbs/000-123/03ab7bc77db94a92953c3663ef8ffc6a.glb,sketchfab,glb,Creative Commons - Attribution,3f7a4d4cec3a03fa7c39b190c1d93c71c178d33b92f75d3440174bc1226f1b67
https://sketchfab.com/3d-models/b8dd43142a46407798840fe040526c51,/workspace/data/objaverse_xl/hf-objaverse-v1/glbs/000-135/b8dd43142a46407798840fe040526c51.glb,sketchfab,glb,Creative Commons - Attribution,4410983e770c49aef0b78371bd950325496131752531411045f13fc36bee102f
https://sketchfab.com/3d-models/dc540d2de55d44899da8aa0dc1e8d1ff,/workspace/data/objaverse_xl/hf-objaverse-v1/glbs/000-152/dc540d2de55d44899da8aa0dc1e8d1ff.glb,sketchfab,glb,Creative Commons - Attribution,cf2fdb61ac62edc7134ac8b836956b317eb38cef0f5ac749627efa0bf192962b
https://sketchfab.com/3d-models/d09d556a242041a9b65a54255dd57f9b,/workspace/data/objaverse_xl/hf-objaverse-v1/glbs/000-024/d09d556a242041a9b65a54255dd57f9b.glb,sketchfab,glb,Creative Commons - Attribution,15afdee451cc7a0c2c71e60393be72d8f42500ec46c98079e3342fd456d5a442
https://sketchfab.com/3d-models/05f7b083ec664a42a17615b99e976654,/workspace/data/objaverse_xl/hf-objaverse-v1/glbs/000-158/05f7b083ec664a42a17615b99e976654.glb,sketchfab,glb,Creative Commons - Attribution,2b2b658f251a1e442d2383b1b7cb10469767a76b63f5f95d019d147931e06a6f
https://sketchfab.com/3d-models/4cdc8041be7c4cba9e076566db276d1c,/workspace/data/objaverse_xl/hf-objaverse-v1/glbs/000-017/4cdc8041be7c4cba9e076566db276d1c.glb,sketchfab,glb,Creative Commons - Attribution,e9e0ebb4b38239690db2f325938ab869f824a39f4a927b9d55915cc3d487a7bf
https://sketchfab.com/3d-models/39c849598b734045900de42bb6bfb6cb,/workspace/data/objaverse_xl/hf-objaverse-v1/glbs/000-061/39c849598b734045900de42bb6bfb6cb.glb,sketchfab,glb,Creative Commons - Attribution,faaef559bca7006218c247aaef0f2579b89653ceb90d29605ade19751b056364
https://sketchfab.com/3d-models/87eb56a0e0b34662b84680ebd51b887d,/workspace/data/objaverse_xl/hf-objaverse-v1/glbs/000-066/87eb56a0e0b34662b84680ebd51b887d.glb,sketchfab,glb,Creative Commons - Attribution,9ad21cfa778b7a0206ba856e09574c7b68e44a6466fcefb4a969418d539b33a3
https://sketchfab.com/3d-models/2b14834e045c4a9fba5f00a65051848d,/workspace/data/objaverse_xl/hf-objaverse-v1/glbs/000-041/2b14834e045c4a9fba5f00a65051848d.glb,sketchfab,glb,Creative Commons - Attribution - Non-Commercial,f1d73f099ddef3f0e57e8a88f39be806d07ec8039ed889ad7e6429047ca5360e
https://sketchfab.com/3d-models/6fde1136359d48d29c49d0d7201b53f2,/workspace/data/objaverse_xl/hf-objaverse-v1/glbs/000-155/6fde1136359d48d29c49d0d7201b53f2.glb,sketchfab,glb,Creative Commons - Attribution,829313aa724488959d8c4dfccb308d4771685a974b497f02b492e453fd180434
https://sketchfab.com/3d-models/4011c02e899d465ba11da8767a4295c8,/workspace/data/objaverse_xl/hf-objaverse-v1/glbs/000-093/4011c02e899d465ba11da8767a4295c8.glb,sketchfab,glb,Creative Commons - Attribution,5bd15ff12fac333c98ae4e7c51577235b34c875d716b742e7c174c4dbd76e97e
https://sketchfab.com/3d-models/4f218a60a3db4c36a25120734bcdb188,/workspace/data/objaverse_xl/hf-objaverse-v1/glbs/000-058/4f218a60a3db4c36a25120734bcdb188.glb,sketchfab,glb,Creative Commons - Attribution,1df339fed819e6e60537bb477c9cf6d476a4bea32260e7db4a47c1ba9b998db9
https://sketchfab.com/3d-models/2660ea125dcb46598259816d38dbc23b,/workspace/data/objaverse_xl/hf-objaverse-v1/glbs/000-038/2660ea125dcb46598259816d38dbc23b.glb,sketchfab,glb,Creative Commons - Attribution,feb90fa84c9da2439c4ff1b66bb1671691ff41fe137f6696fa8a0fb26ca49299
https://sketchfab.com/3d-models/5d1f08eda7944e619d9d03781c043567,/workspace/data/objaverse_xl/hf-objaverse-v1/glbs/000-012/5d1f08eda7944e619d9d03781c043567.glb,sketchfab,glb,Creative Commons - Attribution,60065288b399f1f42348a866fb985e819c7d97dd740a468894366b8e48812e96
https://sketchfab.com/3d-models/3c496e8bd98441a8b133a87c5c56da42,/workspace/data/objaverse_xl/hf-objaverse-v1/glbs/000-080/3c496e8bd98441a8b133a87c5c56da42.glb,sketchfab,glb,Creative Commons - Attribution,468c6569673b2e7bdbfb4a93e15747bed08d9f8c52bd50b9533be9180ba28055
https://sketchfab.com/3d-models/c29351f1ef1942198ec38ef5eb5e6800,/workspace/data/objaverse_xl/hf-objaverse-v1/glbs/000-039/c29351f1ef1942198ec38ef5eb5e6800.glb,sketchfab,glb,Creative Commons - Attribution,5aaf657bffd2358a3c4ab255670bfe94bb81f3eecc435d6e304ef12afae6bbb2
https://sketchfab.com/3d-models/fe2ba5c315df4b85bf4efb924c9802c6,/workspace/data/objaverse_xl/hf-objaverse-v1/glbs/000-002/fe2ba5c315df4b85bf4efb924c9802c6.glb,sketchfab,glb,Creative Commons - Attribution,b65420b13d1a2e96bc7ea981c275073fd6c27334c855e3c36f6916f54f9df336
https://sketchfab.com/3d-models/4330c2b89e8a49beb4e136604f1cede5,/workspace/data/objaverse_xl/hf-objaverse-v1/glbs/000-141/4330c2b89e8a49beb4e136604f1cede5.glb,sketchfab,glb,Creative Commons - Attribution - Non-Commercial,4ce9f00fcc895faab608c078a8b63e47ccc2e5bcfa1a8cc51b963af13742e378
https://sketchfab.com/3d-models/b5bf6d1f905a44669929ddca09ccbf7f,/workspace/data/objaverse_xl/hf-objaverse-v1/glbs/000-152/b5bf6d1f905a44669929ddca09ccbf7f.glb,sketchfab,glb,Creative Commons - Attribution,d790ac257f3718b20dcbc8b0f982555164e7418f0e86eed47fa50d931b775191
https://sketchfab.com/3d-models/5526e5eb90674dc1b00e6796b822c81b,/workspace/data/objaverse_xl/hf-objaverse-v1/glbs/000-067/5526e5eb90674dc1b00e6796b822c81b.glb,sketchfab,glb,Creative Commons - Attribution,060743d28f7aeb30c80a05bf48640f40734b15327e0412cb9109d36254ba1960
https://sketchfab.com/3d-models/cd07d205ed2b4b1285ce2f922273d434,/workspace/data/objaverse_xl/hf-objaverse-v1/glbs/000-070/cd07d205ed2b4b1285ce2f922273d434.glb,sketchfab,glb,Creative Commons - Attribution,65651a28588dcf7e2754391aeb13bb6a4556990f0c1a28da41543d3d24aedc88
https://sketchfab.com/3d-models/3a6dfd7851854d4fad9a19bffb38f82a,/workspace/data/objaverse_xl/hf-objaverse-v1/glbs/000-120/3a6dfd7851854d4fad9a19bffb38f82a.glb,sketchfab,glb,Creative Commons - Attribution - Non-Commercial - Share Alike,11c93415afe0e560b0ce4cb2dd1b7b8400833fd90b7da630444a4a1af3d372c5
https://sketchfab.com/3d-models/b04d49b88259449ba7f18dbb27c5f92e,/workspace/data/objaverse_xl/hf-objaverse-v1/glbs/000-018/b04d49b88259449ba7f18dbb27c5f92e.glb,sketchfab,glb,Creative Commons - Attribution,ddfafe96cef0a849fc3b8059907c801ea3b4424554565ecd96d53923384d6d77
https://sketchfab.com/3d-models/3f806ce16a22447f9994bef9cff399df,/workspace/data/objaverse_xl/hf-objaverse-v1/glbs/000-057/3f806ce16a22447f9994bef9cff399df.glb,sketchfab,glb,Creative Commons - Attribution,7721ba124917c8bda7c3b9a2d9ad46589bad3778bfac16decd389f8a4b76f56d
https://sketchfab.com/3d-models/cedc79b28e904c098fbe6d30e4036d52,/workspace/data/objaverse_xl/hf-objaverse-v1/glbs/000-009/cedc79b28e904c098fbe6d30e4036d52.glb,sketchfab,glb,Creative Commons - Attribution,34012e4411339900e14cdff25d274037f3813e2c35df8f5e148fe11cc8a42e91
https://sketchfab.com/3d-models/ea266307716b440db96a437d98e7c881,/workspace/data/objaverse_xl/hf-objaverse-v1/glbs/000-117/ea266307716b440db96a437d98e7c881.glb,sketchfab,glb,Creative Commons - Attribution,11af4d66738e84ece4702f311c08bde07ad81847943c02c3cf87dd8dfea1e0dd
https://sketchfab.com/3d-models/a2669e0993cc437aadfb680a5befd9d7,/workspace/data/objaverse_xl/hf-objaverse-v1/glbs/000-083/a2669e0993cc437aadfb680a5befd9d7.glb,sketchfab,glb,Creative Commons - Attribution - Non-Commercial,99227c0f37cb0744372b96a367c0d49714f5085dbf645bc96e9b5de55f2c9605
https://sketchfab.com/3d-models/c19d9cb825e14b20bf38a0c0147b1862,/workspace/data/objaverse_xl/hf-objaverse-v1/glbs/000-128/c19d9cb825e14b20bf38a0c0147b1862.glb,sketchfab,glb,Creative Commons - Attribution,da55954144975d3d1f18044b434bca691d824b419edfccd30b261022fffca810
https://sketchfab.com/3d-models/ffd03fa8cfd54094a679fcf6f0cab517,/workspace/data/objaverse_xl/hf-objaverse-v1/glbs/000-110/ffd03fa8cfd54094a679fcf6f0cab517.glb,sketchfab,glb,Creative Commons - Attribution,1891acdec805a0b1a451ab3019ac06a90117bb76734c4ef3e4e780b8bb5712b7
https://sketchfab.com/3d-models/eb4552e675c1442894314f6117c4b0a8,/workspace/data/objaverse_xl/hf-objaverse-v1/glbs/000-004/eb4552e675c1442894314f6117c4b0a8.glb,sketchfab,glb,Creative Commons - Attribution,c7fd46326acf183e11d463b7dd5d6ed98930c6e272ae870a3cbcfa9214fa452e
https://sketchfab.com/3d-models/c9ebc2f0838142818646807fe362d609,/workspace/data/objaverse_xl/hf-objaverse-v1/glbs/000-030/c9ebc2f0838142818646807fe362d609.glb,sketchfab,glb,Creative Commons - Attribution,8d893302bec5f73378a3c9b777f3ebd1505e70c5e9d2d39b485be55101f9f04f
https://sketchfab.com/3d-models/9d7b2d70a3ff4a4c9bcb008df2aa28eb,/workspace/data/objaverse_xl/hf-objaverse-v1/glbs/000-006/9d7b2d70a3ff4a4c9bcb008df2aa28eb.glb,sketchfab,glb,Creative Commons - Attribution,dce7ad61e7963eafac6c5b601560b0ce6827b57e84951a80637cb312a2dfff8b
https://sketchfab.com/3d-models/c9df305f039c48f18089563d5db0adbe,/workspace/data/objaverse_xl/hf-objaverse-v1/glbs/000-103/c9df305f039c48f18089563d5db0adbe.glb,sketchfab,glb,Creative Commons - Attribution,a4e392b7f594271b58c84a2b20e72546f019d29e95adf989c26314aa1fce3858
https://sketchfab.com/3d-models/8cce3f60dd2f417090caa528dff6e14a,/workspace/data/objaverse_xl/hf-objaverse-v1/glbs/000-025/8cce3f60dd2f417090caa528dff6e14a.glb,sketchfab,glb,Creative Commons - Attribution - Share Alike,e1c4351a112e3edc8d9fcd3bc2a87de33dcfde8e7cba3aaffd14d01679ee0560
https://sketchfab.com/3d-models/65c1830efeb747358cb28c9e46d55ae5,/workspace/data/objaverse_xl/hf-objaverse-v1/glbs/000-077/65c1830efeb747358cb28c9e46d55ae5.glb,sketchfab,glb,Creative Commons - Attribution,4c32ea11713192fa065246d2bf2a28878e28ebe77d8ed4d1c6f0660c15434836
https://sketchfab.com/3d-models/13a0e372cef54b9491dbce047ddb30fd,/workspace/data/objaverse_xl/hf-objaverse-v1/glbs/000-041/13a0e372cef54b9491dbce047ddb30fd.glb,sketchfab,glb,Creative Commons - Attribution,91832a2616d91c3840ee1e0e5e44820a9648bff4e5b133927863c86f5ba7ed7a
https://sketchfab.com/3d-models/c4b47d22de1c4e34bf3ecd1775e258c6,/workspace/data/objaverse_xl/hf-objaverse-v1/glbs/000-137/c4b47d22de1c4e34bf3ecd1775e258c6.glb,sketchfab,glb,Creative Commons - Attribution,82cd9d4331543c43c6f7fef1abe3541d09af02eaaba8bc3461950168d252fe8b
https://sketchfab.com/3d-models/79b08ed4d68f498f835ba14503a1761d,/workspace/data/objaverse_xl/hf-objaverse-v1/glbs/000-089/79b08ed4d68f498f835ba14503a1761d.glb,sketchfab,glb,Creative Commons - Attribution - Share Alike,721727ac69add7fffb8582ae4b205f2e14a9d345e2a25c42ccefe0106926f53d
https://sketchfab.com/3d-models/27a9c65a5fcd4f958a6e1c7e693c3cc5,/workspace/data/objaverse_xl/hf-objaverse-v1/glbs/000-102/27a9c65a5fcd4f958a6e1c7e693c3cc5.glb,sketchfab,glb,Creative Commons - Attribution,93e10972c033ddb63f0a2f6b3864fd9a4ebbd57ed050b35d1c9ef4368bee5985
https://sketchfab.com/3d-models/ad9a581099dd476aaaaab3e742cd1dc2,/workspace/data/objaverse_xl/hf-objaverse-v1/glbs/000-130/ad9a581099dd476aaaaab3e742cd1dc2.glb,sketchfab,glb,Creative Commons - Attribution,198a4c7c93704b424b4f187b520bafdf001ce5f7fc171657d2d9c600fa4dd649
https://sketchfab.com/3d-models/c6611668191543cdb156868ce2c7506a,/workspace/data/objaverse_xl/hf-objaverse-v1/glbs/000-137/c6611668191543cdb156868ce2c7506a.glb,sketchfab,glb,Creative Commons - Attribution,e548c6e76ee03b01cffc800e70615f16a284636e9155b3b613d01470b333af19
https://sketchfab.com/3d-models/7fb91b1772764653a181c852de765fcd,/workspace/data/objaverse_xl/hf-objaverse-v1/glbs/000-043/7fb91b1772764653a181c852de765fcd.glb,sketchfab,glb,Creative Commons - Attribution,0ac0053934d798189b93f49191d43f542cf7f9ce7b808454273dae835775d874
https://sketchfab.com/3d-models/2609525226b04ffab69bac6899221c59,/workspace/data/objaverse_xl/hf-objaverse-v1/glbs/000-043/2609525226b04ffab69bac6899221c59.glb,sketchfab,glb,Creative Commons - Attribution,538d2b3c988d0c7239e83f0da86da3c4f5b194030a6865a5efb58e8baa4900d8
https://sketchfab.com/3d-models/2d6ba544d7294f41a20222a21ce76656,/workspace/data/objaverse_xl/hf-objaverse-v1/glbs/000-057/2d6ba544d7294f41a20222a21ce76656.glb,sketchfab,glb,Creative Commons - Attribution,f76c483a8b35d8d94f9f984cf2783a632a7f113e7323ce7e29d984f786ff273f
https://sketchfab.com/3d-models/c071c69e73b0495692703cae47d21611,/workspace/data/objaverse_xl/hf-objaverse-v1/glbs/000-053/c071c69e73b0495692703cae47d21611.glb,sketchfab,glb,Creative Commons - Attribution,5d4421ec6cc7be8a17e564806f9f1f6a12c9e36df0f78395839faf73185eb2f4
https://sketchfab.com/3d-models/4a5be1cad2c34404a3d4c0c8cadff5f8,/workspace/data/objaverse_xl/hf-objaverse-v1/glbs/000-070/4a5be1cad2c34404a3d4c0c8cadff5f8.glb,sketchfab,glb,Creative Commons - Attribution,de0aca1ae64ec96da245e3fd3f4ce540633868e4888c5d3491867cd681bc0c90
https://sketchfab.com/3d-models/eeb3219a070a4e4ca9c7914401e5b456,/workspace/data/objaverse_xl/hf-objaverse-v1/glbs/000-140/eeb3219a070a4e4ca9c7914401e5b456.glb,sketchfab,glb,Creative Commons - Attribution,50130c321930b0be6df8d01c747505fbaedc4191b8de345243530486b9834c18
https://sketchfab.com/3d-models/c87ae28ea04341ae9c2aa88598128073,/workspace/data/objaverse_xl/hf-objaverse-v1/glbs/000-129/c87ae28ea04341ae9c2aa88598128073.glb,sketchfab,glb,Creative Commons - Attribution,331a4cdd261b56f83ad0a764c449b1ba43c2a4c033fb44b65df28bbe5640b21b
https://sketchfab.com/3d-models/6de39219fa5c4f86ac642821c7c4645f,/workspace/data/objaverse_xl/hf-objaverse-v1/glbs/000-009/6de39219fa5c4f86ac642821c7c4645f.glb,sketchfab,glb,Creative Commons - Attribution,1e88aa9252d7f221a52a7921b1fc7b0e265c45d0adf87ae3176ddb316187b5ca
https://sketchfab.com/3d-models/ee056853aec141e980c1cde03347efa1,/workspace/data/objaverse_xl/hf-objaverse-v1/glbs/000-073/ee056853aec141e980c1cde03347efa1.glb,sketchfab,glb,Creative Commons - Attribution,1bcf5cfec5eb3b935e7b48d33becc7db9e9d6100cc64cb50c053588ad729ef5c
https://sketchfab.com/3d-models/564fce6a70d5454d90d9bbdf53df1642,/workspace/data/objaverse_xl/hf-objaverse-v1/glbs/000-045/564fce6a70d5454d90d9bbdf53df1642.glb,sketchfab,glb,Creative Commons - Attribution,3bf07ee9a8475af9b82274978b973ebad5cb30ab84b3521fa516901e134134be
https://sketchfab.com/3d-models/1c6924a5c3f6480eb62cebf3ae910860,/workspace/data/objaverse_xl/hf-objaverse-v1/glbs/000-056/1c6924a5c3f6480eb62cebf3ae910860.glb,sketchfab,glb,Creative Commons - Attribution - Non-Commercial - Share Alike,8846278c0aecd1f12762589a2a5cef2f811435eb9e90750aa36fefa3c2538240
https://sketchfab.com/3d-models/be35a73aa0ca4ed1800d604fdc56da83,/workspace/data/objaverse_xl/hf-objaverse-v1/glbs/000-142/be35a73aa0ca4ed1800d604fdc56da83.glb,sketchfab,glb,Creative Commons - Attribution,eb0edae89235fa9a86c055d837199d3ae41d6bcd37ec3e2b1cc3a75ac9c3bda8
https://sketchfab.com/3d-models/af86121814334a6ba2aa699af6267876,/workspace/data/objaverse_xl/hf-objaverse-v1/glbs/000-150/af86121814334a6ba2aa699af6267876.glb,sketchfab,glb,Creative Commons - Attribution,96baf8fe882bc67eef66a693d544d9170e74ffd14635e79cece081a3815d4cbc
https://sketchfab.com/3d-models/3a99cb3933dd40499f693425a605019c,/workspace/data/objaverse_xl/hf-objaverse-v1/glbs/000-006/3a99cb3933dd40499f693425a605019c.glb,sketchfab,glb,Creative Commons - Attribution,add14f58f1a17671dce7c88b563d3ebbff7b5f8f55de923958e1957bab554c07
https://sketchfab.com/3d-models/3780dc7d59e44675b807fb469406df92,/workspace/data/objaverse_xl/hf-objaverse-v1/glbs/000-091/3780dc7d59e44675b807fb469406df92.glb,sketchfab,glb,Creative Commons - Attribution,024418afe6d54d709a3d704f7024131df95b3a33f1d3b9b9911bb53568396085
https://sketchfab.com/3d-models/7de6c1b7474a4ae0ad1b833f4ce7b3a3,/workspace/data/objaverse_xl/hf-objaverse-v1/glbs/000-119/7de6c1b7474a4ae0ad1b833f4ce7b3a3.glb,sketchfab,glb,Creative Commons - Attribution,eda01ed28bc18a84e7c4d2dc1646cd57df278a90c39576544b791fed39dd8bf3
https://sketchfab.com/3d-models/8f354fdaf2c74275b8a633bcfa3b5161,/workspace/data/objaverse_xl/hf-objaverse-v1/glbs/000-047/8f354fdaf2c74275b8a633bcfa3b5161.glb,sketchfab,glb,Creative Commons - Attribution,cc9071ec54526b740e79060a2a51b515b6ffd120dd9983aa235ff8fa51d7f7e0
https://sketchfab.com/3d-models/599c6311bf9541e78041d71335b3259d,/workspace/data/objaverse_xl/hf-objaverse-v1/glbs/000-137/599c6311bf9541e78041d71335b3259d.glb,sketchfab,glb,Creative Commons - Attribution,634a09a3a46d48ce717f40db0028f0d4745f3f1e679e32c5462bb9d154ccc54a
https://sketchfab.com/3d-models/8ca867d90b2d47ee88b57020a9af556e,/workspace/data/objaverse_xl/hf-objaverse-v1/glbs/000-001/8ca867d90b2d47ee88b57020a9af556e.glb,sketchfab,glb,Creative Commons - Attribution,bd107aa963ef5248e26d8e5096bf15b52753a053a7d1e44fcbc919288258e806
https://sketchfab.com/3d-models/ae12421beb3d49dab8249a06de015a30,/workspace/data/objaverse_xl/hf-objaverse-v1/glbs/000-134/ae12421beb3d49dab8249a06de015a30.glb,sketchfab,glb,Creative Commons - Attribution,347f0524476045a3ac0f5fe1f73db2725553ac402ffdccda554fa062e0ed5e9c
https://sketchfab.com/3d-models/c67e16c1baf24480816a5615ad873340,/workspace/data/objaverse_xl/hf-objaverse-v1/glbs/000-029/c67e16c1baf24480816a5615ad873340.glb,sketchfab,glb,Creative Commons - Attribution,9713a1451dec5f263c0429c9f56ac266c27d065e08c21896987bf8ad52cef848
https://sketchfab.com/3d-models/2258eae21695494086d30a8fea689ba6,/workspace/data/objaverse_xl/hf-objaverse-v1/glbs/000-077/2258eae21695494086d30a8fea689ba6.glb,sketchfab,glb,Creative Commons - Attribution,90a9bbd485d9eeb5217015234f406856335e738e53a00fc2e1e8e6767a37d971
https://sketchfab.com/3d-models/2be2e3e1e6b14319afebcc8fac507da1,/workspace/data/objaverse_xl/hf-objaverse-v1/glbs/000-101/2be2e3e1e6b14319afebcc8fac507da1.glb,sketchfab,glb,Creative Commons - Attribution - Non-Commercial,dd78e724815bc445c5516f68aafa3f8faa02449dc713d1390f410ec7fbd6a8ca
https://sketchfab.com/3d-models/c3e92af004704cc2b8f2ac99c706208c,/workspace/data/objaverse_xl/hf-objaverse-v1/glbs/000-112/c3e92af004704cc2b8f2ac99c706208c.glb,sketchfab,glb,Creative Commons - Attribution,a567322f8e31695988baaab5afeee34b7fbfbc3a2e98504a32792aed84cc30bc
https://sketchfab.com/3d-models/3c9390ddb8c04387afa22241ada26a7b,/workspace/data/objaverse_xl/hf-objaverse-v1/glbs/000-006/3c9390ddb8c04387afa22241ada26a7b.glb,sketchfab,glb,Creative Commons - Attribution,b9a684500c9e1864a67714e57b06d1d46475ae73cbe4ba1d9f2bca1aba0814e7
https://sketchfab.com/3d-models/cd5a61c44efe4077aad250c268ce8a0d,/workspace/data/objaverse_xl/hf-objaverse-v1/glbs/000-045/cd5a61c44efe4077aad250c268ce8a0d.glb,sketchfab,glb,Creative Commons - Attribution,c7e9c81457fed17fbe3ec82c83a1ab09a351f4392eb7f7da897b11e2f0d7b6e4
https://sketchfab.com/3d-models/44be138ae8e2409bbbca44a96fc67d45,/workspace/data/objaverse_xl/hf-objaverse-v1/glbs/000-120/44be138ae8e2409bbbca44a96fc67d45.glb,sketchfab,glb,Creative Commons - Attribution,f28847e18692b047fc15047749257a770b2f1b7e03124eaf4912d7cbdf796316
https://sketchfab.com/3d-models/372f40a8528e4a40855146f319e7bda7,/workspace/data/objaverse_xl/hf-objaverse-v1/glbs/000-005/372f40a8528e4a40855146f319e7bda7.glb,sketchfab,glb,Creative Commons - Attribution,45ddcd1eb08615040f4a7e37732d5bc4ab1451afcb211b85bd97d297e1aa778a
https://sketchfab.com/3d-models/5516d177b3d540599bd037e81837b513,/workspace/data/objaverse_xl/hf-objaverse-v1/glbs/000-025/5516d177b3d540599bd037e81837b513.glb,sketchfab,glb,Creative Commons - Attribution - Non-Commercial - Share Alike,857b4bc9fc90853dc056f45fc96ec8d2f8afd88512d11cdbc7ada1a83bccd70a
https://sketchfab.com/3d-models/99496baeeb1245119e360f1dcc6cfc4e,/workspace/data/objaverse_xl/hf-objaverse-v1/glbs/000-060/99496baeeb1245119e360f1dcc6cfc4e.glb,sketchfab,glb,Creative Commons - Attribution,fd4993c35f24080966c52d1d5d910a0b01ea86593b2c2cb9200625d28e2c2ffd
https://sketchfab.com/3d-models/46bb9561bf23477aaad941e143a52803,/workspace/data/objaverse_xl/hf-objaverse-v1/glbs/000-028/46bb9561bf23477aaad941e143a52803.glb,sketchfab,glb,Creative Commons - Attribution,f963efa13dc696bc0f665b53f5e230926c37f59e4e1b01edbfe2bd77f2db1a5e
https://sketchfab.com/3d-models/c4e8211187ab4f5f881e4d9720fc2160,/workspace/data/objaverse_xl/hf-objaverse-v1/glbs/000-079/c4e8211187ab4f5f881e4d9720fc2160.glb,sketchfab,glb,Creative Commons - Attribution,ca48004199c3afecfeb772250d1b4d98e7cd41a8695e51a78a872f8f78859618
https://sketchfab.com/3d-models/0cb478665c434e91bb8060b8a471b33f,/workspace/data/objaverse_xl/hf-objaverse-v1/glbs/000-111/0cb478665c434e91bb8060b8a471b33f.glb,sketchfab,glb,Creative Commons - Attribution,e41a43b30db6f88862814a9b56c37b91465cb9d36c7d62213822801d0744f897
https://sketchfab.com/3d-models/995e0954d8844e288dabd77261c21cb9,/workspace/data/objaverse_xl/hf-objaverse-v1/glbs/000-088/995e0954d8844e288dabd77261c21cb9.glb,sketchfab,glb,Creative Commons - Attribution,84e06c211dc3b443fda4b94de39fc03dd1fe8bbdb82b6dda53796a38d23f8ee5
https://sketchfab.com/3d-models/30995c743a454c85995b7e8b4a978fb0,/workspace/data/objaverse_xl/hf-objaverse-v1/glbs/000-096/30995c743a454c85995b7e8b4a978fb0.glb,sketchfab,glb,Creative Commons - Attribution,4174d13326e4a48bb5380e2d7e42f38896298e2228ce131c67d7db250ed024b0
https://sketchfab.com/3d-models/e56ab7ea41bc440dadb861da283cf2fb,/workspace/data/objaverse_xl/hf-objaverse-v1/glbs/000-144/e56ab7ea41bc440dadb861da283cf2fb.glb,sketchfab,glb,Creative Commons - Attribution,e90e1f8ef03aca20409a49709c322d97b663d2fb9ab8abd05365617abf4368fd
https://sketchfab.com/3d-models/c2cd6be21f444c23ab7a027692bcd870,/workspace/data/objaverse_xl/hf-objaverse-v1/glbs/000-025/c2cd6be21f444c23ab7a027692bcd870.glb,sketchfab,glb,Creative Commons - Attribution,1994846c7b42f00d28bafb312f733b56d7a3bf1163b9844f93af43dfc0b87e87
https://sketchfab.com/3d-models/f28927f1ff7a47a2b5c8efe5789cc114,/workspace/data/objaverse_xl/hf-objaverse-v1/glbs/000-084/f28927f1ff7a47a2b5c8efe5789cc114.glb,sketchfab,glb,Creative Commons - Attribution,ce1e495913dc2ddc2ed9a96f3928f5d83659553a1f5102c003c402e5c5078fb4
https://sketchfab.com/3d-models/b96e7664b11b4e6c99e3c08f428a42e0,/workspace/data/objaverse_xl/hf-objaverse-v1/glbs/000-047/b96e7664b11b4e6c99e3c08f428a42e0.glb,sketchfab,glb,Creative Commons - Attribution - Non-Commercial - Share Alike,c934224fe988960e3fc4f66fa0d49be2dc8ae264325053c66f052335d7ea106f
https://sketchfab.com/3d-models/77ea493b45e64cff96532770062a069a,/workspace/data/objaverse_xl/hf-objaverse-v1/glbs/000-149/77ea493b45e64cff96532770062a069a.glb,sketchfab,glb,Creative Commons Zero v1.0 Universal,ab7be9eef89cae6356d45c25595bb824909710413b9051b13608a5fb78abcc15
https://sketchfab.com/3d-models/0b7ce2dd13ee4d009b081863857509b8,/workspace/data/objaverse_xl/hf-objaverse-v1/glbs/000-077/0b7ce2dd13ee4d009b081863857509b8.glb,sketchfab,glb,Creative Commons - Attribution,ecdbe5e539c0ef913451dd47b84b6098d5c95c8b478fae9ade12c1fbc836f9e7
https://sketchfab.com/3d-models/3150ef131a644ee6b325e1c76de2ad5d,/workspace/data/objaverse_xl/hf-objaverse-v1/glbs/000-029/3150ef131a644ee6b325e1c76de2ad5d.glb,sketchfab,glb,Creative Commons - Attribution,641603fc19d187499f1572358faafccc961939c74d5fcd8c5c96dde045018cd5
https://sketchfab.com/3d-models/a5cd593ca6fb461dbf523ecc268a7a19,/workspace/data/objaverse_xl/hf-objaverse-v1/glbs/000-050/a5cd593ca6fb461dbf523ecc268a7a19.glb,sketchfab,glb,Creative Commons - Attribution,e8bcf1c69c930d21ebd5c0d0e95abe7359606cdf6f1510bae2fb1c8fa64427fc
https://sketchfab.com/3d-models/a1210a5958384ddab33505ce1c79133b,/workspace/data/objaverse_xl/hf-objaverse-v1/glbs/000-046/a1210a5958384ddab33505ce1c79133b.glb,sketchfab,glb,Creative Commons - Attribution,de7595356e44b5dd4754756f600d4331659300d9d2b8753128f592e1ff5d5586
https://sketchfab.com/3d-models/814931d277594e059458cf2c221a66fc,/workspace/data/objaverse_xl/hf-objaverse-v1/glbs/000-040/814931d277594e059458cf2c221a66fc.glb,sketchfab,glb,Creative Commons - Attribution,9c05241919cd6eddf7b3d8c7af68c7c90a4cf0fb5e50abcba0f46674535be139
https://sketchfab.com/3d-models/dc2eea1dc5c145f79fd351e0ff916be1,/workspace/data/objaverse_xl/hf-objaverse-v1/glbs/000-023/dc2eea1dc5c145f79fd351e0ff916be1.glb,sketchfab,glb,Creative Commons - Attribution,6c43b08a6210d0404bc76a0a6994f7fc55067245550b62d9452c553f5ef4da5e
https://sketchfab.com/3d-models/b74d6943394c49ac807aa2d3de6da342,/workspace/data/objaverse_xl/hf-objaverse-v1/glbs/000-017/b74d6943394c49ac807aa2d3de6da342.glb,sketchfab,glb,Creative Commons - Attribution,4a673c7d9281d3e79a7f32d6176382dcdf711e766237c2207695551c9a64f1a5
https://sketchfab.com/3d-models/a8f811eb9dd2493ba586553777241666,/workspace/data/objaverse_xl/hf-objaverse-v1/glbs/000-108/a8f811eb9dd2493ba586553777241666.glb,sketchfab,glb,Creative Commons - Attribution,8ad8e07ed7a876eef31f06121371fce79991e83c40711f6478d06a18b78b1909
https://sketchfab.com/3d-models/f7d158bc1ea34afc9811868e6e3cea25,/workspace/data/objaverse_xl/hf-objaverse-v1/glbs/000-154/f7d158bc1ea34afc9811868e6e3cea25.glb,sketchfab,glb,Creative Commons - Attribution,ba1ddb232fc5bc554ebb764ece6f5619c4db5fb04b76b65dbe747997bf563e61
https://sketchfab.com/3d-models/39ddf97a28ef4d12bcdee9342f53767b,/workspace/data/objaverse_xl/hf-objaverse-v1/glbs/000-047/39ddf97a28ef4d12bcdee9342f53767b.glb,sketchfab,glb,Creative Commons - Attribution,eea7bbd2bfd5ceed033eb909474c0fe822f5ded129b29ec1e7e1e289f2baa139
https://sketchfab.com/3d-models/f3e27d25291b45e6837c799994bc0547,/workspace/data/objaverse_xl/hf-objaverse-v1/glbs/000-118/f3e27d25291b45e6837c799994bc0547.glb,sketchfab,glb,Creative Commons - Attribution - Non-Commercial - Share Alike,1ff930fa1e789a125381264db264646428d70f968ba25f56e2f198db93900e5f
https://sketchfab.com/3d-models/eeffeacb6c8b41739dd92c5255be3059,/workspace/data/objaverse_xl/hf-objaverse-v1/glbs/000-132/eeffeacb6c8b41739dd92c5255be3059.glb,sketchfab,glb,Creative Commons - Attribution,d3b15594e31af43d55cf43bc64855af953a540f1b581a39bdf81c6a56686a376
https://sketchfab.com/3d-models/6bc0479c61ea475a95f22e1e268f7a3e,/workspace/data/objaverse_xl/hf-objaverse-v1/glbs/000-110/6bc0479c61ea475a95f22e1e268f7a3e.glb,sketchfab,glb,Creative Commons - Attribution,6751f385699540e3fa38c282c7aa24a5c5e9fafb421aae8ee1e4a927d5fd5a6f
https://sketchfab.com/3d-models/20d74c7fe1d94f00b3d4161db91d0652,/workspace/data/objaverse_xl/hf-objaverse-v1/glbs/000-042/20d74c7fe1d94f00b3d4161db91d0652.glb,sketchfab,glb,Creative Commons - Attribution,28848cb3023c9ad80d65acc650f68b2db096a0a1a2520cf4554108b59b37cadb
https://sketchfab.com/3d-models/4f8a050b57384b53b1beee32a334eaf8,/workspace/data/objaverse_xl/hf-objaverse-v1/glbs/000-038/4f8a050b57384b53b1beee32a334eaf8.glb,sketchfab,glb,Creative Commons - Attribution - Share Alike,abeeca8941afdb1affadc4d16c5138d3fcc3c3baa2441cd1798d10cf463cf48e
https://sketchfab.com/3d-models/b23e063c2d44485c827d5d82d118a61e,/workspace/data/objaverse_xl/hf-objaverse-v1/glbs/000-056/b23e063c2d44485c827d5d82d118a61e.glb,sketchfab,glb,Creative Commons - Attribution,d417e3f2b6a5c2839a5508f197b06e1221a584a55dc702253a4833403a5e7d9d
https://sketchfab.com/3d-models/7d8d8e2d36e24c6088ddcf0880549d95,/workspace/data/objaverse_xl/hf-objaverse-v1/glbs/000-090/7d8d8e2d36e24c6088ddcf0880549d95.glb,sketchfab,glb,Creative Commons - Attribution,6fe982090632a102b20aec2dd6c58a71ecf2c4364a3111272237c4193d85a3fd
https://sketchfab.com/3d-models/741fb521aee04a7b841a4d96917d9edc,/workspace/data/objaverse_xl/hf-objaverse-v1/glbs/000-055/741fb521aee04a7b841a4d96917d9edc.glb,sketchfab,glb,Creative Commons - Attribution,22ee8d517093d1485c1a5103aa45cc054bb95532f75be28307611c5e3a575f38
https://sketchfab.com/3d-models/466e15a534664e54be2b843c48c220d0,/workspace/data/objaverse_xl/hf-objaverse-v1/glbs/000-084/466e15a534664e54be2b843c48c220d0.glb,sketchfab,glb,Creative Commons - Attribution,72bf399eb5d93afcc9bb6fd3d9c65f12625da8c216d6ff9e9daccf3f2ff7e9fb
https://sketchfab.com/3d-models/e21b8bc964d4471f9d44ab160b39b68f,/workspace/data/objaverse_xl/hf-objaverse-v1/glbs/000-003/e21b8bc964d4471f9d44ab160b39b68f.glb,sketchfab,glb,Creative Commons - Attribution,e422d312bc100eef83fd15e41a6daae6544a53ee2e67e85bd591bb5eda52f18c
https://sketchfab.com/3d-models/7788d115d66c4f87a80562edffe203c9,/workspace/data/objaverse_xl/hf-objaverse-v1/glbs/000-138/7788d115d66c4f87a80562edffe203c9.glb,sketchfab,glb,Creative Commons - Attribution,7f2cc974c1fd2b5621fd9f05dc1a08f23a2be0bec7411b0526632f6f7151365c
https://sketchfab.com/3d-models/18c3018ee4ed488dadc5d0f6e30a094f,/workspace/data/objaverse_xl/hf-objaverse-v1/glbs/000-147/18c3018ee4ed488dadc5d0f6e30a094f.glb,sketchfab,glb,Creative Commons - Attribution,b4b0d2194a3622ec2535e8607665777e1c22b02460b6e5220563aa95eb3295e8
https://sketchfab.com/3d-models/3240986eddb54fb49802d42fb655e0ec,/workspace/data/objaverse_xl/hf-objaverse-v1/glbs/000-077/3240986eddb54fb49802d42fb655e0ec.glb,sketchfab,glb,Creative Commons - Attribution,d36da6c68c1ec13cf5d7b074f8d80ae73cd54d5e1680fa7bd388503cc58c3e24
https://sketchfab.com/3d-models/38065ab6aa9448d8b139ac7fc379ea1a,/workspace/data/objaverse_xl/hf-objaverse-v1/glbs/000-035/38065ab6aa9448d8b139ac7fc379ea1a.glb,sketchfab,glb,Creative Commons - Attribution,36e7612c8decea7a983effed7ebc8b4aba86efc3466c34172515658cbf9aebff
https://sketchfab.com/3d-models/ca53cda967c04aeebe88a5e3c7157b43,/workspace/data/objaverse_xl/hf-objaverse-v1/glbs/000-024/ca53cda967c04aeebe88a5e3c7157b43.glb,sketchfab,glb,Creative Commons - Attribution,dc074f6ed4edbf62859bd5fd142c4f8816e7cf1db150b76b75156c843db101a1
https://sketchfab.com/3d-models/e6e371c9e76d455ab3f13293a9132245,/workspace/data/objaverse_xl/hf-objaverse-v1/glbs/000-015/e6e371c9e76d455ab3f13293a9132245.glb,sketchfab,glb,Creative Commons - Attribution - Non-Commercial - Share Alike,28b32e0f77c5a494a4a47f66ce0388c7d304c7e9277b1c77e47e03faa7eec8d9
https://sketchfab.com/3d-models/9bf97c25da904a60a24a44f6ff4d0885,/workspace/data/objaverse_xl/hf-objaverse-v1/glbs/000-115/9bf97c25da904a60a24a44f6ff4d0885.glb,sketchfab,glb,Creative Commons - Attribution,892d419488a9e3555d912d13c267aa0a25e0dc5bed52abd5a3164388c66d08d2
https://sketchfab.com/3d-models/b801b8731e064793a6b7c8c317658f9b,/workspace/data/objaverse_xl/hf-objaverse-v1/glbs/000-092/b801b8731e064793a6b7c8c317658f9b.glb,sketchfab,glb,Creative Commons - Attribution,afc5d8f81beae2d54bdeaf573ea583c77c75b46e6e0b05f5599c8df41510abb5
https://sketchfab.com/3d-models/5fcb026a726242bfab208aab5d673a95,/workspace/data/objaverse_xl/hf-objaverse-v1/glbs/000-131/5fcb026a726242bfab208aab5d673a95.glb,sketchfab,glb,Creative Commons - Attribution,b181e35b450b04891d1c8a8f36a26b201573b2db2878c7c74b96f0eab2eecc7f
https://sketchfab.com/3d-models/8c4922fbc8aa44dcba4dc304b16fff80,/workspace/data/objaverse_xl/hf-objaverse-v1/glbs/000-064/8c4922fbc8aa44dcba4dc304b16fff80.glb,sketchfab,glb,Creative Commons - Attribution,c267cbe48a1b1ac7a00c254e10c689f38c7662e6ada77e5e3eabf4951bbd8181
https://sketchfab.com/3d-models/53c1cf9f262a4be19bdaaa083e7c57e5,/workspace/data/objaverse_xl/hf-objaverse-v1/glbs/000-151/53c1cf9f262a4be19bdaaa083e7c57e5.glb,sketchfab,glb,Creative Commons - Attribution,f09c42d49028bf872b061afe373f8fd4c50331d7cb64cd5a17855c3f16f2245c
https://sketchfab.com/3d-models/ef38a211636c4df6bb19e2d23a3eb48d,/workspace/data/objaverse_xl/hf-objaverse-v1/glbs/000-136/ef38a211636c4df6bb19e2d23a3eb48d.glb,sketchfab,glb,Creative Commons - Attribution,24a5c8eb93d5eab5b9b28e8b185a32e1cc82491bd1f1339781e2334342ad523a
https://sketchfab.com/3d-models/b704f24856dd4873a7754c78f67a752d,/workspace/data/objaverse_xl/hf-objaverse-v1/glbs/000-121/b704f24856dd4873a7754c78f67a752d.glb,sketchfab,glb,Creative Commons - Attribution,b0e2d665a63f78121ee55046d60f8068d4342c714ad38427707528a152a0bf43
https://sketchfab.com/3d-models/1a7d3894ed514f0badea989dfe7e3dd3,/workspace/data/objaverse_xl/hf-objaverse-v1/glbs/000-121/1a7d3894ed514f0badea989dfe7e3dd3.glb,sketchfab,glb,Creative Commons - Attribution,5ef5cfbeffe831d2b46c89e4eb6d88433c2955cc12cbc0737be14856a56c70a0
https://sketchfab.com/3d-models/893073645809484186efa98c248d8efc,/workspace/data/objaverse_xl/hf-objaverse-v1/glbs/000-055/893073645809484186efa98c248d8efc.glb,sketchfab,glb,Creative Commons - Attribution,2f8a7daa59b552cfc687d2d0a8899c46a5951cc1dce471bcfa3bf1f954ee57cf
https://sketchfab.com/3d-models/e1979230bb274791a94b33133e70a336,/workspace/data/objaverse_xl/hf-objaverse-v1/glbs/000-076/e1979230bb274791a94b33133e70a336.glb,sketchfab,glb,Creative Commons - Attribution,741cc8e9358cf3de74a1d1afe84bb7098ca62e9419f645f574d82acf822c5cde
https://sketchfab.com/3d-models/b26a9072644245e3ab4fbdb4c2b61dd0,/workspace/data/objaverse_xl/hf-objaverse-v1/glbs/000-037/b26a9072644245e3ab4fbdb4c2b61dd0.glb,sketchfab,glb,Creative Commons - Attribution,3758226b39bf4360f0d07d026c89412d9088fedadc032c930a5657192e91b5ee
https://sketchfab.com/3d-models/81549b7e09e440deaf2dfc5b286675d3,/workspace/data/objaverse_xl/hf-objaverse-v1/glbs/000-097/81549b7e09e440deaf2dfc5b286675d3.glb,sketchfab,glb,Creative Commons - Attribution,94d2a52f269bb63becfaa4fc6240c1d7873796d125e6375e90c3da676e3ff0c3
https://sketchfab.com/3d-models/befbe5e14ec5447986a70bb2bc2fa5d8,/workspace/data/objaverse_xl/hf-objaverse-v1/glbs/000-011/befbe5e14ec5447986a70bb2bc2fa5d8.glb,sketchfab,glb,Creative Commons - Attribution,efec30309b838022e1d1372e406ca878c80b285a245ff451c12afc72bd021dc7
https://sketchfab.com/3d-models/b10fd730b60a4b4f904db3834f92c83a,/workspace/data/objaverse_xl/hf-objaverse-v1/glbs/000-052/b10fd730b60a4b4f904db3834f92c83a.glb,sketchfab,glb,Creative Commons - Attribution,9770b4a3b6ff83c0b1a0d11eb39caa2e2117b053b5791d578ccc27782a30e9a8
https://sketchfab.com/3d-models/c91c115487354d339da274d1f13465df,/workspace/data/objaverse_xl/hf-objaverse-v1/glbs/000-141/c91c115487354d339da274d1f13465df.glb,sketchfab,glb,Creative Commons - Attribution,afd88f58e7f683f0b1a09487f6e97d0ba819d84f0efbeb8cb7ae1bdb45eafa02
https://sketchfab.com/3d-models/e365ccca040344889795ad42336adf86,/workspace/data/objaverse_xl/hf-objaverse-v1/glbs/000-022/e365ccca040344889795ad42336adf86.glb,sketchfab,glb,Creative Commons - Attribution - Non-Commercial - Share Alike,289dac7fbef3dbd66a6bfb770e69f6ddbc737aefcb102580bae4d7785a5103f8
https://sketchfab.com/3d-models/3910835ad8f743cb84b2df3389e239be,/workspace/data/objaverse_xl/hf-objaverse-v1/glbs/000-145/3910835ad8f743cb84b2df3389e239be.glb,sketchfab,glb,Creative Commons - Attribution,54dcc0437dc743368f261cc74a01c271811cd525f8d6e3934fe8212f6e279d1f
https://sketchfab.com/3d-models/38815e75fa1149e2836ff7c3cf3a2636,/workspace/data/objaverse_xl/hf-objaverse-v1/glbs/000-016/38815e75fa1149e2836ff7c3cf3a2636.glb,sketchfab,glb,Creative Commons - Attribution,6e2186867c679f01db1ceb35a9b7c98baede3d337a93f82f2e82930641745c00
https://sketchfab.com/3d-models/295af263c22f4ebe80ddc4bdeecd7f61,/workspace/data/objaverse_xl/hf-objaverse-v1/glbs/000-062/295af263c22f4ebe80ddc4bdeecd7f61.glb,sketchfab,glb,Creative Commons - Attribution,0867d3283df632e085c4cc37cd772bc33c1967ff649e9cd83dcf10f8ec145c60
https://sketchfab.com/3d-models/64d7fbeb189a4f01bd7c52d9c39a51c2,/workspace/data/objaverse_xl/hf-objaverse-v1/glbs/000-089/64d7fbeb189a4f01bd7c52d9c39a51c2.glb,sketchfab,glb,Creative Commons - Attribution,516e9ba556300b1375fb32dd21bbed06b7e7a8d2189f41179294aa10549fed04
https://sketchfab.com/3d-models/a64c109936da417eb7ce4346a801a276,/workspace/data/objaverse_xl/hf-objaverse-v1/glbs/000-059/a64c109936da417eb7ce4346a801a276.glb,sketchfab,glb,Creative Commons - Attribution,0b7cf634569d920850f0615f8bf41ff48f82f9ddcb9d7b0c2e6f12ee54c52e95
https://sketchfab.com/3d-models/27943f043b134744b3e4687ec2f1b084,/workspace/data/objaverse_xl/hf-objaverse-v1/glbs/000-144/27943f043b134744b3e4687ec2f1b084.glb,sketchfab,glb,Creative Commons - Attribution,8245535b74eb572e88e4f67bedf62d69932af27e94e6f9efdd7e5bb080d28f0d
https://sketchfab.com/3d-models/c5dc03efd45640f3a3189f565c00df38,/workspace/data/objaverse_xl/hf-objaverse-v1/glbs/000-100/c5dc03efd45640f3a3189f565c00df38.glb,sketchfab,glb,Creative Commons - Attribution,2e5daacfd7db549e9e076d92fe3e4de42661d4b5c036ffa3b8a0e9b9fd069a45
https://sketchfab.com/3d-models/02a364f026534040b68619e93f22398f,/workspace/data/objaverse_xl/hf-objaverse-v1/glbs/000-044/02a364f026534040b68619e93f22398f.glb,sketchfab,glb,Creative Commons - Attribution,58d42b0d7677ec16b24f71a4ddf983227d34ba58e2eebdddc29de4d5b22f14bf
https://sketchfab.com/3d-models/ff5c5e1988a141f4a01dabad1c5cf04d,/workspace/data/objaverse_xl/hf-objaverse-v1/glbs/000-138/ff5c5e1988a141f4a01dabad1c5cf04d.glb,sketchfab,glb,Creative Commons - Attribution - Non-Commercial - Share Alike,7b7477ec40d0ede5bcd91bcda95dcc0aace62376b96649b8f37ebd5c80cd3957
https://sketchfab.com/3d-models/92bb1dc0bc3f4f0bad382603074ccdf1,/workspace/data/objaverse_xl/hf-objaverse-v1/glbs/000-052/92bb1dc0bc3f4f0bad382603074ccdf1.glb,sketchfab,glb,Creative Commons - Attribution,b959ab85526f7254c082be30753e56dbac7a9eb7f5058298b15df4583651b199
https://sketchfab.com/3d-models/58a43aa62d6f4acebed38acc04868093,/workspace/data/objaverse_xl/hf-objaverse-v1/glbs/000-130/58a43aa62d6f4acebed38acc04868093.glb,sketchfab,glb,Creative Commons - Attribution,730236ca719f6dec819bc351a847591ce9dd5b1561c6de55e1b5c33b8270d577
https://sketchfab.com/3d-models/992de99b5cb541a698dc0ffed5c6980a,/workspace/data/objaverse_xl/hf-objaverse-v1/glbs/000-013/992de99b5cb541a698dc0ffed5c6980a.glb,sketchfab,glb,Creative Commons - Attribution,2c30e6eed5f6eb5c351f477285979d977fd5e4e096f87a55bc21411234546ca3
https://sketchfab.com/3d-models/ec4c583bd23b457b9212e2eb34843659,/workspace/data/objaverse_xl/hf-objaverse-v1/glbs/000-150/ec4c583bd23b457b9212e2eb34843659.glb,sketchfab,glb,Creative Commons - Attribution,cd3655058ebed2b1c5f3b72ee775ad3756229ba1a783fc58e02f940e6ac6cde6
https://sketchfab.com/3d-models/c53c8be4d08d44d8ac269eb4cf5391a4,/workspace/data/objaverse_xl/hf-objaverse-v1/glbs/000-149/c53c8be4d08d44d8ac269eb4cf5391a4.glb,sketchfab,glb,Creative Commons - Attribution,66474375ac72c38fb315f9ec289620ad6f01b59aef0b9008245cbf78697cbcab
https://sketchfab.com/3d-models/eaf863c023e74415a20c9dc6684fef2f,/workspace/data/objaverse_xl/hf-objaverse-v1/glbs/000-017/eaf863c023e74415a20c9dc6684fef2f.glb,sketchfab,glb,Creative Commons - Attribution,3f59e21336636a320ca221be1e91f651d5e2f539e521d4bed90eefcf6064289a
https://sketchfab.com/3d-models/bc0c7a29cc024c17a03824dc528731a4,/workspace/data/objaverse_xl/hf-objaverse-v1/glbs/000-058/bc0c7a29cc024c17a03824dc528731a4.glb,sketchfab,glb,Creative Commons - Attribution,aa43a1911f4fc504ca26b9d95d6d5b8ba5b9b238713591319c00559856827148
https://sketchfab.com/3d-models/6e4380860c4b4f72aa0f0c67eede1f20,/workspace/data/objaverse_xl/hf-objaverse-v1/glbs/000-155/6e4380860c4b4f72aa0f0c67eede1f20.glb,sketchfab,glb,Creative Commons - Attribution - Non-Commercial - Share Alike,034ec681305ecf749be0f71ea1ca355ffeb5e1e46f5f77269c02aa45f9bda6e5
https://sketchfab.com/3d-models/f41d1b19a01445d0b082fd103ca234ba,/workspace/data/objaverse_xl/hf-objaverse-v1/glbs/000-141/f41d1b19a01445d0b082fd103ca234ba.glb,sketchfab,glb,Creative Commons - Attribution - Non-Commercial - Share Alike,d9cfb5b7bbfc036c4bef3413dd595c7a84ffc60471b514c0e96567930546c46c
https://sketchfab.com/3d-models/1069e686df5c40399dd57b2df0a0333a,/workspace/data/objaverse_xl/hf-objaverse-v1/glbs/000-144/1069e686df5c40399dd57b2df0a0333a.glb,sketchfab,glb,Creative Commons - Attribution,0085f2720d28bc4be43caceeb3a3204edd9af6495f4bfa1a44536abe2ed7fadc
https://sketchfab.com/3d-models/436c002a8dd24e52beb2d99d6e988c2b,/workspace/data/objaverse_xl/hf-objaverse-v1/glbs/000-042/436c002a8dd24e52beb2d99d6e988c2b.glb,sketchfab,glb,Creative Commons - Attribution,5dfc23185b013526ede5654b77e1e7b2a356c364a8adc840e602097eec1c6ba4
https://sketchfab.com/3d-models/6fe4f73deea84d00912afe9397c337a0,/workspace/data/objaverse_xl/hf-objaverse-v1/glbs/000-119/6fe4f73deea84d00912afe9397c337a0.glb,sketchfab,glb,Creative Commons - Attribution - Share Alike,97bbd0431b0b6f2e6ffdc0e716bf06c0a6f8f865f8218d267a5ad86c362eb73b
https://sketchfab.com/3d-models/fc16ebc7d0b14553bc617033b4234936,/workspace/data/objaverse_xl/hf-objaverse-v1/glbs/000-093/fc16ebc7d0b14553bc617033b4234936.glb,sketchfab,glb,Creative Commons - Attribution,ca0c5ebab0226e80d2ae8d8faae8c096e320a8e59e6fdd30deb30e138873d970
https://sketchfab.com/3d-models/9f37c67d5ac44e22b3f9c35a317f8a2d,/workspace/data/objaverse_xl/hf-objaverse-v1/glbs/000-151/9f37c67d5ac44e22b3f9c35a317f8a2d.glb,sketchfab,glb,Creative Commons - Attribution - Non-Commercial - Share Alike,f898e2e4d321dee9e73af89d7ca1c4ab2b80d09a5bc3feb54219cd86ebb1e2bf
https://sketchfab.com/3d-models/04c6653e3bf8496e9a81dc7ecc1ad876,/workspace/data/objaverse_xl/hf-objaverse-v1/glbs/000-155/04c6653e3bf8496e9a81dc7ecc1ad876.glb,sketchfab,glb,Creative Commons - Attribution,146351db75470f0378ff3509175ed4dc14775ee009095cce1b9356d239b2e700
https://sketchfab.com/3d-models/cb6e8dabaa0c49c2b89aed656979226f,/workspace/data/objaverse_xl/hf-objaverse-v1/glbs/000-095/cb6e8dabaa0c49c2b89aed656979226f.glb,sketchfab,glb,Creative Commons - Attribution,84950fd62c5fdb1f400d31dd45c1ca0515b054907c85182a7b8bce8af2e44249
https://sketchfab.com/3d-models/bcc5895a5b684f17bb7c960c4f064155,/workspace/data/objaverse_xl/hf-objaverse-v1/glbs/000-131/bcc5895a5b684f17bb7c960c4f064155.glb,sketchfab,glb,Creative Commons - Attribution,2b34b6b30edb6d35a1d9d9873d5c7cccefb6f79e5fdcd497e641b4da30a479dc
https://sketchfab.com/3d-models/4fa59335e0a043f38d2baf12c48f854a,/workspace/data/objaverse_xl/hf-objaverse-v1/glbs/000-005/4fa59335e0a043f38d2baf12c48f854a.glb,sketchfab,glb,Creative Commons - Attribution,eda1ad8d85a57f4619bba776205c9817cf946bc44944696bb3a9ee84401c3998
https://sketchfab.com/3d-models/4b9d4303a39849d2a2773f142d558743,/workspace/data/objaverse_xl/hf-objaverse-v1/glbs/000-057/4b9d4303a39849d2a2773f142d558743.glb,sketchfab,glb,Creative Commons - Attribution,e55f5b5ed2901909b0d37aea4f888083bf6df4e00f613f163065ad4cacc4018f
https://sketchfab.com/3d-models/b496734ddb5948c4858a749363787468,/workspace/data/objaverse_xl/hf-objaverse-v1/glbs/000-142/b496734ddb5948c4858a749363787468.glb,sketchfab,glb,Creative Commons - Attribution,3b54d52c4895368541abab03ab063345f4e61b70a15d0dcc2dbb729253198448
https://sketchfab.com/3d-models/92f0af4cbcb849bab40e33c14c6bc1d9,/workspace/data/objaverse_xl/hf-objaverse-v1/glbs/000-076/92f0af4cbcb849bab40e33c14c6bc1d9.glb,sketchfab,glb,Creative Commons - Attribution,8901b0482760ddb5f39a5c0fa6b4d3fd413debb2057a981a17a7a6d6a524dc7e
https://sketchfab.com/3d-models/4c9eb00814b04e9aa5052a8c7d42320a,/workspace/data/objaverse_xl/hf-objaverse-v1/glbs/000-155/4c9eb00814b04e9aa5052a8c7d42320a.glb,sketchfab,glb,Creative Commons - Attribution,1f4557a0602e79070f891799ab1f9e30b2eac3a3413a45530be5921bab07a6d0
https://sketchfab.com/3d-models/d5c91c4677194049a8e8315ce70d0477,/workspace/data/objaverse_xl/hf-objaverse-v1/glbs/000-136/d5c91c4677194049a8e8315ce70d0477.glb,sketchfab,glb,Creative Commons - Attribution,e597b51391e2fc43a1987c7998366abcb2c858233b6a7bb419418b8fc2cd7d88
https://sketchfab.com/3d-models/eb24c187ac8745a1acbbad203ade59fd,/workspace/data/objaverse_xl/hf-objaverse-v1/glbs/000-095/eb24c187ac8745a1acbbad203ade59fd.glb,sketchfab,glb,Creative Commons - Attribution,4d0e4d72440841464ad0a80012a278f9e5b39c1a68c0d4f42fadb3f675286400
https://sketchfab.com/3d-models/e78b17495d5746f28d5129c450d6e7dc,/workspace/data/objaverse_xl/hf-objaverse-v1/glbs/000-046/e78b17495d5746f28d5129c450d6e7dc.glb,sketchfab,glb,Creative Commons - Attribution,8e27e28c74e2a1a2e7aafeb6f6748ec81e49cfe8d5960f7592e0f9f7382ece95
https://sketchfab.com/3d-models/7688dcf5b87041a3bea09b0aead0f50e,/workspace/data/objaverse_xl/hf-objaverse-v1/glbs/000-125/7688dcf5b87041a3bea09b0aead0f50e.glb,sketchfab,glb,Creative Commons - Attribution,db9ea2b418d8a5fcfeea43014dffd57d915cd26e194cb83ad0f3edd8dc853816
https://sketchfab.com/3d-models/a227310db0034a4395a92d38ad05fa01,/workspace/data/objaverse_xl/hf-objaverse-v1/glbs/000-125/a227310db0034a4395a92d38ad05fa01.glb,sketchfab,glb,Creative Commons - Attribution,c357bfe74009efc19080271c9b9c176897b573bf4f0b938054016a34e3ea1cf3
https://sketchfab.com/3d-models/b720e2430d2848ff95fa8b469f048c8b,/workspace/data/objaverse_xl/hf-objaverse-v1/glbs/000-006/b720e2430d2848ff95fa8b469f048c8b.glb,sketchfab,glb,Creative Commons - Attribution,e14d3b477efedb077210d35c8901b11b3a237d6e97ca6ada267bf2b7a2df8e73
https://sketchfab.com/3d-models/a8fb7dc4534d4386a282562d80dce36d,/workspace/data/objaverse_xl/hf-objaverse-v1/glbs/000-126/a8fb7dc4534d4386a282562d80dce36d.glb,sketchfab,glb,Creative Commons - Attribution,9aa0fc4a7c98e88525fa91992cf72c5c5117f684ad6576823fa36856b663d90e
https://sketchfab.com/3d-models/348f10a1b99947d09343201d0215f0c0,/workspace/data/objaverse_xl/hf-objaverse-v1/glbs/000-040/348f10a1b99947d09343201d0215f0c0.glb,sketchfab,glb,Creative Commons - Attribution,fd8911ec76a0538e1401667c2a8a4d4f7972e56aa76e4d49e024e05b0847932c
https://sketchfab.com/3d-models/bcb5d1480dfe4e32ac2ee5d92e4c48fc,/workspace/data/objaverse_xl/hf-objaverse-v1/glbs/000-058/bcb5d1480dfe4e32ac2ee5d92e4c48fc.glb,sketchfab,glb,Creative Commons - Attribution,922211496e1ba7a96376db2a2020773bf328d9cd2be64c0f118777dd0ab8149f
https://sketchfab.com/3d-models/4c95edb5ce4343bb861f6deb1668f848,/workspace/data/objaverse_xl/hf-objaverse-v1/glbs/000-153/4c95edb5ce4343bb861f6deb1668f848.glb,sketchfab,glb,Creative Commons - Attribution,df4e32d67498b3e73df9701f80ea761d6a35f0ecd9919502800e72b7a305673a
https://sketchfab.com/3d-models/c7fda384a230493fbbb47f263dfa8e38,/workspace/data/objaverse_xl/hf-objaverse-v1/glbs/000-033/c7fda384a230493fbbb47f263dfa8e38.glb,sketchfab,glb,Creative Commons - Attribution,240cae48185fe13c51116ca26b2e52cdfa74ddbc07326402161e71889b2dcca4
https://sketchfab.com/3d-models/e14ed0f52dfe4b3e9bffe83694852eef,/workspace/data/objaverse_xl/hf-objaverse-v1/glbs/000-083/e14ed0f52dfe4b3e9bffe83694852eef.glb,sketchfab,glb,Creative Commons - Attribution,41d0d6aa9a185570a1e568d13d2d6912b0eb85fd0c5b4c02d6972992948922e0
https://sketchfab.com/3d-models/275ffb432a6c4691a312837c850e608d,/workspace/data/objaverse_xl/hf-objaverse-v1/glbs/000-136/275ffb432a6c4691a312837c850e608d.glb,sketchfab,glb,Creative Commons - Attribution,2be92d999e0f50df02983f34d8118b5c37c029ecdf83482ae8f0f1b88c82421a
https://sketchfab.com/3d-models/87713b76ca6a4f1d9e7bc9460cb9040c,/workspace/data/objaverse_xl/hf-objaverse-v1/glbs/000-105/87713b76ca6a4f1d9e7bc9460cb9040c.glb,sketchfab,glb,Creative Commons - Attribution,477e259c614f61bb43bada1cf91fc2360f9e99ee433179049f6d74b8ad84b01e
https://sketchfab.com/3d-models/9be498a5c847457f88c9bd8491777dd3,/workspace/data/objaverse_xl/hf-objaverse-v1/glbs/000-069/9be498a5c847457f88c9bd8491777dd3.glb,sketchfab,glb,Creative Commons - Attribution,022a9c4894778c0b9daa855f257feb7cad16229caefa4e2cfb444dc9f4ac029e
https://sketchfab.com/3d-models/dccc3d1bb2324a57aa21153e9bb9f12c,/workspace/data/objaverse_xl/hf-objaverse-v1/glbs/000-091/dccc3d1bb2324a57aa21153e9bb9f12c.glb,sketchfab,glb,Creative Commons - Attribution,26dbc9d0130899c729c2908103b535d41b8e0d4b63becc8d3d3411ef35737760
https://sketchfab.com/3d-models/7810657a1de24120ad9bb29706d64729,/workspace/data/objaverse_xl/hf-objaverse-v1/glbs/000-125/7810657a1de24120ad9bb29706d64729.glb,sketchfab,glb,Creative Commons - Attribution,6e63916ea1ff074f914ec5addf368b218fc2f4a2616b582bf1fe92edf50ddea1
https://sketchfab.com/3d-models/875c22f2a13d4c5c986c1d94d714de5f,/workspace/data/objaverse_xl/hf-objaverse-v1/glbs/000-045/875c22f2a13d4c5c986c1d94d714de5f.glb,sketchfab,glb,Creative Commons - Attribution,f58b514dba094545ab8dd366eac2165546a0cfa58ef152187b3451d6d0084b59
